# Blender v2.92.0 OBJ File: 'pistol.blend'
# www.blender.org
mtllib pistol_complete.mtl
o body_Cube.001
v 0.227572 -0.253701 -0.074627
v 0.227572 -0.253701 0.074627
v 0.445348 -0.253701 -0.074627
v 0.445348 -0.253701 0.074627
v 0.227572 -0.271351 -0.074627
v 0.227572 -0.271351 0.074627
v 0.445348 -0.271351 -0.074627
v 0.445348 -0.271351 0.074627
v 0.240416 -0.271351 -0.065825
v 0.240416 -0.271351 0.065825
v 0.432504 -0.271351 -0.065825
v 0.432504 -0.271351 0.065825
v 0.240416 -0.279682 -0.065825
v 0.240416 -0.279682 0.065825
v 0.432504 -0.279682 -0.065825
v 0.432504 -0.279682 0.065825
v 0.263592 -0.221914 0.062294
v 0.261086 -0.238073 0.062601
v 0.192574 0.221914 0.062294
v 0.184211 0.237674 0.058163
v 0.263592 -0.221914 -0.062294
v 0.261086 -0.238073 -0.062601
v 0.192574 0.221914 -0.062294
v 0.184211 0.237674 -0.058163
v 0.433695 -0.221914 0.062294
v 0.362677 0.221914 0.062294
v 0.433695 -0.221914 -0.062294
v 0.362677 0.221914 -0.062294
v 0.228083 0.000000 0.062294
v 0.217474 -0.000200 0.060382
v 0.228083 0.000000 -0.062294
v 0.217474 -0.000200 -0.060382
v 0.398186 0.000000 -0.062294
v 0.398186 0.000000 0.062294
v 0.241867 -0.119137 0.061492
v 0.245837 -0.110957 -0.062294
v 0.415940 -0.110957 0.062294
v 0.245837 -0.110957 0.062294
v 0.241867 -0.119137 -0.061492
v 0.415940 -0.110957 -0.062294
v 0.246302 -0.178605 0.062047
v 0.254715 -0.166436 -0.062294
v 0.424818 -0.166436 0.062294
v 0.254715 -0.166436 0.062294
v 0.246302 -0.178605 -0.062047
v 0.424818 -0.166436 -0.062294
v 0.236960 -0.055479 0.062294
v 0.232258 -0.059668 -0.060937
v 0.407063 -0.055479 -0.062294
v 0.232258 -0.059668 0.060937
v 0.236960 -0.055479 -0.062294
v 0.407063 -0.055479 0.062294
v 0.210328 0.110957 0.062294
v 0.203430 0.118737 -0.059273
v 0.380432 0.110957 -0.062294
v 0.203430 0.118737 0.059273
v 0.210328 0.110957 -0.062294
v 0.380432 0.110957 0.062294
v 0.213039 0.059268 0.059828
v 0.219206 0.055479 -0.062294
v 0.389309 0.055479 0.062294
v 0.219206 0.055479 0.062294
v 0.213039 0.059268 -0.059828
v 0.389309 0.055479 -0.062294
v 0.201451 0.166436 0.062294
v 0.193821 0.178205 -0.058718
v 0.371554 0.166436 -0.062294
v 0.193821 0.178205 0.058718
v 0.201451 0.166436 -0.062294
v 0.371554 0.166436 0.062294
v 0.214767 0.083218 0.062294
v 0.208235 0.089003 -0.059550
v 0.384870 0.083218 -0.062294
v 0.208235 0.089003 0.059550
v 0.214767 0.083218 -0.062294
v 0.384870 0.083218 0.062294
v 0.084822 0.065080 0.059550
v 0.068343 0.039868 0.059828
v 0.068343 0.039868 -0.059828
v 0.084822 0.065080 -0.059550
v 0.232522 -0.027739 0.062294
v 0.227453 -0.029934 -0.060660
v 0.402625 -0.027739 -0.062294
v 0.227453 -0.029934 0.060660
v 0.232522 -0.027739 -0.062294
v 0.402625 -0.027739 0.062294
v 0.217844 0.029534 0.060105
v 0.223644 0.027739 -0.062294
v 0.393747 0.027739 0.062294
v 0.223644 0.027739 0.062294
v 0.217844 0.029534 -0.060105
v 0.393747 0.027739 -0.062294
v 0.231888 -0.089402 0.061214
v 0.241399 -0.083218 -0.062294
v 0.411502 -0.083218 0.062294
v 0.241399 -0.083218 0.062294
v 0.231888 -0.089402 -0.061214
v 0.411502 -0.083218 -0.062294
v 0.250276 -0.138696 0.062294
v 0.246672 -0.148871 -0.061769
v 0.420379 -0.138696 -0.062294
v 0.246672 -0.148871 0.061769
v 0.250276 -0.138696 -0.062294
v 0.420379 -0.138696 0.062294
v 0.256281 -0.208339 0.062324
v 0.259153 -0.194175 -0.062294
v 0.429256 -0.194175 0.062294
v 0.259153 -0.194175 0.062294
v 0.256281 -0.208339 -0.062324
v 0.429256 -0.194175 -0.062294
v 0.017393 0.106099 0.059550
v -0.010342 0.094353 0.059828
v -0.010342 0.094353 -0.059828
v 0.017393 0.106099 -0.059550
v -0.015232 0.179514 0.059550
v -0.045333 0.180590 0.059828
v -0.045333 0.180590 -0.059828
v -0.015232 0.179514 -0.059550
v -0.015232 0.237174 0.059550
v -0.045333 0.238250 0.059828
v -0.045333 0.238250 -0.059828
v -0.015232 0.237174 -0.059550
v 0.442368 -0.238273 0.060934
v 0.443086 -0.242979 0.062660
v 0.366666 0.233499 0.056984
v 0.364579 0.236174 0.058556
v 0.442368 -0.238273 -0.060934
v 0.443802 -0.246170 -0.062315
v 0.366666 0.233499 -0.056984
v 0.364579 0.236174 -0.058556
v 0.403847 0.001788 -0.058924
v 0.405187 -0.006561 -0.058994
v 0.402897 -0.001776 -0.060716
v 0.405187 -0.006561 0.058994
v 0.403847 0.001788 0.058924
v 0.402897 -0.001776 0.060716
v 0.423107 -0.118243 -0.059929
v 0.424447 -0.126592 -0.059999
v 0.421628 -0.119274 -0.061484
v 0.424447 -0.126592 0.059999
v 0.423107 -0.118243 0.059929
v 0.421628 -0.119274 0.061484
v 0.432738 -0.178258 -0.060432
v 0.434077 -0.186607 -0.060502
v 0.431001 -0.177951 -0.061853
v 0.434077 -0.186607 0.060502
v 0.432738 -0.178258 0.060432
v 0.431001 -0.177951 0.061853
v 0.414817 -0.066577 0.059497
v 0.413477 -0.058227 0.059427
v 0.412263 -0.060561 0.061106
v 0.413477 -0.058227 -0.059427
v 0.414817 -0.066577 -0.059497
v 0.412263 -0.060561 -0.061106
v 0.385926 0.113469 0.057989
v 0.384587 0.121818 0.057919
v 0.384133 0.116086 0.059896
v 0.384587 0.121818 -0.057919
v 0.385926 0.113469 -0.057989
v 0.384133 0.116086 -0.059896
v 0.394217 0.061803 -0.058422
v 0.395557 0.053454 -0.058492
v 0.393522 0.057102 -0.060313
v 0.395557 0.053454 0.058492
v 0.394217 0.061803 0.058422
v 0.393522 0.057102 0.060313
v 0.374957 0.181833 0.057417
v 0.374726 0.175177 0.059468
v 0.376296 0.173484 0.057487
v 0.376296 0.173484 -0.057487
v 0.374726 0.175177 -0.059468
v 0.374957 0.181833 -0.057417
v 0.389402 0.091810 0.058170
v 0.388829 0.086581 0.060106
v 0.390742 0.083461 0.058240
v 0.390742 0.083461 -0.058240
v 0.388829 0.086581 -0.060106
v 0.389402 0.091810 -0.058170
v 0.408662 -0.028220 0.059176
v 0.407581 -0.031179 0.060913
v 0.410002 -0.036569 0.059245
v 0.410002 -0.036569 -0.059245
v 0.407581 -0.031179 -0.060913
v 0.408662 -0.028220 -0.059176
v 0.398211 0.027650 -0.060516
v 0.399032 0.031795 -0.058673
v 0.400372 0.023446 -0.058743
v 0.398211 0.027650 0.060516
v 0.400372 0.023446 0.058743
v 0.399032 0.031795 0.058673
v 0.416945 -0.089924 -0.061297
v 0.418292 -0.088235 -0.059678
v 0.419632 -0.096584 -0.059748
v 0.416945 -0.089925 0.061297
v 0.419632 -0.096584 0.059748
v 0.418292 -0.088235 0.059678
v 0.427923 -0.148250 0.060181
v 0.426313 -0.148615 0.061670
v 0.429262 -0.156599 0.060250
v 0.429262 -0.156599 -0.060250
v 0.426313 -0.148615 -0.061670
v 0.427923 -0.148250 -0.060181
v 0.435694 -0.207290 -0.062034
v 0.437553 -0.208265 -0.060683
v 0.438892 -0.216614 -0.060753
v 0.435694 -0.207290 0.062034
v 0.438892 -0.216614 0.060753
v 0.437553 -0.208265 0.060683
v 0.400138 -0.001776 -0.060716
v 0.401088 0.001788 -0.058924
v 0.402428 -0.006561 -0.058994
v 0.400138 -0.001776 0.060716
v 0.402428 -0.006561 0.058994
v 0.401088 0.001788 0.058924
v 0.418869 -0.119274 -0.061484
v 0.420349 -0.118243 -0.059929
v 0.421688 -0.126592 -0.059999
v 0.418869 -0.119274 0.061484
v 0.421688 -0.126592 0.059999
v 0.420349 -0.118243 0.059929
v 0.428242 -0.177951 -0.061853
v 0.429979 -0.178258 -0.060432
v 0.431319 -0.186607 -0.060502
v 0.428242 -0.177951 0.061853
v 0.431319 -0.186607 0.060502
v 0.429979 -0.178258 0.060432
v 0.409504 -0.060561 0.061106
v 0.412058 -0.066577 0.059497
v 0.410718 -0.058227 0.059427
v 0.409504 -0.060561 -0.061106
v 0.410718 -0.058227 -0.059427
v 0.412058 -0.066577 -0.059497
v 0.381374 0.116086 0.059896
v 0.383168 0.113469 0.057989
v 0.381828 0.121818 0.057919
v 0.381374 0.116086 -0.059896
v 0.381828 0.121818 -0.057919
v 0.383168 0.113469 -0.057989
v 0.390763 0.057102 -0.060313
v 0.391458 0.061803 -0.058422
v 0.392798 0.053454 -0.058492
v 0.390763 0.057102 0.060313
v 0.392798 0.053454 0.058492
v 0.391458 0.061803 0.058422
v 0.373537 0.173484 0.057487
v 0.372198 0.181833 0.057417
v 0.371967 0.175177 0.059468
v 0.372198 0.181833 -0.057417
v 0.373537 0.173484 -0.057487
v 0.371967 0.175177 -0.059468
v 0.387983 0.083461 0.058240
v 0.386643 0.091810 0.058170
v 0.386071 0.086581 0.060106
v 0.386643 0.091810 -0.058170
v 0.387983 0.083461 -0.058240
v 0.386071 0.086581 -0.060106
v 0.407243 -0.036569 0.059245
v 0.405903 -0.028220 0.059176
v 0.404822 -0.031179 0.060913
v 0.405903 -0.028220 -0.059176
v 0.407243 -0.036569 -0.059245
v 0.404822 -0.031179 -0.060913
v 0.397613 0.023446 -0.058743
v 0.395452 0.027650 -0.060516
v 0.396273 0.031795 -0.058673
v 0.396273 0.031795 0.058673
v 0.395452 0.027650 0.060516
v 0.397613 0.023446 0.058743
v 0.416873 -0.096584 -0.059748
v 0.414186 -0.089924 -0.061297
v 0.415534 -0.088235 -0.059678
v 0.415534 -0.088235 0.059678
v 0.414186 -0.089925 0.061297
v 0.416873 -0.096584 0.059748
v 0.426503 -0.156599 0.060250
v 0.425164 -0.148250 0.060181
v 0.423554 -0.148615 0.061670
v 0.425164 -0.148250 -0.060181
v 0.426503 -0.156599 -0.060250
v 0.423554 -0.148615 -0.061670
v 0.436134 -0.216614 -0.060753
v 0.432936 -0.207290 -0.062034
v 0.434794 -0.208265 -0.060683
v 0.434794 -0.208265 0.060683
v 0.432936 -0.207290 0.062034
v 0.436134 -0.216614 0.060753
v 0.439609 -0.238273 -0.060934
v 0.441043 -0.246170 -0.062315
v 0.363907 0.233499 0.056984
v 0.361820 0.236174 0.058556
v 0.363907 0.233499 -0.056984
v 0.361820 0.236174 -0.058556
v 0.439609 -0.238273 0.060934
v 0.440328 -0.242979 0.062660
v 0.149639 0.279844 0.087340
v 0.149639 0.279844 -0.087340
v 0.416878 0.352150 0.087819
v 0.421107 0.352262 0.084604
v 0.383500 0.256884 0.073243
v 0.166925 0.258759 0.072752
v 0.166925 0.258759 -0.072752
v 0.383500 0.256884 -0.073243
v 0.150880 0.429181 0.087340
v 0.150880 0.429181 -0.087340
v 0.150260 0.354513 -0.087340
v 0.150260 0.354513 0.087340
v 0.420592 0.290281 -0.084604
v 0.416272 0.277335 -0.087717
v 0.420592 0.290281 0.084604
v 0.416272 0.277335 0.087717
v 0.421622 0.414242 -0.084604
v 0.417484 0.426966 -0.087921
v 0.421622 0.414242 0.084604
v 0.417484 0.426966 0.087921
v 0.421107 0.352262 -0.084604
v 0.416878 0.352150 -0.087819
v 0.416575 0.314743 -0.087768
v 0.420850 0.321271 0.084604
v 0.149949 0.317178 0.087340
v 0.149949 0.317178 -0.087340
v 0.416575 0.314743 0.087768
v 0.420850 0.321271 -0.084604
v 0.421365 0.383252 -0.084604
v 0.150570 0.391847 0.087340
v 0.150570 0.391847 -0.087340
v 0.417181 0.389558 0.087870
v 0.421365 0.383252 0.084604
v 0.417181 0.389558 -0.087870
v 0.149794 0.298511 0.087340
v 0.149794 0.298511 -0.087340
v 0.416424 0.296039 0.087742
v 0.417259 0.305776 -0.084604
v 0.416424 0.296039 -0.087742
v 0.417259 0.305776 0.084604
v 0.416727 0.333446 -0.087793
v 0.417516 0.336766 0.084604
v 0.150105 0.335845 0.087340
v 0.150105 0.335845 -0.087340
v 0.416727 0.333446 0.087793
v 0.417516 0.336766 -0.084604
v 0.417774 0.367757 -0.084604
v 0.150415 0.373180 0.087340
v 0.150415 0.373180 -0.087340
v 0.417030 0.370854 0.087844
v 0.417774 0.367757 0.084604
v 0.417030 0.370854 -0.087844
v 0.418031 0.398747 0.084604
v 0.417333 0.408262 -0.087895
v 0.418031 0.398747 -0.084604
v 0.150725 0.410514 0.087340
v 0.150725 0.410514 -0.087340
v 0.417333 0.408262 0.087895
v -0.503777 0.285274 0.087340
v -0.503777 0.285274 -0.087340
v -0.503156 0.359943 0.087340
v -0.503156 0.359943 -0.087340
v -0.502536 0.434612 0.087340
v -0.502536 0.434612 -0.087340
v -0.503001 0.378610 0.087340
v -0.503001 0.378610 -0.087340
v -0.503622 0.303941 0.087340
v -0.503622 0.303941 -0.087340
v -0.503311 0.341276 0.071777
v -0.503466 0.322609 0.071777
v -0.503311 0.341276 -0.072057
v -0.503466 0.322609 -0.072057
v -0.502691 0.415945 0.087340
v -0.502846 0.397277 0.087340
v -0.502691 0.415945 -0.087340
v -0.502846 0.397277 -0.087340
v 0.100523 0.245953 0.087340
v 0.100523 0.245953 -0.087340
v -0.552893 0.251383 0.087340
v -0.552893 0.251383 -0.087340
v 0.227572 -0.253701 -0.000013
v 0.445348 -0.253701 -0.000013
v 0.227572 -0.271351 -0.000013
v 0.445348 -0.271351 -0.000013
v 0.240416 -0.271351 -0.000012
v 0.432504 -0.271351 -0.000012
v 0.240416 -0.279682 -0.000012
v 0.432504 -0.279682 -0.000012
v 0.261086 -0.238073 -0.000011
v 0.184211 0.237674 -0.000010
v 0.217474 -0.000200 -0.000011
v 0.241867 -0.119137 -0.000011
v 0.246302 -0.178605 -0.000011
v 0.232258 -0.059668 -0.000011
v 0.203430 0.118737 -0.000011
v 0.213039 0.059268 -0.000011
v 0.193821 0.178205 -0.000010
v 0.208235 0.089003 -0.000011
v 0.068343 0.039868 -0.000011
v 0.084822 0.065080 -0.000011
v 0.227453 -0.029934 -0.000011
v 0.217844 0.029534 -0.000011
v 0.231888 -0.089402 -0.000011
v 0.246672 -0.148871 -0.000011
v 0.256281 -0.208339 -0.000011
v -0.010342 0.094353 -0.000011
v 0.017393 0.106099 -0.000011
v -0.045333 0.180590 -0.000011
v -0.015232 0.179514 -0.000011
v -0.045333 0.238250 -0.000011
v -0.015232 0.237174 -0.000011
v 0.366666 0.233499 -0.000010
v 0.364579 0.236174 -0.000010
v 0.442368 -0.238273 -0.000011
v 0.443444 -0.244575 0.000162
v 0.403847 0.001788 -0.000010
v 0.405187 -0.006561 -0.000010
v 0.423107 -0.118243 -0.000011
v 0.424447 -0.126592 -0.000011
v 0.432738 -0.178258 -0.000011
v 0.434077 -0.186607 -0.000011
v 0.413477 -0.058227 -0.000011
v 0.414817 -0.066577 -0.000011
v 0.384587 0.121818 -0.000010
v 0.385926 0.113469 -0.000010
v 0.394217 0.061803 -0.000010
v 0.395557 0.053454 -0.000010
v 0.374957 0.181833 -0.000010
v 0.376296 0.173484 -0.000010
v 0.389402 0.091810 -0.000010
v 0.390742 0.083461 -0.000010
v 0.408662 -0.028220 -0.000011
v 0.410002 -0.036569 -0.000011
v 0.399032 0.031795 -0.000010
v 0.400372 0.023446 -0.000010
v 0.418292 -0.088235 -0.000011
v 0.419632 -0.096584 -0.000011
v 0.427923 -0.148250 -0.000011
v 0.429262 -0.156599 -0.000011
v 0.437553 -0.208265 -0.000011
v 0.438892 -0.216614 -0.000011
v 0.363907 0.233499 -0.000010
v 0.361820 0.236174 -0.000010
v 0.439609 -0.238273 -0.000011
v 0.440685 -0.244575 0.000162
v 0.401088 0.001788 -0.000010
v 0.402428 -0.006561 -0.000010
v 0.420349 -0.118243 -0.000011
v 0.421688 -0.126592 -0.000011
v 0.429979 -0.178258 -0.000011
v 0.431319 -0.186607 -0.000011
v 0.410718 -0.058227 -0.000011
v 0.412058 -0.066577 -0.000011
v 0.381828 0.121818 -0.000010
v 0.383168 0.113469 -0.000010
v 0.391458 0.061803 -0.000010
v 0.392798 0.053454 -0.000010
v 0.372198 0.181833 -0.000010
v 0.373537 0.173484 -0.000010
v 0.386643 0.091810 -0.000010
v 0.387983 0.083461 -0.000010
v 0.405903 -0.028220 -0.000011
v 0.407243 -0.036569 -0.000011
v 0.396273 0.031795 -0.000010
v 0.397613 0.023446 -0.000010
v 0.415534 -0.088235 -0.000011
v 0.416873 -0.096584 -0.000011
v 0.425164 -0.148250 -0.000011
v 0.426503 -0.156599 -0.000011
v 0.434794 -0.208265 -0.000011
v 0.436134 -0.216614 -0.000011
v 0.149639 0.279844 -0.000016
v 0.383500 0.256884 -0.000013
v 0.166925 0.258759 -0.000013
v 0.150880 0.429181 -0.000016
v 0.421107 0.352262 -0.000015
v 0.420592 0.290281 -0.000015
v 0.416272 0.277335 -0.000016
v 0.417484 0.426966 -0.000016
v 0.421622 0.414242 -0.000015
v 0.420850 0.321271 -0.000015
v 0.421365 0.383252 -0.000015
v 0.417259 0.305776 -0.000015
v 0.417516 0.336766 -0.000015
v 0.417774 0.367757 -0.000015
v 0.418031 0.398747 -0.000015
v -0.503777 0.285274 -0.000016
v 0.445348 -0.253701 -0.055974
v -0.502536 0.434612 -0.000016
v -0.496814 0.322609 -0.000016
v -0.496193 0.397277 -0.000016
v -0.503622 0.303941 -0.000016
v -0.496659 0.341276 -0.000016
v -0.496349 0.378610 -0.000016
v -0.502691 0.415945 -0.000016
v 0.100523 0.245953 -0.000016
v -0.552893 0.251383 -0.000016
v 0.445348 -0.253701 -0.037320
v 0.445348 -0.271351 -0.037320
v 0.432504 -0.271351 -0.032918
v 0.432504 -0.279682 -0.032918
v 0.261086 -0.238073 -0.031306
v 0.184211 0.237674 -0.029087
v 0.217474 -0.000200 -0.030197
v 0.241867 -0.119137 -0.030751
v 0.246302 -0.178605 -0.031029
v 0.232258 -0.059668 -0.030474
v 0.203430 0.118737 -0.029642
v 0.213039 0.059268 -0.029919
v 0.193821 0.178205 -0.029364
v 0.208235 0.089003 -0.029780
v 0.068343 0.039868 -0.029919
v 0.084822 0.065080 -0.029780
v 0.227453 -0.029934 -0.030335
v 0.217844 0.029534 -0.030058
v 0.231888 -0.089402 -0.030613
v 0.246672 -0.148871 -0.030890
v 0.256281 -0.208339 -0.031168
v -0.010342 0.094353 -0.029919
v 0.017393 0.106099 -0.029780
v -0.045333 0.180590 -0.029919
v -0.015232 0.179514 -0.029780
v -0.045333 0.238250 -0.029919
v -0.015232 0.237174 -0.029780
v 0.366666 0.233499 -0.028497
v 0.443623 -0.245372 -0.031077
v 0.405187 -0.006561 -0.029502
v 0.424447 -0.126592 -0.030005
v 0.434077 -0.186607 -0.030256
v 0.414817 -0.066577 -0.029754
v 0.385926 0.113469 -0.029000
v 0.395557 0.053454 -0.029251
v 0.376296 0.173484 -0.028748
v 0.390742 0.083461 -0.029125
v 0.410002 -0.036569 -0.029628
v 0.400372 0.023446 -0.029377
v 0.419632 -0.096584 -0.029879
v 0.429262 -0.156599 -0.030131
v 0.438892 -0.216614 -0.030382
v 0.363907 0.233499 -0.028497
v 0.440864 -0.245372 -0.031077
v 0.402428 -0.006561 -0.029502
v 0.421688 -0.126592 -0.030005
v 0.431319 -0.186607 -0.030256
v 0.412058 -0.066577 -0.029754
v 0.383168 0.113469 -0.029000
v 0.392798 0.053454 -0.029251
v 0.373537 0.173484 -0.028748
v 0.387983 0.083461 -0.029125
v 0.407243 -0.036569 -0.029628
v 0.397613 0.023446 -0.029377
v 0.416873 -0.096584 -0.029879
v 0.426503 -0.156599 -0.030131
v 0.436134 -0.216614 -0.030382
v 0.149639 0.279844 -0.043678
v 0.166925 0.258759 -0.036382
v 0.150880 0.447071 -0.043678
v 0.416272 0.277335 -0.043866
v 0.421622 0.414242 -0.042309
v -0.503777 0.285274 -0.043678
v -0.496504 0.359943 -0.043678
v -0.502536 0.434612 -0.043678
v -0.496814 0.322609 -0.043678
v -0.496193 0.397277 -0.043678
v -0.503622 0.303941 -0.043678
v -0.496659 0.341276 -0.043678
v -0.496349 0.378610 -0.043678
v -0.502691 0.415945 -0.043678
v 0.100523 0.245953 -0.043678
v -0.552893 0.251383 -0.043678
v 0.227572 -0.253701 -0.037320
v 0.227572 -0.271351 -0.037320
v 0.240416 -0.271351 -0.032918
v 0.240416 -0.279682 -0.032918
v 0.364579 0.236174 -0.029283
v 0.442368 -0.238273 -0.030473
v 0.403847 0.001788 -0.029467
v 0.423107 -0.118243 -0.029970
v 0.432738 -0.178258 -0.030221
v 0.413477 -0.058227 -0.029719
v 0.384587 0.121818 -0.028965
v 0.394217 0.061803 -0.029216
v 0.374957 0.181833 -0.028713
v 0.389402 0.091810 -0.029090
v 0.408662 -0.028220 -0.029593
v 0.399032 0.031795 -0.029342
v 0.418292 -0.088235 -0.029844
v 0.427923 -0.148250 -0.030096
v 0.437553 -0.208265 -0.030347
v 0.361820 0.236174 -0.029283
v 0.439609 -0.238273 -0.030473
v 0.401088 0.001788 -0.029467
v 0.420349 -0.118243 -0.029970
v 0.429979 -0.178258 -0.030221
v 0.410718 -0.058227 -0.029719
v 0.381828 0.121818 -0.028965
v 0.391458 0.061803 -0.029216
v 0.372198 0.181833 -0.028713
v 0.386643 0.091810 -0.029090
v 0.405903 -0.028220 -0.029593
v 0.396273 0.031795 -0.029342
v 0.415534 -0.088235 -0.029844
v 0.425164 -0.148250 -0.030096
v 0.434794 -0.208265 -0.030347
v 0.383500 0.256884 -0.036628
v 0.421107 0.352262 -0.042309
v 0.420592 0.290281 -0.042309
v 0.417484 0.444856 -0.043968
v 0.420850 0.321271 -0.042309
v 0.421365 0.383252 -0.042309
v 0.417259 0.305776 -0.042309
v 0.417516 0.336766 -0.042309
v 0.417774 0.367757 -0.042309
v 0.418031 0.398747 -0.042309
v 0.227572 -0.253701 0.037307
v 0.227572 -0.271351 0.037307
v 0.240416 -0.271351 0.032906
v 0.240416 -0.279682 0.032906
v 0.364579 0.236174 0.029273
v 0.442368 -0.238273 0.030462
v 0.403847 0.001788 0.029457
v 0.423107 -0.118243 0.029959
v 0.432738 -0.178258 0.030211
v 0.413477 -0.058227 0.029708
v 0.384587 0.121818 0.028954
v 0.394217 0.061803 0.029206
v 0.374957 0.181833 0.028703
v 0.389402 0.091810 0.029080
v 0.408662 -0.028220 0.029582
v 0.399032 0.031795 0.029331
v 0.418292 -0.088235 0.029834
v 0.427923 -0.148250 0.030085
v 0.437553 -0.208265 0.030336
v 0.361820 0.236174 0.029273
v 0.439609 -0.238273 0.030462
v 0.401088 0.001788 0.029457
v 0.420349 -0.118243 0.029959
v 0.429979 -0.178258 0.030211
v 0.410718 -0.058227 0.029708
v 0.381828 0.121818 0.028954
v 0.391458 0.061803 0.029206
v 0.372198 0.181833 0.028703
v 0.386643 0.091810 0.029080
v 0.405903 -0.028220 0.029582
v 0.396273 0.031795 0.029331
v 0.415534 -0.088235 0.029834
v 0.425164 -0.148250 0.030085
v 0.434794 -0.208265 0.030336
v 0.383500 0.256884 0.036615
v 0.421107 0.352262 0.042294
v 0.420592 0.290281 0.042294
v 0.417484 0.444856 0.043953
v 0.420850 0.321271 0.042294
v 0.421365 0.383252 0.042294
v 0.417259 0.305776 0.042294
v 0.417516 0.336766 0.042294
v 0.417774 0.367757 0.042294
v 0.418031 0.398747 0.042294
v 0.445348 -0.253701 0.037307
v 0.445348 -0.271351 0.037307
v 0.432504 -0.271351 0.032906
v 0.432504 -0.279682 0.032906
v 0.261086 -0.238073 0.031295
v 0.184211 0.237674 0.029076
v 0.217474 -0.000200 0.030186
v 0.241867 -0.119137 0.030740
v 0.246302 -0.178605 0.031018
v 0.232258 -0.059668 0.030463
v 0.203430 0.118737 0.029631
v 0.213039 0.059268 0.029908
v 0.193821 0.178205 0.029354
v 0.208235 0.089003 0.029770
v 0.068343 0.039868 0.029908
v 0.084822 0.065080 0.029770
v 0.227453 -0.029934 0.030324
v 0.217844 0.029534 0.030047
v 0.231888 -0.089402 0.030602
v 0.246672 -0.148871 0.030879
v 0.256281 -0.208339 0.031156
v -0.010342 0.094353 0.029908
v 0.017393 0.106099 0.029770
v -0.045333 0.180590 0.029908
v -0.015232 0.179514 0.029770
v -0.045333 0.238250 0.029908
v -0.015232 0.237174 0.029770
v 0.366666 0.233499 0.028487
v 0.443265 -0.243777 0.031411
v 0.405187 -0.006561 0.029492
v 0.424447 -0.126592 0.029994
v 0.434077 -0.186607 0.030245
v 0.414817 -0.066577 0.029743
v 0.385926 0.113469 0.028989
v 0.395557 0.053454 0.029241
v 0.376296 0.173484 0.028738
v 0.390742 0.083461 0.029115
v 0.410002 -0.036569 0.029617
v 0.400372 0.023446 0.029366
v 0.419632 -0.096584 0.029869
v 0.429262 -0.156599 0.030120
v 0.438892 -0.216614 0.030371
v 0.363907 0.233499 0.028487
v 0.440507 -0.243777 0.031411
v 0.402428 -0.006561 0.029492
v 0.421688 -0.126592 0.029994
v 0.431319 -0.186607 0.030245
v 0.412058 -0.066577 0.029743
v 0.383168 0.113469 0.028989
v 0.392798 0.053454 0.029241
v 0.373537 0.173484 0.028738
v 0.387983 0.083461 0.029115
v 0.407243 -0.036569 0.029617
v 0.397613 0.023446 0.029366
v 0.416873 -0.096584 0.029869
v 0.426503 -0.156599 0.030120
v 0.436134 -0.216614 0.030371
v 0.149639 0.279844 0.043662
v 0.166925 0.258759 0.036369
v 0.150880 0.447071 0.043662
v 0.416272 0.277335 0.043850
v 0.421622 0.414242 0.042294
v -0.503777 0.285274 0.043662
v -0.496504 0.359943 0.043662
v -0.502536 0.434612 0.043662
v -0.496814 0.322609 0.043662
v -0.496193 0.397277 0.043662
v -0.503622 0.303941 0.043662
v -0.496659 0.341276 0.043662
v -0.496349 0.378610 0.043662
v -0.502691 0.415945 0.043662
v 0.100523 0.245953 0.043662
v -0.552893 0.251383 0.043662
v 0.445348 -0.253701 0.018647
v 0.445348 -0.271351 0.018647
v 0.432504 -0.271351 0.016447
v 0.432504 -0.279682 0.016447
v 0.261086 -0.238073 0.015642
v 0.184211 0.237674 0.014533
v 0.217474 -0.000200 0.015088
v 0.241867 -0.119137 0.015365
v 0.246302 -0.178605 0.015503
v 0.232258 -0.059668 0.015226
v 0.203430 0.118737 0.014810
v 0.213039 0.059268 0.014949
v 0.193821 0.178205 0.014672
v 0.208235 0.089003 0.014880
v 0.068343 0.039868 0.014949
v 0.084822 0.065080 0.014880
v 0.227453 -0.029934 0.015157
v 0.217844 0.029534 0.015018
v 0.231888 -0.089402 0.015295
v 0.246672 -0.148871 0.015434
v 0.256281 -0.208339 0.015573
v -0.010342 0.094353 0.014949
v 0.017393 0.106099 0.014880
v -0.045333 0.180590 0.014949
v -0.015232 0.179514 0.014880
v -0.045333 0.238250 0.014949
v -0.015232 0.237174 0.014880
v 0.366666 0.233499 0.014238
v 0.443355 -0.244176 0.015786
v 0.405187 -0.006561 0.014741
v 0.424447 -0.126592 0.014992
v 0.434077 -0.186607 0.015117
v 0.414817 -0.066577 0.014866
v 0.385926 0.113469 0.014490
v 0.395557 0.053454 0.014615
v 0.376296 0.173484 0.014364
v 0.390742 0.083461 0.014552
v 0.410002 -0.036569 0.014803
v 0.400372 0.023446 0.014678
v 0.419632 -0.096584 0.014929
v 0.429262 -0.156599 0.015055
v 0.438892 -0.216614 0.015180
v 0.363907 0.233499 0.014238
v 0.440596 -0.244176 0.015786
v 0.402428 -0.006561 0.014741
v 0.421688 -0.126592 0.014992
v 0.431319 -0.186607 0.015117
v 0.412058 -0.066577 0.014866
v 0.383168 0.113469 0.014490
v 0.392798 0.053454 0.014615
v 0.373537 0.173484 0.014364
v 0.387983 0.083461 0.014552
v 0.407243 -0.036569 0.014803
v 0.397613 0.023446 0.014678
v 0.416873 -0.096584 0.014929
v 0.426503 -0.156599 0.015055
v 0.436134 -0.216614 0.015180
v 0.149639 0.279844 0.021823
v 0.166925 0.258759 0.018178
v 0.150880 0.429181 0.021823
v 0.416272 0.277335 0.021917
v 0.421622 0.414242 0.021140
v -0.503777 0.285274 0.021823
v -0.496504 0.359943 0.021823
v -0.502536 0.434612 0.021823
v -0.496814 0.322609 0.021823
v -0.496193 0.397277 0.021823
v -0.503622 0.303941 0.021823
v -0.496659 0.341276 0.021823
v -0.496349 0.378610 0.021823
v -0.502691 0.415945 0.021823
v 0.100523 0.245953 0.021823
v -0.552893 0.251383 0.021823
v 0.227572 -0.253701 0.018647
v 0.227572 -0.271351 0.018647
v 0.240416 -0.271351 0.016447
v 0.240416 -0.279682 0.016447
v 0.364579 0.236174 0.014631
v 0.442368 -0.238273 0.015225
v 0.403847 0.001788 0.014723
v 0.423107 -0.118243 0.014974
v 0.432738 -0.178258 0.015100
v 0.413477 -0.058227 0.014849
v 0.384587 0.121818 0.014472
v 0.394217 0.061803 0.014598
v 0.374957 0.181833 0.014347
v 0.389402 0.091810 0.014535
v 0.408662 -0.028220 0.014786
v 0.399032 0.031795 0.014660
v 0.418292 -0.088235 0.014912
v 0.427923 -0.148250 0.015037
v 0.437553 -0.208265 0.015163
v 0.361820 0.236174 0.014631
v 0.439609 -0.238273 0.015225
v 0.401088 0.001788 0.014723
v 0.420349 -0.118243 0.014974
v 0.429979 -0.178258 0.015100
v 0.410718 -0.058227 0.014849
v 0.381828 0.121818 0.014472
v 0.391458 0.061803 0.014598
v 0.372198 0.181833 0.014347
v 0.386643 0.091810 0.014535
v 0.405903 -0.028220 0.014786
v 0.396273 0.031795 0.014660
v 0.415534 -0.088235 0.014912
v 0.425164 -0.148250 0.015037
v 0.434794 -0.208265 0.015163
v 0.383500 0.256884 0.018301
v 0.421107 0.352262 0.021140
v 0.420592 0.290281 0.021140
v 0.417484 0.426966 0.021969
v 0.420850 0.321271 0.021140
v 0.421365 0.383252 0.021140
v 0.417259 0.305776 0.021140
v 0.417516 0.336766 0.021140
v 0.417774 0.367757 0.021140
v 0.418031 0.398747 0.021140
v 0.227572 -0.253701 -0.018667
v 0.227572 -0.271351 -0.018667
v 0.240416 -0.271351 -0.016465
v 0.240416 -0.279682 -0.016465
v 0.364579 0.236174 -0.014647
v 0.442368 -0.238273 -0.015242
v 0.403847 0.001788 -0.014739
v 0.423107 -0.118243 -0.014990
v 0.432738 -0.178258 -0.015116
v 0.413477 -0.058227 -0.014865
v 0.384587 0.121818 -0.014488
v 0.394217 0.061803 -0.014613
v 0.374957 0.181833 -0.014362
v 0.389402 0.091810 -0.014550
v 0.408662 -0.028220 -0.014802
v 0.399032 0.031795 -0.014676
v 0.418292 -0.088235 -0.014927
v 0.427923 -0.148250 -0.015053
v 0.437553 -0.208265 -0.015179
v 0.361820 0.236174 -0.014647
v 0.439609 -0.238273 -0.015242
v 0.401088 0.001788 -0.014739
v 0.420349 -0.118243 -0.014990
v 0.429979 -0.178258 -0.015116
v 0.410718 -0.058227 -0.014865
v 0.381828 0.121818 -0.014488
v 0.391458 0.061803 -0.014613
v 0.372198 0.181833 -0.014362
v 0.386643 0.091810 -0.014550
v 0.405903 -0.028220 -0.014802
v 0.396273 0.031795 -0.014676
v 0.415534 -0.088235 -0.014927
v 0.425164 -0.148250 -0.015053
v 0.434794 -0.208265 -0.015179
v 0.383500 0.256884 -0.018321
v 0.421107 0.352262 -0.021162
v 0.420592 0.290281 -0.021162
v 0.417484 0.426966 -0.021992
v 0.420850 0.321271 -0.021162
v 0.421365 0.383252 -0.021162
v 0.417259 0.305776 -0.021162
v 0.417516 0.336766 -0.021162
v 0.417774 0.367757 -0.021162
v 0.418031 0.398747 -0.021162
v 0.445348 -0.253701 -0.018667
v 0.445348 -0.271351 -0.018667
v 0.432504 -0.271351 -0.016465
v 0.432504 -0.279682 -0.016465
v 0.261086 -0.238073 -0.015659
v 0.184211 0.237674 -0.014549
v 0.217474 -0.000200 -0.015104
v 0.241867 -0.119137 -0.015381
v 0.246302 -0.178605 -0.015520
v 0.232258 -0.059668 -0.015242
v 0.203430 0.118737 -0.014826
v 0.213039 0.059268 -0.014965
v 0.193821 0.178205 -0.014687
v 0.208235 0.089003 -0.014895
v 0.068343 0.039868 -0.014965
v 0.084822 0.065080 -0.014895
v 0.227453 -0.029934 -0.015173
v 0.217844 0.029534 -0.015034
v 0.231888 -0.089402 -0.015312
v 0.246672 -0.148871 -0.015451
v 0.256281 -0.208339 -0.015589
v -0.010342 0.094353 -0.014965
v 0.017393 0.106099 -0.014895
v -0.045333 0.180590 -0.014965
v -0.015232 0.179514 -0.014895
v -0.045333 0.238250 -0.014965
v -0.015232 0.237174 -0.014895
v 0.366666 0.233499 -0.014254
v 0.443534 -0.244973 -0.015457
v 0.405187 -0.006561 -0.014756
v 0.424447 -0.126592 -0.015008
v 0.434077 -0.186607 -0.015134
v 0.414817 -0.066577 -0.014882
v 0.385926 0.113469 -0.014505
v 0.395557 0.053454 -0.014631
v 0.376296 0.173484 -0.014379
v 0.390742 0.083461 -0.014568
v 0.410002 -0.036569 -0.014819
v 0.400372 0.023446 -0.014694
v 0.419632 -0.096584 -0.014945
v 0.429262 -0.156599 -0.015071
v 0.438892 -0.216614 -0.015196
v 0.363907 0.233499 -0.014254
v 0.440775 -0.244973 -0.015457
v 0.402428 -0.006561 -0.014756
v 0.421688 -0.126592 -0.015008
v 0.431319 -0.186607 -0.015134
v 0.412058 -0.066577 -0.014882
v 0.383168 0.113469 -0.014505
v 0.392798 0.053454 -0.014631
v 0.373537 0.173484 -0.014379
v 0.387983 0.083461 -0.014568
v 0.407243 -0.036569 -0.014819
v 0.397613 0.023446 -0.014694
v 0.416873 -0.096584 -0.014945
v 0.426503 -0.156599 -0.015071
v 0.436134 -0.216614 -0.015196
v 0.149639 0.279844 -0.021847
v 0.166925 0.258759 -0.018198
v 0.150880 0.429181 -0.021847
v 0.416272 0.277335 -0.021941
v 0.421622 0.414242 -0.021162
v -0.503777 0.285274 -0.021847
v -0.496504 0.359943 -0.021847
v -0.502536 0.434612 -0.021847
v -0.496814 0.322609 -0.021847
v -0.496193 0.397277 -0.021847
v -0.503622 0.303941 -0.021847
v -0.496659 0.341276 -0.021847
v -0.496349 0.378610 -0.021847
v -0.502691 0.415945 -0.021847
v 0.100523 0.245953 -0.021847
v -0.552893 0.251383 -0.021847
v -0.591500 0.360677 0.021823
v -0.591500 0.360677 -0.000016
v -0.591655 0.342010 0.021823
v -0.591655 0.342010 -0.000016
v -0.591345 0.379344 0.021823
v -0.591345 0.379344 -0.000016
v -0.591500 0.360677 -0.021847
v -0.591655 0.342010 -0.021847
v -0.591345 0.379344 -0.021847
v 0.445348 -0.271351 -0.055974
v 0.432504 -0.271351 -0.049371
v 0.432504 -0.279682 -0.049371
v 0.261086 -0.238073 -0.046954
v 0.184211 0.237674 -0.043625
v 0.217474 -0.000200 -0.045289
v 0.241867 -0.119137 -0.046122
v 0.246302 -0.178605 -0.046538
v 0.232258 -0.059668 -0.045706
v 0.203430 0.118737 -0.044457
v 0.213039 0.059268 -0.044873
v 0.193821 0.178205 -0.044041
v 0.208235 0.089003 -0.044665
v 0.068343 0.039868 -0.044873
v 0.084822 0.065080 -0.044665
v 0.227453 -0.029934 -0.045497
v 0.217844 0.029534 -0.045081
v 0.231888 -0.089402 -0.045914
v 0.246672 -0.148871 -0.046330
v 0.256281 -0.208339 -0.046746
v -0.010342 0.094353 -0.044873
v 0.017393 0.106099 -0.044665
v -0.045333 0.180590 -0.044873
v -0.015232 0.179514 -0.044665
v -0.045333 0.238250 -0.044873
v -0.015232 0.237174 -0.044665
v 0.366666 0.233499 -0.042741
v 0.443713 -0.245771 -0.046696
v 0.405187 -0.006561 -0.044248
v 0.424447 -0.126592 -0.045002
v 0.434077 -0.186607 -0.045379
v 0.414817 -0.066577 -0.044625
v 0.385926 0.113469 -0.043494
v 0.395557 0.053454 -0.043871
v 0.376296 0.173484 -0.043117
v 0.390742 0.083461 -0.043683
v 0.410002 -0.036569 -0.044437
v 0.400372 0.023446 -0.044060
v 0.419632 -0.096584 -0.044814
v 0.429262 -0.156599 -0.045191
v 0.438892 -0.216614 -0.045567
v 0.363907 0.233499 -0.042741
v 0.440954 -0.245771 -0.046696
v 0.402428 -0.006561 -0.044248
v 0.421688 -0.126592 -0.045002
v 0.431319 -0.186607 -0.045379
v 0.412058 -0.066577 -0.044625
v 0.383168 0.113469 -0.043494
v 0.392798 0.053454 -0.043871
v 0.373537 0.173484 -0.043117
v 0.387983 0.083461 -0.043683
v 0.407243 -0.036569 -0.044437
v 0.397613 0.023446 -0.044060
v 0.416873 -0.096584 -0.044814
v 0.426503 -0.156599 -0.045191
v 0.436134 -0.216614 -0.045567
v 0.149639 0.279844 -0.065509
v 0.166925 0.258759 -0.054567
v 0.150880 0.429181 -0.065509
v 0.416272 0.277335 -0.065791
v 0.421622 0.414242 -0.063457
v -0.503777 0.285274 -0.065509
v -0.503156 0.359943 -0.065509
v -0.502536 0.434612 -0.065509
v -0.503466 0.322609 -0.065509
v -0.502846 0.397277 -0.065509
v -0.503622 0.303941 -0.065509
v -0.503311 0.341276 -0.065509
v -0.503001 0.378610 -0.065509
v -0.502691 0.415945 -0.065509
v 0.100523 0.245953 -0.065509
v -0.552893 0.251383 -0.065509
v 0.227572 -0.253701 -0.055974
v 0.227572 -0.271351 -0.055974
v 0.240416 -0.271351 -0.049371
v 0.240416 -0.279682 -0.049371
v 0.364579 0.236174 -0.043920
v 0.442368 -0.238273 -0.045703
v 0.403847 0.001788 -0.044196
v 0.423107 -0.118243 -0.044950
v 0.432738 -0.178258 -0.045327
v 0.413477 -0.058227 -0.044573
v 0.384587 0.121818 -0.043442
v 0.394217 0.061803 -0.043819
v 0.374957 0.181833 -0.043065
v 0.389402 0.091810 -0.043630
v 0.408662 -0.028220 -0.044384
v 0.399032 0.031795 -0.044007
v 0.418292 -0.088235 -0.044761
v 0.427923 -0.148250 -0.045138
v 0.437553 -0.208265 -0.045515
v 0.361820 0.236174 -0.043920
v 0.439609 -0.238273 -0.045703
v 0.401088 0.001788 -0.044196
v 0.420349 -0.118243 -0.044950
v 0.429979 -0.178258 -0.045327
v 0.410718 -0.058227 -0.044573
v 0.381828 0.121818 -0.043442
v 0.391458 0.061803 -0.043819
v 0.372198 0.181833 -0.043065
v 0.386643 0.091810 -0.043630
v 0.405903 -0.028220 -0.044384
v 0.396273 0.031795 -0.044007
v 0.415534 -0.088235 -0.044761
v 0.425164 -0.148250 -0.045138
v 0.434794 -0.208265 -0.045515
v 0.383500 0.256884 -0.054936
v 0.421107 0.352262 -0.063457
v 0.420592 0.290281 -0.063457
v 0.417484 0.426966 -0.065945
v 0.420850 0.321271 -0.063457
v 0.421365 0.383252 -0.063457
v 0.417259 0.305776 -0.063457
v 0.417516 0.336766 -0.063457
v 0.417774 0.367757 -0.063457
v 0.418031 0.398747 -0.063457
v 0.227572 -0.253701 0.055967
v 0.227572 -0.271351 0.055967
v 0.240416 -0.271351 0.049366
v 0.240416 -0.279682 0.049366
v 0.364579 0.236174 0.043915
v 0.442368 -0.238273 0.045698
v 0.403847 0.001788 0.044191
v 0.423107 -0.118243 0.044944
v 0.432738 -0.178258 0.045321
v 0.413477 -0.058227 0.044567
v 0.384587 0.121818 0.043437
v 0.394217 0.061803 0.043814
v 0.374957 0.181833 0.043060
v 0.389402 0.091810 0.043625
v 0.408662 -0.028220 0.044379
v 0.399032 0.031795 0.044002
v 0.418292 -0.088235 0.044756
v 0.427923 -0.148250 0.045133
v 0.437553 -0.208265 0.045510
v 0.361820 0.236174 0.043915
v 0.439609 -0.238273 0.045698
v 0.401088 0.001788 0.044191
v 0.420349 -0.118243 0.044944
v 0.429979 -0.178258 0.045321
v 0.410718 -0.058227 0.044567
v 0.381828 0.121818 0.043437
v 0.391458 0.061803 0.043814
v 0.372198 0.181833 0.043060
v 0.386643 0.091810 0.043625
v 0.405903 -0.028220 0.044379
v 0.396273 0.031795 0.044002
v 0.415534 -0.088235 0.044756
v 0.425164 -0.148250 0.045133
v 0.434794 -0.208265 0.045510
v 0.383500 0.256884 0.054929
v 0.421107 0.352262 0.063449
v 0.420592 0.290281 0.063449
v 0.417484 0.426966 0.065937
v 0.420850 0.321271 0.063449
v 0.421365 0.383252 0.063449
v 0.417259 0.305776 0.063449
v 0.417516 0.336766 0.063449
v 0.417774 0.367757 0.063449
v 0.418031 0.398747 0.063449
v 0.445348 -0.253701 0.055967
v 0.445348 -0.271351 0.055967
v 0.432504 -0.271351 0.049366
v 0.432504 -0.279682 0.049366
v 0.261086 -0.238073 0.046948
v 0.184211 0.237674 0.043620
v 0.217474 -0.000200 0.045284
v 0.241867 -0.119137 0.046116
v 0.246302 -0.178605 0.046532
v 0.232258 -0.059668 0.045700
v 0.203430 0.118737 0.044452
v 0.213039 0.059268 0.044868
v 0.193821 0.178205 0.044036
v 0.208235 0.089003 0.044660
v 0.068343 0.039868 0.044868
v 0.084822 0.065080 0.044660
v 0.227453 -0.029934 0.045492
v 0.217844 0.029534 0.045076
v 0.231888 -0.089402 0.045908
v 0.246672 -0.148871 0.046324
v 0.256281 -0.208339 0.046740
v -0.010342 0.094353 0.044868
v 0.017393 0.106099 0.044660
v -0.045333 0.180590 0.044868
v -0.015232 0.179514 0.044660
v -0.045333 0.238250 0.044868
v -0.015232 0.237174 0.044660
v 0.366666 0.233499 0.042735
v 0.443176 -0.243378 0.047036
v 0.405187 -0.006561 0.044243
v 0.424447 -0.126592 0.044997
v 0.434077 -0.186607 0.045374
v 0.414817 -0.066577 0.044620
v 0.385926 0.113469 0.043489
v 0.395557 0.053454 0.043866
v 0.376296 0.173484 0.043112
v 0.390742 0.083461 0.043678
v 0.410002 -0.036569 0.044431
v 0.400372 0.023446 0.044055
v 0.419632 -0.096584 0.044808
v 0.429262 -0.156599 0.045185
v 0.438892 -0.216614 0.045562
v 0.363907 0.233499 0.042735
v 0.440417 -0.243378 0.047036
v 0.402428 -0.006561 0.044243
v 0.421688 -0.126592 0.044997
v 0.431319 -0.186607 0.045374
v 0.412058 -0.066577 0.044620
v 0.383168 0.113469 0.043489
v 0.392798 0.053454 0.043866
v 0.373537 0.173484 0.043112
v 0.387983 0.083461 0.043678
v 0.407243 -0.036569 0.044431
v 0.397613 0.023446 0.044055
v 0.416873 -0.096584 0.044808
v 0.426503 -0.156599 0.045185
v 0.436134 -0.216614 0.045562
v 0.149639 0.279844 0.065501
v 0.166925 0.258759 0.054561
v 0.150880 0.429181 0.065501
v 0.416272 0.277335 0.065783
v 0.421622 0.414242 0.063449
v -0.503777 0.285274 0.065501
v -0.503156 0.359943 0.065501
v -0.502536 0.434612 0.065501
v -0.503466 0.322609 0.065501
v -0.502846 0.397277 0.065501
v -0.503622 0.303941 0.065501
v -0.503311 0.341276 0.065501
v -0.503001 0.378610 0.065501
v -0.502691 0.415945 0.065501
v 0.100523 0.245953 0.065501
v -0.552893 0.251383 0.065501
v 0.035001 0.374139 -0.087340
v 0.034845 0.355472 -0.087340
v 0.035156 0.392806 0.087340
v 0.035311 0.411473 0.087340
v 0.035466 0.430141 0.087340
v 0.034845 0.355472 0.087340
v 0.035001 0.374139 0.087340
v 0.035311 0.411473 -0.087340
v 0.035466 0.430141 -0.087340
v 0.035156 0.392806 -0.087340
v 0.034380 0.299470 0.087340
v 0.034225 0.280803 0.087340
v 0.034225 0.280803 -0.087340
v 0.034380 0.299470 -0.087340
v 0.034690 0.336805 0.071777
v 0.034535 0.318137 0.071777
v 0.034690 0.336805 -0.072057
v 0.034535 0.318137 -0.072057
v -0.014891 0.246912 0.087340
v -0.014891 0.246912 -0.087340
v -0.014891 0.246912 -0.000016
v 0.035466 0.430141 -0.000016
v -0.014891 0.246912 -0.043678
v 0.035466 0.430141 -0.043678
v 0.035466 0.430141 0.043662
v -0.014891 0.246912 0.043662
v -0.014891 0.246912 0.021823
v 0.035466 0.430141 0.021823
v 0.035466 0.430141 -0.021847
v -0.014891 0.246912 -0.021847
v -0.014891 0.246912 -0.065509
v 0.035466 0.430141 -0.065509
v 0.035466 0.430141 0.065501
v -0.014891 0.246912 0.065501
v 0.002952 0.355737 -0.087340
v 0.003263 0.393071 0.087340
v 0.003573 0.430406 0.087340
v 0.003108 0.374404 0.087340
v 0.003418 0.411738 -0.087340
v 0.002487 0.299735 0.087340
v 0.002332 0.281068 -0.087340
v 0.002642 0.318402 0.071777
v 0.002797 0.337070 -0.072057
v -0.046784 0.247177 -0.087340
v -0.046784 0.247177 -0.000016
v 0.003573 0.430406 -0.000016
v -0.046784 0.247177 -0.043678
v 0.003573 0.430406 -0.043678
v 0.003573 0.430406 0.043662
v -0.046784 0.247177 0.043662
v -0.046784 0.247177 0.021823
v 0.003573 0.430406 0.021823
v 0.003573 0.430406 -0.021847
v -0.046784 0.247177 -0.021847
v -0.046784 0.247177 -0.065509
v 0.003573 0.430406 -0.065509
v 0.003573 0.430406 0.065501
v -0.046784 0.247177 0.065501
v 0.003108 0.374404 -0.087340
v 0.003418 0.411738 0.087340
v 0.002952 0.355737 0.087340
v 0.003573 0.430406 -0.087340
v 0.003263 0.393071 -0.087340
v 0.002332 0.281068 0.087340
v 0.002487 0.299735 -0.087340
v 0.002797 0.337070 0.071777
v 0.002642 0.318402 -0.072057
v -0.046784 0.247177 0.087340
v 0.150570 0.391847 0.061241
v 0.150415 0.373180 0.061241
v 0.035156 0.392806 0.061241
v 0.035001 0.374139 0.061241
v 0.003263 0.393071 0.061241
v 0.003108 0.374404 0.061241
v 0.035001 0.374139 -0.061464
v 0.150415 0.373180 -0.061464
v 0.150570 0.391847 -0.061464
v 0.035156 0.392806 -0.061464
v 0.003108 0.374404 -0.061464
v 0.003263 0.393071 -0.061464
v -0.250102 0.357840 -0.087340
v -0.249792 0.395174 0.087340
v -0.249481 0.432509 0.087340
v -0.249947 0.376507 0.087340
v -0.249636 0.413842 -0.087340
v -0.250567 0.301838 0.087340
v -0.250722 0.283171 -0.087340
v -0.250412 0.320505 0.071777
v -0.250257 0.339173 -0.072057
v -0.299838 0.249280 -0.087340
v -0.299838 0.249280 -0.000016
v -0.249481 0.432509 -0.000016
v -0.299838 0.249280 -0.043678
v -0.249481 0.432509 -0.043678
v -0.249481 0.432509 0.043662
v -0.299838 0.249280 0.043662
v -0.299838 0.249280 0.021823
v -0.249481 0.432509 0.021823
v -0.249481 0.432509 -0.021847
v -0.299838 0.249280 -0.021847
v -0.299838 0.249280 -0.065509
v -0.249481 0.432509 -0.065509
v -0.249481 0.432509 0.065501
v -0.299838 0.249280 0.065501
v -0.249947 0.376507 -0.087340
v -0.249636 0.413842 0.087340
v -0.250102 0.357840 0.087340
v -0.249481 0.432509 -0.087340
v -0.249792 0.395174 -0.087340
v -0.250722 0.283171 0.087340
v -0.250567 0.301838 -0.087340
v -0.250257 0.339173 0.071777
v -0.250412 0.320505 -0.072057
v -0.299838 0.249280 0.087340
v -0.376629 0.358891 -0.087340
v -0.376319 0.396226 0.087340
v -0.376008 0.433560 0.087340
v -0.376474 0.377559 0.087340
v -0.376164 0.414893 -0.087340
v -0.377094 0.302890 0.087340
v -0.377250 0.284223 -0.087340
v -0.376939 0.321557 0.071777
v -0.376784 0.340224 -0.072057
v -0.426365 0.250332 -0.087340
v -0.426365 0.250332 -0.000016
v -0.376008 0.453336 -0.000016
v -0.426365 0.250332 -0.043678
v -0.376008 0.433560 -0.043678
v -0.376008 0.433560 0.043662
v -0.426365 0.250332 0.043662
v -0.426365 0.250332 0.021823
v -0.376008 0.433560 0.021823
v -0.376008 0.433560 -0.021847
v -0.426365 0.250332 -0.021847
v -0.426365 0.250332 -0.065509
v -0.376008 0.433560 -0.065509
v -0.376008 0.433560 0.065501
v -0.426365 0.250332 0.065501
v -0.376474 0.377559 -0.087340
v -0.376164 0.414893 0.087340
v -0.376629 0.358891 0.087340
v -0.376008 0.433560 -0.087340
v -0.376319 0.396226 -0.087340
v -0.377250 0.284223 0.087340
v -0.377094 0.302890 -0.087340
v -0.376784 0.340224 0.071777
v -0.376939 0.321557 -0.072057
v -0.426365 0.250332 0.087340
v -0.439893 0.359417 -0.087340
v -0.439582 0.396752 0.087340
v -0.439272 0.434086 0.087340
v -0.439737 0.378084 0.087340
v -0.439427 0.415419 -0.087340
v -0.440358 0.303416 0.087340
v -0.440513 0.284748 -0.087340
v -0.440203 0.322083 0.071777
v -0.440048 0.340750 -0.072057
v -0.489629 0.250858 -0.087340
v -0.489629 0.250858 -0.000016
v -0.439272 0.453861 -0.000016
v -0.489629 0.250858 -0.043678
v -0.439272 0.434086 -0.043678
v -0.439272 0.434086 0.043662
v -0.489629 0.250858 0.043662
v -0.489629 0.250858 0.021823
v -0.439272 0.434086 0.021823
v -0.439272 0.434086 -0.021847
v -0.489629 0.250858 -0.021847
v -0.489629 0.250858 -0.065509
v -0.439272 0.434086 -0.065509
v -0.439272 0.434086 0.065501
v -0.489629 0.250858 0.065501
v -0.439737 0.378084 -0.087340
v -0.439427 0.415419 0.087340
v -0.439893 0.359417 0.087340
v -0.439272 0.434086 -0.087340
v -0.439582 0.396752 -0.087340
v -0.440513 0.284748 0.087340
v -0.440358 0.303416 -0.087340
v -0.440048 0.340750 0.071777
v -0.440203 0.322083 -0.072057
v -0.489629 0.250858 0.087340
v -0.487594 0.359814 -0.087340
v -0.487284 0.397148 0.087340
v -0.486973 0.434483 0.087340
v -0.487439 0.378481 0.087340
v -0.487128 0.415815 -0.087340
v -0.488059 0.303812 0.087340
v -0.488214 0.285145 -0.087340
v -0.487904 0.322479 0.071777
v -0.487749 0.341146 -0.072057
v -0.537330 0.251254 -0.087340
v -0.537330 0.251254 -0.000016
v -0.486973 0.454258 -0.000016
v -0.537330 0.251254 -0.043678
v -0.486973 0.434483 -0.043678
v -0.486973 0.434483 0.043662
v -0.537330 0.251254 0.043662
v -0.537330 0.251254 0.021823
v -0.486973 0.434483 0.021823
v -0.486973 0.434483 -0.021847
v -0.537330 0.251254 -0.021847
v -0.537330 0.251254 -0.065509
v -0.486973 0.434483 -0.065509
v -0.486973 0.434483 0.065501
v -0.537330 0.251254 0.065501
v -0.487439 0.378481 -0.087340
v -0.487128 0.415815 0.087340
v -0.487594 0.359814 0.087340
v -0.486973 0.434483 -0.087340
v -0.487284 0.397148 -0.087340
v -0.488214 0.285145 0.087340
v -0.488059 0.303812 -0.087340
v -0.487749 0.341146 0.071777
v -0.487904 0.322479 -0.072057
v -0.537330 0.251254 0.087340
v 0.167081 0.226798 0.014533
v 0.167081 0.226798 -0.000010
v 0.140841 0.234206 0.018178
v 0.140841 0.234206 -0.000013
v 0.167081 0.226798 -0.014549
v 0.167081 0.226798 -0.029087
v 0.140841 0.234206 -0.018198
v 0.140841 0.234206 -0.036382
v 0.167081 0.226798 0.029076
v 0.140841 0.234206 0.036369
v 0.145421 0.151201 0.014533
v 0.145421 0.151201 -0.000010
v 0.121330 0.163969 0.018178
v 0.121330 0.163969 -0.000013
v 0.145421 0.151201 -0.014549
v 0.145421 0.151201 -0.029087
v 0.121330 0.163969 -0.018198
v 0.121330 0.163969 -0.036382
v 0.145421 0.151201 0.029076
v 0.121330 0.163969 0.036369
v 0.127983 0.119498 0.014533
v 0.127983 0.119498 -0.000010
v 0.108510 0.138583 0.018178
v 0.108510 0.138583 -0.000013
v 0.127983 0.119498 -0.014549
v 0.127983 0.119498 -0.029087
v 0.108510 0.138583 -0.018198
v 0.108510 0.138583 -0.036382
v 0.127983 0.119498 0.029076
v 0.108510 0.138583 0.036369
v 0.105355 0.098564 0.014533
v 0.105355 0.098564 -0.000010
v 0.096756 0.124437 0.018178
v 0.096756 0.124437 -0.000013
v 0.105355 0.098564 -0.014549
v 0.105355 0.098564 -0.029087
v 0.096756 0.124437 -0.018198
v 0.096756 0.124437 -0.036382
v 0.105355 0.098564 0.029076
v 0.096756 0.124437 0.036369
v 0.085530 0.091974 0.014533
v 0.085530 0.091974 -0.000010
v 0.076930 0.117848 0.018178
v 0.076930 0.117848 -0.000013
v 0.085530 0.091974 -0.014549
v 0.085530 0.091974 -0.029087
v 0.076930 0.117848 -0.018198
v 0.076930 0.117848 -0.036382
v 0.085530 0.091974 0.029076
v 0.076930 0.117848 0.036369
vt 0.326468 0.511477
vt 0.314400 0.497345
vt 0.279476 0.372867
vt 0.288063 0.375262
vt 0.290538 0.358862
vt 0.268336 0.483097
vt 0.265309 0.484109
vt 0.292191 0.362188
vt 0.387120 0.891254
vt 0.443524 0.864464
vt 0.470161 0.874371
vt 0.433916 0.905244
vt 0.369056 0.861252
vt 0.364322 0.836722
vt 0.411409 0.827976
vt 0.418604 0.848815
vt 0.287293 0.364069
vt 0.252908 0.493788
vt 0.473858 0.324761
vt 0.474312 0.323143
vt 0.472432 0.886608
vt 0.287087 0.359425
vt 0.288265 0.356980
vt 0.288315 0.362102
vt 0.311211 0.493349
vt 0.278546 0.368249
vt 0.105481 0.609351
vt 0.075530 0.616376
vt 0.097137 0.602405
vt 0.115935 0.597512
vt 0.438884 0.909760
vt 0.487918 0.893703
vt 0.431316 0.962219
vt 0.209893 0.264103
vt 0.058237 0.605438
vt 0.052811 0.605674
vt 0.209884 0.261889
vt 0.228804 0.265692
vt 0.222619 0.259324
vt 0.489652 0.333553
vt 0.496743 0.332398
vt 0.496743 0.897676
vt 0.197467 0.261932
vt 0.223082 0.235682
vt 0.036785 0.595296
vt 0.030602 0.592390
vt 0.193258 0.259006
vt 0.437606 0.973342
vt 0.220263 0.231353
vt 0.285497 0.372177
vt 0.233301 0.339480
vt 0.220914 0.331756
vt 0.219918 0.318600
vt 0.234692 0.332088
vt 0.255778 0.496370
vt 0.322570 0.512967
vt 0.431243 0.386588
vt 0.312086 0.470724
vt 0.287073 0.345316
vt 0.290271 0.343274
vt 0.321010 0.472328
vt 0.251818 0.307122
vt 0.341325 0.697632
vt 0.340525 0.683956
vt 0.369669 0.683579
vt 0.372079 0.697320
vt 0.331770 0.619453
vt 0.330854 0.609770
vt 0.350799 0.608676
vt 0.352796 0.618624
vt 0.280741 0.363918
vt 0.278217 0.363494
vt 0.280474 0.361939
vt 0.282038 0.362771
vt 0.323950 0.393040
vt 0.316271 0.390031
vt 0.315096 0.384162
vt 0.323220 0.388649
vt 0.210614 0.546754
vt 0.200357 0.556735
vt 0.199654 0.549393
vt 0.209032 0.540355
vt 0.282492 0.356224
vt 0.284736 0.359121
vt 0.276777 0.360858
vt 0.274952 0.362470
vt 0.371320 0.612992
vt 0.364691 0.593360
vt 0.404031 0.711666
vt 0.394649 0.683500
vt 0.354561 0.399691
vt 0.368032 0.400852
vt 0.252046 0.351374
vt 0.259469 0.355498
vt 0.164363 0.575804
vt 0.149755 0.583878
vt 0.268623 0.337221
vt 0.272991 0.343505
vt 0.261663 0.352259
vt 0.253620 0.347011
vt 0.175743 0.576544
vt 0.160996 0.586042
vt 0.177474 0.567243
vt 0.354602 0.394054
vt 0.369706 0.394591
vt 0.349864 0.767354
vt 0.348514 0.749661
vt 0.386028 0.748341
vt 0.389383 0.765476
vt 0.144422 0.594917
vt 0.265310 0.358855
vt 0.269170 0.355806
vt 0.400836 0.400881
vt 0.383297 0.402115
vt 0.382050 0.391297
vt 0.404391 0.391596
vt 0.125962 0.602815
vt 0.133605 0.591197
vt 0.257409 0.318576
vt 0.264325 0.330412
vt 0.247980 0.340405
vt 0.243056 0.346590
vt 0.425993 0.776123
vt 0.414457 0.742477
vt 0.378431 0.634406
vt 0.386160 0.657817
vt 0.380185 0.670958
vt 0.372455 0.645109
vt 0.270622 0.360941
vt 0.272486 0.358856
vt 0.188800 0.566711
vt 0.189185 0.558394
vt 0.337992 0.668647
vt 0.337201 0.656509
vt 0.362846 0.656011
vt 0.365045 0.668316
vt 0.332967 0.395914
vt 0.343088 0.398611
vt 0.277516 0.349754
vt 0.280091 0.353187
vt 0.332707 0.391397
vt 0.341027 0.391127
vt 0.282128 0.364094
vt 0.284254 0.362899
vt 0.242356 0.508714
vt 0.235465 0.517713
vt 0.232253 0.513636
vt 0.239062 0.504839
vt 0.319340 0.546801
vt 0.318040 0.540583
vt 0.330157 0.537785
vt 0.332094 0.544292
vt 0.300560 0.377828
vt 0.297444 0.376441
vt 0.294143 0.373418
vt 0.299438 0.372448
vt 0.283955 0.359651
vt 0.284975 0.360008
vt 0.282709 0.362205
vt 0.282648 0.363372
vt 0.346460 0.543081
vt 0.340211 0.528443
vt 0.358433 0.575309
vt 0.352428 0.558628
vt 0.304630 0.381724
vt 0.310022 0.386314
vt 0.282481 0.363696
vt 0.225142 0.522458
vt 0.217471 0.531362
vt 0.285895 0.360587
vt 0.286853 0.361890
vt 0.283855 0.363014
vt 0.227984 0.527170
vt 0.304101 0.376960
vt 0.309711 0.382002
vt 0.219758 0.536876
vt 0.310769 0.514396
vt 0.307363 0.505062
vt 0.313741 0.500490
vt 0.319023 0.511026
vt 0.328704 0.598447
vt 0.327699 0.589763
vt 0.345310 0.588281
vt 0.347275 0.597262
vt 0.335141 0.531752
vt 0.316061 0.532968
vt 0.312662 0.520738
vt 0.322077 0.516839
vt 0.327683 0.530048
vt 0.322498 0.562269
vt 0.321295 0.555293
vt 0.334978 0.552874
vt 0.336957 0.560205
vt 0.283901 0.335003
vt 0.280175 0.332245
vt 0.325617 0.579450
vt 0.324515 0.571657
vt 0.340051 0.569732
vt 0.342016 0.577854
vt 0.278734 0.334852
vt 0.278116 0.334640
vt 0.277027 0.324569
vt 0.277518 0.325855
vt 0.279294 0.331239
vt 0.306268 0.373539
vt 0.280419 0.332004
vt 0.358769 0.600314
vt 0.352544 0.580831
vt 0.365365 0.621657
vt 0.346575 0.562979
vt 0.340785 0.546561
vt 0.345096 0.730270
vt 0.344162 0.714773
vt 0.377284 0.714230
vt 0.380041 0.729590
vt 0.334847 0.642736
vt 0.334006 0.631914
vt 0.356606 0.631156
vt 0.358676 0.642203
vt 0.398261 0.731057
vt 0.388721 0.699516
vt 0.356916 0.810145
vt 0.354518 0.789671
vt 0.396615 0.786213
vt 0.401246 0.805191
vt 0.438786 0.812206
vt 0.421722 0.400372
vt 0.420913 0.804319
vt 0.409022 0.765765
vt 0.278968 0.320037
vt 0.279110 0.323121
vt 0.274199 0.321419
vt 0.274189 0.320297
vt 0.277048 0.320503
vt 0.276818 0.324862
vt 0.278079 0.313945
vt 0.279434 0.310908
vt 0.281420 0.319512
vt 0.269288 0.316329
vt 0.269775 0.314564
vt 0.271797 0.322144
vt 0.268925 0.323113
vt 0.266243 0.314388
vt 0.281002 0.323461
vt 0.267396 0.311935
vt 0.411888 0.819627
vt 0.424265 0.850882
vt 0.203724 0.558360
vt 0.192399 0.568718
vt 0.248132 0.532734
vt 0.238469 0.524458
vt 0.238772 0.522002
vt 0.249011 0.530825
vt 0.129984 0.607180
vt 0.109473 0.614333
vt 0.270161 0.496398
vt 0.265619 0.489753
vt 0.266610 0.487667
vt 0.270422 0.495086
vt 0.202716 0.566684
vt 0.196897 0.572162
vt 0.195067 0.571629
vt 0.203438 0.563691
vt 0.333718 0.545306
vt 0.319978 0.549482
vt 0.122213 0.618338
vt 0.110596 0.622298
vt 0.108659 0.620026
vt 0.124588 0.614802
vt 0.321659 0.512583
vt 0.311876 0.495147
vt 0.373981 0.669090
vt 0.366908 0.643437
vt 0.244503 0.509794
vt 0.237895 0.518580
vt 0.157352 0.636111
vt 0.142708 0.609596
vt 0.144601 0.606037
vt 0.160399 0.633768
vt 0.363698 0.651244
vt 0.368232 0.670304
vt 0.245105 0.515081
vt 0.241933 0.519320
vt 0.240756 0.519383
vt 0.245350 0.512815
vt 0.384059 0.731933
vt 0.346198 0.736334
vt 0.312772 0.498133
vt 0.319806 0.511946
vt 0.134967 0.649308
vt 0.138681 0.647178
vt 0.342957 0.562103
vt 0.337564 0.545989
vt 0.164989 0.589067
vt 0.148507 0.598588
vt 0.080029 0.619233
vt 0.393877 0.767951
vt 0.351325 0.774314
vt 0.335243 0.549657
vt 0.338799 0.561410
vt 0.160822 0.599537
vt 0.151906 0.604936
vt 0.149772 0.603512
vt 0.162318 0.596089
vt 0.412009 0.801424
vt 0.400500 0.763586
vt 0.262732 0.508206
vt 0.255812 0.501237
vt 0.256688 0.499218
vt 0.263385 0.506620
vt 0.390505 0.728875
vt 0.099722 0.624276
vt 0.087058 0.626111
vt 0.085842 0.623339
vt 0.102510 0.621075
vt 0.397640 0.778904
vt 0.406299 0.807654
vt 0.311370 0.516405
vt 0.387221 0.741848
vt 0.267646 0.484875
vt 0.256636 0.497062
vt 0.191651 0.607987
vt 0.176701 0.588806
vt 0.177879 0.585503
vt 0.193787 0.605585
vt 0.132471 0.614547
vt 0.130349 0.612727
vt 0.258806 0.497334
vt 0.258251 0.497529
vt 0.338829 0.673452
vt 0.175986 0.622105
vt 0.178524 0.619696
vt 0.332376 0.531724
vt 0.381774 0.697465
vt 0.375657 0.699490
vt 0.342255 0.703003
vt 0.321197 0.514482
vt 0.329029 0.531156
vt 0.370657 0.678328
vt 0.241696 0.543711
vt 0.231041 0.534487
vt 0.231406 0.531902
vt 0.242701 0.541680
vt 0.179559 0.579015
vt 0.378399 0.708411
vt 0.323159 0.565235
vt 0.190581 0.577774
vt 0.183881 0.583347
vt 0.181924 0.582568
vt 0.191504 0.574627
vt 0.348517 0.579745
vt 0.234370 0.555398
vt 0.222728 0.544936
vt 0.223178 0.542226
vt 0.235524 0.553266
vt 0.168969 0.594375
vt 0.166904 0.593299
vt 0.340410 0.566280
vt 0.344074 0.579206
vt 0.326303 0.582706
vt 0.225963 0.567731
vt 0.213355 0.555700
vt 0.213922 0.552853
vt 0.227297 0.565511
vt 0.230655 0.528090
vt 0.354298 0.599033
vt 0.349563 0.598757
vt 0.329414 0.602018
vt 0.234926 0.529068
vt 0.233611 0.529109
vt 0.345782 0.584575
vt 0.360391 0.620182
vt 0.253833 0.522558
vt 0.254623 0.520795
vt 0.222659 0.537957
vt 0.351392 0.604671
vt 0.355343 0.620272
vt 0.316713 0.535374
vt 0.227086 0.539371
vt 0.225644 0.539327
vt 0.213745 0.548074
vt 0.216242 0.580656
vt 0.217791 0.578360
vt 0.216698 0.549885
vt 0.361520 0.644016
vt 0.330369 0.534877
vt 0.247067 0.510512
vt 0.357326 0.626801
vt 0.206579 0.560687
vt 0.270144 0.493424
vt 0.373089 0.871819
vt 0.434761 0.856405
vt 0.382328 0.879599
vt 0.330189 0.606041
vt 0.343271 0.709129
vt 0.352981 0.782283
vt 0.335627 0.647067
vt 0.336471 0.651977
vt 0.317433 0.538059
vt 0.323891 0.568556
vt 0.312063 0.518619
vt 0.320691 0.552481
vt 0.332511 0.623378
vt 0.333314 0.627813
vt 0.327055 0.586363
vt 0.339737 0.678918
vt 0.347420 0.743266
vt 0.359179 0.818393
vt 0.361795 0.827853
vt 0.307067 0.500037
vt 0.307385 0.501623
vt 0.204921 0.594109
vt 0.206734 0.591750
vt 0.208278 0.561018
vt 0.107685 0.660272
vt 0.112316 0.658666
vt 0.073449 0.663119
vt 0.079536 0.662710
vt 0.248042 0.510385
vt 0.218267 0.550054
vt 0.270932 0.362027
vt 0.306480 0.491924
vt 0.308481 0.498243
vt 0.266686 0.354437
vt 0.276610 0.361351
vt 0.272641 0.356770
vt 0.286529 0.342804
vt 0.320507 0.475677
vt 0.261368 0.476162
vt 0.267426 0.342783
vt 0.263503 0.344630
vt 0.260168 0.473458
vt 0.270396 0.492185
vt 0.274918 0.483655
vt 0.273574 0.486348
vt 0.294190 0.352721
vt 0.281537 0.363550
vt 0.272680 0.480791
vt 0.268789 0.484279
vt 0.267651 0.482274
vt 0.272094 0.479292
vt 0.220737 0.134327
vt 0.221360 0.133748
vt 0.221015 0.132664
vt 0.220526 0.132437
vt 0.295165 0.345646
vt 0.275430 0.491671
vt 0.273983 0.485581
vt 0.307769 0.489037
vt 0.309477 0.494474
vt 0.308005 0.490885
vt 0.318511 0.474257
vt 0.310809 0.472833
vt 0.318166 0.476906
vt 0.272040 0.487726
vt 0.273877 0.488901
vt 0.272405 0.490029
vt 0.270218 0.474334
vt 0.263597 0.476710
vt 0.262785 0.474589
vt 0.269593 0.472513
vt 0.266077 0.480657
vt 0.266072 0.483487
vt 0.264350 0.481084
vt 0.314254 0.487318
vt 0.315032 0.484581
vt 0.317260 0.485592
vt 0.315714 0.488940
vt 0.223793 0.131653
vt 0.224628 0.131372
vt 0.224311 0.131462
vt 0.223739 0.131666
vt 0.267953 0.485813
vt 0.282375 0.341739
vt 0.278214 0.341113
vt 0.274939 0.346702
vt 0.277883 0.344730
vt 0.269348 0.351708
vt 0.311619 0.495367
vt 0.313945 0.492170
vt 0.272074 0.349035
vt 0.290905 0.344149
vt 0.286628 0.342749
vt 0.269966 0.487989
vt 0.221523 0.132127
vt 0.222400 0.132046
vt 0.222209 0.132005
vt 0.221585 0.132119
vt 0.311350 0.492468
vt 0.312592 0.489716
vt 0.270548 0.485832
vt 0.273664 0.483397
vt 0.273210 0.482149
vt 0.265035 0.478540
vt 0.262790 0.478699
vt 0.271481 0.477730
vt 0.270849 0.476051
vt 0.316426 0.482209
vt 0.317033 0.479429
vt 0.319660 0.478994
vt 0.318566 0.482236
vt 0.219800 0.132613
vt 0.220657 0.132313
vt 0.220984 0.132236
vt 0.220448 0.132332
vt 0.274049 0.340573
vt 0.271409 0.341025
vt 0.280875 0.342815
vt 0.282770 0.342423
vt 0.273984 0.484458
vt 0.223285 0.132078
vt 0.222809 0.131898
vt 0.223002 0.132030
vt 0.223149 0.131885
vt 0.225512 0.131191
vt 0.224818 0.131271
vt 0.222263 0.132509
vt 0.222582 0.132096
vt 0.224186 0.129856
vt 0.224969 0.130132
vt 0.221321 0.130446
vt 0.221599 0.131411
vt 0.221848 0.130176
vt 0.220270 0.130246
vt 0.221176 0.131476
vt 0.220742 0.130429
vt 0.222631 0.129855
vt 0.223436 0.129709
vt 0.219518 0.130090
vt 0.224762 0.132680
vt 0.225600 0.132869
vt 0.224808 0.131149
vt 0.224495 0.131591
vt 0.224462 0.128630
vt 0.225036 0.130354
vt 0.224665 0.130050
vt 0.222086 0.132670
vt 0.219682 0.132383
vt 0.219737 0.131448
vt 0.221222 0.133063
vt 0.223549 0.132125
vt 0.223327 0.130826
vt 0.224498 0.132027
vt 0.223733 0.130672
vt 0.220286 0.132262
vt 0.219782 0.132323
vt 0.219929 0.131839
vt 0.220088 0.131380
vt 0.268540 0.346215
vt 0.271877 0.346877
vt 0.284592 0.328257
vt 0.290394 0.339557
vt 0.286193 0.318667
vt 0.285360 0.352130
vt 0.283094 0.353169
vt 0.280787 0.345821
vt 0.283242 0.344739
vt 0.223323 0.130182
vt 0.222242 0.130192
vt 0.221612 0.127912
vt 0.222909 0.128100
vt 0.223397 0.126684
vt 0.221104 0.126303
vt 0.219804 0.121506
vt 0.223122 0.122347
vt 0.216903 0.121021
vt 0.218955 0.118273
vt 0.220595 0.128761
vt 0.213804 0.116864
vt 0.217494 0.113023
vt 0.218759 0.117668
vt 0.216041 0.120589
vt 0.216700 0.111338
vt 0.222564 0.109914
vt 0.198216 0.015366
vt 0.190692 0.013990
vt 0.222436 0.112497
vt 0.216772 0.110299
vt 0.215588 0.105968
vt 0.222746 0.108348
vt 0.222110 0.119568
vt 0.217991 0.114752
vt 0.221939 0.116464
vt 0.211558 0.112905
vt 0.216282 0.108579
vt 0.210627 0.111674
vt 0.183014 0.013601
vt 0.186650 0.000070
vt 0.217371 0.123885
vt 0.296420 0.474788
vt 0.289637 0.474215
vt 0.289596 0.472334
vt 0.296421 0.472833
vt 0.296419 0.478634
vt 0.289689 0.477941
vt 0.289667 0.476107
vt 0.296415 0.476744
vt 0.296453 0.482376
vt 0.289693 0.481591
vt 0.289696 0.479791
vt 0.296427 0.480534
vt 0.296559 0.486049
vt 0.289642 0.485208
vt 0.289673 0.483418
vt 0.296492 0.484236
vt 0.289548 0.470391
vt 0.296424 0.470798
vt 0.282425 0.468598
vt 0.289489 0.468521
vt 0.282815 0.470420
vt 0.283044 0.484203
vt 0.289595 0.486996
vt 0.282663 0.485722
vt 0.295545 0.496968
vt 0.288557 0.496336
vt 0.296895 0.487868
vt 0.285804 0.356405
vt 0.285096 0.357126
vt 0.285096 0.357126
vt 0.285804 0.356405
vt 0.294284 0.503943
vt 0.287599 0.503297
vt 0.285545 0.354509
vt 0.284072 0.355363
vt 0.252258 0.597159
vt 0.270441 0.606454
vt 0.269854 0.609736
vt 0.251317 0.600113
vt 0.237179 0.865689
vt 0.168358 0.828349
vt 0.173621 0.820247
vt 0.239489 0.856060
vt 0.249113 0.814280
vt 0.195945 0.784838
vt 0.199664 0.778087
vt 0.250887 0.806344
vt 0.168262 0.730427
vt 0.207015 0.764366
vt 0.203716 0.770742
vt 0.163945 0.735279
vt 0.136611 0.760782
vt 0.181998 0.805483
vt 0.177214 0.813065
vt 0.130601 0.766120
vt 0.286300 0.647245
vt 0.262571 0.637468
vt 0.263419 0.633758
vt 0.286648 0.643172
vt 0.281142 0.501125
vt 0.287591 0.504643
vt 0.281089 0.502417
vt 0.244774 0.614834
vt 0.265175 0.626129
vt 0.264410 0.629717
vt 0.243609 0.618021
vt 0.158680 0.740773
vt 0.207651 0.681919
vt 0.237606 0.703753
vt 0.235423 0.709309
vt 0.204687 0.686496
vt 0.234147 0.637501
vt 0.257529 0.651784
vt 0.256252 0.656240
vt 0.232321 0.641370
vt 0.262872 0.568486
vt 0.277571 0.575049
vt 0.277111 0.578132
vt 0.262072 0.571312
vt 0.269085 0.613420
vt 0.250127 0.603416
vt 0.270816 0.541881
vt 0.282303 0.546370
vt 0.282045 0.548938
vt 0.270270 0.544271
vt 0.278267 0.514667
vt 0.286177 0.517467
vt 0.286078 0.519385
vt 0.277968 0.516487
vt 0.267208 0.554585
vt 0.280239 0.560013
vt 0.279890 0.562831
vt 0.266547 0.557190
vt 0.273823 0.530341
vt 0.283868 0.534053
vt 0.283684 0.536379
vt 0.273372 0.532520
vt 0.242142 0.621592
vt 0.188739 0.707332
vt 0.223056 0.734876
vt 0.220125 0.741201
vt 0.184839 0.712336
vt 0.222412 0.658729
vt 0.248795 0.676296
vt 0.247136 0.681246
vt 0.220107 0.662930
vt 0.257646 0.583637
vt 0.274166 0.591577
vt 0.273570 0.594945
vt 0.256673 0.586693
vt 0.124315 0.770377
vt 0.294210 0.506624
vt 0.287611 0.505830
vt 0.294339 0.505366
vt 0.289345 0.624736
vt 0.268433 0.616807
vt 0.289570 0.621047
vt 0.274168 0.528371
vt 0.283987 0.531959
vt 0.294636 0.540964
vt 0.283542 0.538548
vt 0.294534 0.538663
vt 0.258411 0.580896
vt 0.274614 0.588568
vt 0.291551 0.604455
vt 0.273070 0.598049
vt 0.291679 0.601099
vt 0.263498 0.565947
vt 0.277908 0.572288
vt 0.293074 0.586117
vt 0.276732 0.580980
vt 0.293125 0.583056
vt 0.267720 0.552239
vt 0.280488 0.557484
vt 0.294035 0.569515
vt 0.279606 0.565442
vt 0.294024 0.566723
vt 0.224266 0.654998
vt 0.250108 0.671932
vt 0.276864 0.700669
vt 0.245682 0.685782
vt 0.277566 0.695577
vt 0.235607 0.634058
vt 0.258529 0.647841
vt 0.282223 0.672374
vt 0.255146 0.660326
vt 0.282727 0.667843
vt 0.278481 0.513020
vt 0.286232 0.515740
vt 0.294674 0.522690
vt 0.286007 0.521186
vt 0.294565 0.520784
vt 0.191916 0.702906
vt 0.225420 0.729353
vt 0.260890 0.770213
vt 0.217480 0.747000
vt 0.262181 0.763499
vt 0.210051 0.677864
vt 0.239350 0.698876
vt 0.269903 0.732905
vt 0.233483 0.714400
vt 0.270858 0.727107
vt 0.271237 0.539724
vt 0.282481 0.544061
vt 0.294260 0.508092
vt 0.287587 0.507221
vt 0.294531 0.554499
vt 0.281839 0.551324
vt 0.294470 0.551959
vt 0.274310 0.311758
vt 0.273030 0.311906
vt 0.272172 0.309025
vt 0.273851 0.308846
vt 0.275995 0.327223
vt 0.277112 0.327240
vt 0.277237 0.328131
vt 0.275608 0.328249
vt 0.275718 0.318483
vt 0.275223 0.318507
vt 0.280070 0.330854
vt 0.280313 0.331011
vt 0.277480 0.327863
vt 0.277688 0.327967
vt 0.354016 0.313392
vt 0.347153 0.324488
vt 0.325294 0.314784
vt 0.329118 0.302870
vt 0.338887 0.336321
vt 0.333442 0.342918
vt 0.317627 0.334934
vt 0.320681 0.327596
vt 0.181317 0.716910
vt 0.249107 0.606453
vt 0.327832 0.349027
vt 0.321397 0.355260
vt 0.310723 0.349078
vt 0.314445 0.341851
vt 0.218077 0.666776
vt 0.308644 0.364005
vt 0.305800 0.365260
vt 0.301196 0.362027
vt 0.303013 0.360171
vt 0.317260 0.358459
vt 0.313148 0.361278
vt 0.305809 0.356555
vt 0.308285 0.352986
vt 0.295128 0.362078
vt 0.299405 0.363715
vt 0.289627 0.359500
vt 0.287842 0.358015
vt 0.280578 0.335405
vt 0.281261 0.335487
vt 0.265993 0.559605
vt 0.269815 0.546496
vt 0.277729 0.518201
vt 0.288692 0.360026
vt 0.286477 0.359971
vt 0.286334 0.358436
vt 0.287435 0.358478
vt 0.261396 0.573924
vt 0.281175 0.504970
vt 0.303087 0.366346
vt 0.272999 0.534556
vt 0.240875 0.624870
vt 0.202046 0.690682
vt 0.255845 0.589511
vt 0.230730 0.644915
vt 0.342004 0.253701
vt 0.383388 0.268721
vt 0.273116 0.347964
vt 0.276475 0.348001
vt 0.394511 0.231434
vt 0.349603 0.217481
vt 0.350749 0.211421
vt 0.397053 0.225560
vt 0.042737 0.820062
vt 0.108751 0.903218
vt 0.099087 0.914309
vt 0.031020 0.826578
vt 0.388595 0.258522
vt 0.344370 0.243025
vt 0.100248 0.770918
vt 0.160004 0.838767
vt 0.146148 0.857473
vt 0.082871 0.782198
vt 0.284368 0.358449
vt 0.153861 0.745796
vt 0.117686 0.775894
vt 0.086864 0.718531
vt 0.070563 0.697881
vt 0.066022 0.631588
vt 0.091541 0.664259
vt 0.124747 0.702542
vt 0.106853 0.711632
vt 0.051343 0.631352
vt 0.053607 0.701701
vt 0.011586 0.730858
vt 0.012186 0.650304
vt 0.000070 0.732796
vt 0.003086 0.648525
vt 0.268156 0.470877
vt 0.266387 0.346399
vt 0.269672 0.347485
vt 0.275330 0.469024
vt 0.183852 0.614755
vt 0.209531 0.627114
vt 0.202136 0.635514
vt 0.221098 0.573674
vt 0.240106 0.579245
vt 0.235757 0.586051
vt 0.146355 0.642721
vt 0.176702 0.663843
vt 0.165610 0.673102
vt 0.198298 0.600668
vt 0.221618 0.610155
vt 0.215473 0.618025
vt 0.250927 0.526973
vt 0.263093 0.529160
vt 0.260701 0.533955
vt 0.264797 0.503481
vt 0.275288 0.501402
vt 0.271285 0.508886
vt 0.230155 0.560989
vt 0.247245 0.565269
vt 0.243544 0.571559
vt 0.256363 0.517252
vt 0.269960 0.513850
vt 0.264959 0.523390
vt 0.244876 0.537565
vt 0.258563 0.540220
vt 0.255818 0.545508
vt 0.238011 0.548932
vt 0.253333 0.552260
vt 0.250159 0.558046
vt 0.290779 0.361494
vt 0.279790 0.330848
vt 0.279520 0.330988
vt 0.166753 0.628935
vt 0.194832 0.645049
vt 0.185837 0.653937
vt 0.210583 0.586928
vt 0.231669 0.594201
vt 0.226520 0.601535
vt 0.121764 0.655150
vt 0.153940 0.683201
vt 0.140013 0.692590
vt 0.276215 0.318783
vt 0.276672 0.319444
vt 0.275620 0.311970
vt 0.276920 0.312633
vt 0.275578 0.308908
vt 0.277472 0.309319
vt 0.260055 0.535956
vt 0.250071 0.528798
vt 0.183079 0.657108
vt 0.163900 0.631231
vt 0.162088 0.676351
vt 0.142901 0.644860
vt 0.270895 0.510469
vt 0.264173 0.504979
vt 0.213679 0.620927
vt 0.196277 0.602991
vt 0.199931 0.638561
vt 0.181463 0.617094
vt 0.255068 0.547665
vt 0.243903 0.539514
vt 0.249279 0.560354
vt 0.236898 0.550984
vt 0.242506 0.574014
vt 0.228876 0.563128
vt 0.264394 0.525234
vt 0.255580 0.518931
vt 0.086006 0.665105
vt 0.100710 0.714707
vt 0.093571 0.715586
vt 0.241213 0.576734
vt 0.197216 0.641949
vt 0.157794 0.679938
vt 0.208860 0.589205
vt 0.225040 0.604287
vt 0.223205 0.607345
vt 0.263687 0.527260
vt 0.254128 0.550046
vt 0.270381 0.512204
vt 0.259245 0.538161
vt 0.219618 0.575888
vt 0.234523 0.588653
vt 0.232989 0.591542
vt 0.248181 0.562905
vt 0.211462 0.624155
vt 0.179700 0.660629
vt 0.117498 0.656883
vt 0.135408 0.695818
vt 0.129823 0.699345
vt 0.275206 0.497544
vt 0.275121 0.498778
vt 0.290169 0.354034
vt 0.287453 0.354179
vt 0.288026 0.351216
vt 0.291361 0.349494
vt 0.286768 0.356325
vt 0.277484 0.483542
vt 0.276991 0.484699
vt 0.276315 0.471645
vt 0.220278 0.130807
vt 0.218838 0.126847
vt 0.218587 0.128468
vt 0.223066 0.129823
vt 0.221663 0.123238
vt 0.220534 0.123687
vt 0.222474 0.129870
vt 0.223882 0.129133
vt 0.222828 0.123807
vt 0.222673 0.123226
vt 0.223561 0.129518
vt 0.221629 0.130001
vt 0.219477 0.124477
vt 0.218721 0.125587
vt 0.220855 0.130293
vt 0.223621 0.124422
vt 0.224951 0.130909
vt 0.224262 0.130588
vt 0.223950 0.129106
vt 0.285659 0.343342
vt 0.288091 0.341587
vt 0.219319 0.127759
vt 0.219339 0.130463
vt 0.283037 0.474108
vt 0.276808 0.474858
vt 0.276565 0.473271
vt 0.282935 0.472308
vt 0.283179 0.477612
vt 0.277244 0.477980
vt 0.277043 0.476454
vt 0.283121 0.475898
vt 0.283198 0.480967
vt 0.277512 0.480901
vt 0.277409 0.479485
vt 0.283207 0.479323
vt 0.277545 0.482273
vt 0.283144 0.482614
vt 0.281914 0.494195
vt 0.276456 0.490737
vt 0.281257 0.503636
vt 0.275416 0.500118
vt 0.278037 0.326584
vt 0.278736 0.325242
vt 0.279943 0.325816
vt 0.278669 0.327324
vt 0.277796 0.327639
vt 0.277756 0.326916
vt 0.303638 0.298878
vt 0.302825 0.310796
vt 0.280222 0.312078
vt 0.278171 0.300474
vt 0.301815 0.323824
vt 0.301130 0.331375
vt 0.284590 0.332134
vt 0.282854 0.324793
vt 0.300362 0.338555
vt 0.299350 0.346122
vt 0.288012 0.346368
vt 0.286287 0.339091
vt 0.296726 0.358074
vt 0.295960 0.360157
vt 0.290675 0.359695
vt 0.290420 0.357743
vt 0.298618 0.350286
vt 0.297790 0.354130
vt 0.289781 0.354021
vt 0.288977 0.350359
vt 0.286376 0.357569
vt 0.285120 0.358110
vt 0.279341 0.335064
vt 0.279948 0.335256
vt 0.286424 0.357966
vt 0.286289 0.357815
vt 0.286489 0.358102
vt 0.285626 0.358451
vt 0.260898 0.255477
vt 0.299995 0.249845
vt 0.304460 0.214189
vt 0.261472 0.220333
vt 0.259979 0.214848
vt 0.304252 0.208251
vt 0.299662 0.239392
vt 0.257752 0.245974
vt 0.286336 0.366495
vt 0.283318 0.360521
vt 0.286552 0.362565
vt 0.450529 0.319950
vt 0.420623 0.293104
vt 0.428982 0.284545
vt 0.461589 0.316451
vt 0.436738 0.255374
vt 0.472826 0.289601
vt 0.440691 0.250096
vt 0.478119 0.285976
vt 0.401663 0.353319
vt 0.377807 0.330030
vt 0.322843 0.377313
vt 0.315289 0.376339
vt 0.312959 0.369455
vt 0.319087 0.368223
vt 0.360205 0.372361
vt 0.349311 0.375031
vt 0.339767 0.360084
vt 0.347889 0.355362
vt 0.387558 0.361513
vt 0.370884 0.368773
vt 0.355835 0.350034
vt 0.367923 0.339887
vt 0.337519 0.376964
vt 0.330121 0.377486
vt 0.324796 0.366647
vt 0.330611 0.364617
vt 0.294929 0.366321
vt 0.292109 0.367036
vt 0.290236 0.362770
vt 0.291890 0.362173
vt 0.310615 0.375140
vt 0.305599 0.369754
vt 0.309153 0.369698
vt 0.282902 0.335329
vt 0.282027 0.335473
vt 0.277220 0.327306
vt 0.276971 0.326292
vt 0.274702 0.326488
vt 0.273271 0.324886
vt 0.273700 0.327686
vt 0.271476 0.326263
vt 0.307739 0.555855
vt 0.307400 0.553177
vt 0.300932 0.507463
vt 0.300806 0.505917
vt 0.307075 0.503399
vt 0.309105 0.744797
vt 0.308964 0.738564
vt 0.308029 0.784565
vt 0.307776 0.777337
vt 0.303584 0.522592
vt 0.303264 0.520571
vt 0.311029 0.680347
vt 0.310872 0.675501
vt 0.310219 0.710448
vt 0.310091 0.704988
vt 0.309080 0.571622
vt 0.308759 0.568671
vt 0.310161 0.589087
vt 0.309862 0.585844
vt 0.310942 0.608414
vt 0.310671 0.604852
vt 0.306165 0.541668
vt 0.305802 0.539248
vt 0.311377 0.629837
vt 0.311140 0.625912
vt 0.301082 0.504492
vt 0.311417 0.653672
vt 0.311220 0.649327
vt 0.307688 0.831335
vt 0.307138 0.822849
vt 0.314009 0.883448
vt 0.312739 0.873691
vt 0.300964 0.502999
vt 0.301970 0.495984
vt 0.306326 0.493587
vt 0.308740 0.483618
vt 0.302908 0.481688
vt 0.302987 0.479814
vt 0.309166 0.481568
vt 0.303519 0.488667
vt 0.310427 0.475109
vt 0.303286 0.474131
vt 0.303375 0.472221
vt 0.308001 0.487381
vt 0.302876 0.485269
vt 0.302871 0.483487
vt 0.308346 0.485542
vt 0.309596 0.479484
vt 0.303080 0.477944
vt 0.303188 0.476020
vt 0.310021 0.477300
vt 0.302956 0.486961
vt 0.218083 0.126006
vt 0.220218 0.130183
vt 0.225476 0.130914
vt 0.224773 0.129057
vt 0.224424 0.126948
vt 0.280641 0.354697
vt 0.277313 0.356305
vt 0.275174 0.347005
vt 0.278144 0.346606
vt 0.221312 0.130761
vt 0.220714 0.131614
vt 0.222638 0.114473
vt 0.222860 0.124529
vt 0.223390 0.125679
vt 0.222598 0.118827
vt 0.220344 0.123814
vt 0.221650 0.123957
vt 0.213010 0.115094
vt 0.218278 0.124501
vt 0.219149 0.123999
vt 0.218449 0.125076
vt 0.215466 0.118260
vt 0.296694 0.468853
vt 0.304211 0.469233
vt 0.282495 0.356873
vt 0.284072 0.355363
vt 0.282495 0.356873
vt 0.280211 0.359003
vt 0.290034 0.613476
vt 0.310639 0.617870
vt 0.310898 0.621661
vt 0.289854 0.617041
vt 0.254446 0.790264
vt 0.306220 0.805631
vt 0.306689 0.813636
vt 0.252874 0.797715
vt 0.240883 0.838702
vt 0.306047 0.856744
vt 0.306990 0.865980
vt 0.238642 0.847667
vt 0.287366 0.634811
vt 0.310806 0.640423
vt 0.311028 0.644612
vt 0.287073 0.638741
vt 0.271963 0.720794
vt 0.308872 0.731799
vt 0.283328 0.662909
vt 0.310732 0.670237
vt 0.293207 0.579747
vt 0.309543 0.582349
vt 0.294419 0.549230
vt 0.307026 0.550307
vt 0.294452 0.518759
vt 0.302900 0.518436
vt 0.294034 0.563714
vt 0.308411 0.565499
vt 0.294433 0.536200
vt 0.305399 0.536664
vt 0.263654 0.756194
vt 0.307596 0.769499
vt 0.278389 0.690032
vt 0.309993 0.699058
vt 0.291851 0.597461
vt 0.310387 0.601001
vt 0.294314 0.533980
vt 0.305022 0.534328
vt 0.291942 0.594213
vt 0.310096 0.597556
vt 0.293228 0.576784
vt 0.309227 0.579211
vt 0.293999 0.561012
vt 0.308077 0.562644
vt 0.279005 0.685152
vt 0.309843 0.693827
vt 0.283763 0.658550
vt 0.310549 0.665577
vt 0.294336 0.516932
vt 0.302579 0.516499
vt 0.264802 0.749836
vt 0.307368 0.762647
vt 0.272809 0.715267
vt 0.308723 0.725856
vt 0.294338 0.546775
vt 0.306673 0.547719
vt 0.271818 0.312432
vt 0.270702 0.313299
vt 0.269011 0.310596
vt 0.270589 0.309683
vt 0.274768 0.318831
vt 0.274403 0.319431
vt 0.280475 0.331296
vt 0.280518 0.331653
vt 0.279899 0.347622
vt 0.283528 0.346762
vt 0.207074 0.962323
vt 0.322360 0.984710
vt 0.322537 0.999930
vt 0.201557 0.976798
vt 0.247150 0.884875
vt 0.345092 0.901945
vt 0.347900 0.924043
vt 0.240783 0.908262
vt 0.287453 0.354179
vt 0.285545 0.354509
vt 0.184463 0.019116
vt 0.191145 0.016538
vt 0.217339 0.111148
vt 0.196652 0.009868
vt 0.190240 0.014106
vt 0.286768 0.356325
vt 0.188973 0.008579
vt 0.225405 0.130693
vt 0.267850 0.324921
vt 0.271627 0.326763
vt 0.280661 0.324222
vt 0.282328 0.325186
vt 0.265848 0.326724
vt 0.267498 0.325559
vt 0.282923 0.320666
vt 0.279210 0.326862
vt 0.280970 0.324037
vt 0.269787 0.324594
vt 0.272442 0.323945
vt 0.275282 0.323650
vt 0.278123 0.323742
vt 0.274734 0.328200
vt 0.277198 0.328250
vt 0.286557 0.326660
vt 0.285026 0.305283
vt 0.268726 0.333291
vt 0.263517 0.324964
vt 0.280920 0.327555
vt 0.278470 0.327765
vt 0.282470 0.327992
vt 0.272978 0.330553
vt 0.270946 0.331321
vt 0.276679 0.327963
vt 0.270295 0.332279
vt 0.265384 0.327921
vt 0.274105 0.330125
vt 0.269736 0.328493
vt 0.267529 0.328082
vt 0.276324 0.329637
vt 0.280604 0.326273
vt 0.280839 0.341952
vt 0.276999 0.329323
vt 0.274219 0.328534
vt 0.273468 0.329059
vt 0.272017 0.329231
vt 0.272856 0.328769
vt 0.278933 0.327617
vt 0.249480 0.195191
vt 0.245637 0.173321
vt 0.281815 0.319396
vt 0.285820 0.321657
vt 0.262979 0.323514
vt 0.265420 0.321121
vt 0.268226 0.319538
vt 0.271316 0.318571
vt 0.274629 0.318169
vt 0.278126 0.318384
vt 0.257847 0.312579
vt 0.263252 0.312075
vt 0.266815 0.310537
vt 0.269407 0.308925
vt 0.271851 0.307980
vt 0.274373 0.307642
vt 0.277198 0.307824
vt 0.280632 0.307444
vt 0.266640 0.332236
vt 0.281774 0.327516
vt 0.277757 0.328336
vt 0.282278 0.327662
vt 0.273564 0.329935
vt 0.270038 0.330995
vt 0.277402 0.328172
vt 0.270365 0.331113
vt 0.261012 0.327209
vt 0.273186 0.329996
vt 0.269523 0.329138
vt 0.265222 0.328483
vt 0.276743 0.329110
vt 0.283011 0.324769
vt 0.279835 0.327401
vt 0.277882 0.328959
vt 0.278470 0.328766
vt 0.271909 0.340148
vt 0.271005 0.328848
vt 0.282353 0.341538
vt 0.278579 0.328612
vt 0.273425 0.339990
vt 0.271435 0.329302
vt 0.233645 0.150352
vt 0.230475 0.140317
vt 0.227417 0.179533
vt 0.230296 0.179470
vt 0.250056 0.188024
vt 0.254362 0.186882
vt 0.226873 0.193955
vt 0.230827 0.192920
vt 0.243162 0.175087
vt 0.238200 0.177677
vt 0.240692 0.176534
vt 0.234625 0.191908
vt 0.238359 0.190908
vt 0.242138 0.189995
vt 0.246010 0.189046
vt 0.233031 0.179137
vt 0.235657 0.178540
vt 0.232220 0.200085
vt 0.224367 0.179325
vt 0.245838 0.193357
vt 0.240937 0.193567
vt 0.244592 0.195105
vt 0.238361 0.194574
vt 0.234106 0.196810
vt 0.242199 0.192214
vt 0.236302 0.197597
vt 0.222667 0.195019
vt 0.236347 0.194108
vt 0.232399 0.193327
vt 0.227525 0.194101
vt 0.240765 0.192104
vt 0.249771 0.188491
vt 0.245239 0.190232
vt 0.237290 0.192698
vt 0.228380 0.138211
vt 0.226465 0.133431
vt 0.221892 0.144415
vt 0.223403 0.145038
vt 0.233991 0.147390
vt 0.236098 0.145889
vt 0.220547 0.150866
vt 0.222875 0.150746
vt 0.229836 0.142123
vt 0.227690 0.144395
vt 0.228878 0.143461
vt 0.225078 0.150367
vt 0.227406 0.149771
vt 0.229741 0.149164
vt 0.231872 0.148425
vt 0.224901 0.145199
vt 0.226346 0.144971
vt 0.222855 0.153505
vt 0.220410 0.143228
vt 0.231548 0.149325
vt 0.228701 0.149507
vt 0.230798 0.150434
vt 0.226535 0.150337
vt 0.224010 0.151614
vt 0.229367 0.148649
vt 0.225328 0.152143
vt 0.218008 0.150582
vt 0.225410 0.149963
vt 0.223658 0.149328
vt 0.220825 0.149882
vt 0.227992 0.148749
vt 0.233335 0.146710
vt 0.230634 0.147664
vt 0.226505 0.148917
vt 0.221038 0.136060
vt 0.221902 0.136323
vt 0.228243 0.136330
vt 0.229118 0.135627
vt 0.219993 0.138448
vt 0.221058 0.137956
vt 0.226262 0.134541
vt 0.224827 0.135659
vt 0.225670 0.135229
vt 0.222248 0.137152
vt 0.223853 0.136502
vt 0.225584 0.136289
vt 0.227043 0.136415
vt 0.222846 0.136233
vt 0.223847 0.135980
vt 0.221114 0.140359
vt 0.220286 0.135237
vt 0.226995 0.137890
vt 0.225332 0.138061
vt 0.226769 0.138458
vt 0.223588 0.138714
vt 0.222077 0.139408
vt 0.225480 0.137561
vt 0.222620 0.139758
vt 0.218902 0.138251
vt 0.223145 0.138371
vt 0.222193 0.137832
vt 0.220549 0.138025
vt 0.224608 0.137638
vt 0.227596 0.136269
vt 0.226092 0.136938
vt 0.223837 0.137677
vt 0.284368 0.358449
vt 0.284368 0.358449
vt 0.285096 0.357126
vt 0.285804 0.356405
vt 0.286768 0.356325
vt 0.283318 0.360521
vt 0.280211 0.359003
vt 0.280211 0.359003
vt 0.283318 0.360521
vt 0.284368 0.358449
vt 0.285096 0.357126
vt 0.285804 0.356405
vt 0.286768 0.356325
vt 0.280211 0.359003
vt 0.283318 0.360521
vt 0.287453 0.354179
vt 0.285545 0.354509
vt 0.284072 0.355363
vt 0.282495 0.356873
vt 0.284368 0.358449
vt 0.285096 0.357126
vt 0.285804 0.356405
vt 0.286768 0.356325
vt 0.280211 0.359003
vt 0.283318 0.360521
vt 0.287453 0.354179
vt 0.285545 0.354509
vt 0.284072 0.355363
vt 0.282495 0.356873
vt 0.283318 0.360521
vt 0.284368 0.358449
vt 0.285096 0.357126
vt 0.285804 0.356405
vt 0.286768 0.356325
vt 0.287453 0.354179
vt 0.285545 0.354509
vt 0.284072 0.355363
vt 0.282495 0.356873
vt 0.284072 0.355363
vt 0.285545 0.354509
vt 0.280211 0.359003
vt 0.282495 0.356873
vt 0.287453 0.354179
vn 0.0000 0.0000 1.0000
vn 0.0000 0.2535 -0.9673
vn 0.9785 0.2063 0.0002
vn 0.9874 0.1584 0.0000
vn 0.0000 0.0000 -1.0000
vn -0.9872 -0.1595 0.0000
vn 0.0000 0.2535 0.9673
vn 0.0416 0.0120 -0.9991
vn 0.0000 -1.0000 0.0000
vn 1.0000 0.0000 0.0000
vn -1.0000 0.0000 0.0000
vn -0.5459 -0.0838 0.8337
vn 0.0187 0.0078 -0.9998
vn 0.0149 0.7145 -0.6995
vn 0.5828 0.1015 -0.8062
vn 0.0010 0.0083 -1.0000
vn 0.5828 0.1015 0.8062
vn 0.0081 0.6680 0.7441
vn 0.0083 1.0000 0.0000
vn -0.4226 0.9063 0.0000
vn -0.2436 -0.0126 -0.9698
vn -0.2132 -0.0488 0.9758
vn 0.3189 0.0542 -0.9463
vn -0.9480 -0.3182 -0.0000
vn 0.2078 0.0364 -0.9775
vn -0.1332 -0.0166 0.9909
vn 0.1689 0.0302 -0.9852
vn -0.1134 -0.0237 -0.9933
vn -0.0192 0.0000 0.9998
vn 0.1294 0.0239 -0.9913
vn 0.2458 0.0425 0.9684
vn 0.0894 0.0175 -0.9958
vn -0.0645 0.0002 -0.9979
vn -0.2693 -0.0387 -0.9623
vn 0.2458 0.0425 -0.9684
vn -0.9999 0.0124 0.0000
vn 0.2829 0.0484 -0.9579
vn -0.1641 -0.0069 0.9864
vn -0.4945 -0.0754 -0.8659
vn 0.4496 0.0750 -0.8901
vn -0.4509 -0.0682 0.8900
vn 0.4930 0.0819 -0.8662
vn 0.4190 0.0701 -0.9053
vn -0.3851 -0.0575 0.9211
vn -0.4191 -0.0630 -0.9057
vn 0.3870 0.0650 -0.9198
vn -0.5459 -0.0838 -0.8337
vn -0.4945 -0.0754 0.8659
vn 0.4930 0.0819 0.8662
vn -0.4509 -0.0682 -0.8900
vn -0.0017 0.0105 0.9999
vn -0.4191 -0.0630 0.9057
vn 0.5197 0.8543 0.0000
vn -0.0017 0.0105 -0.9999
vn -0.1903 0.9817 0.0000
vn 0.1329 -0.9911 -0.0000
vn 0.3536 0.0597 0.9335
vn 0.3189 0.0542 0.9463
vn -0.2132 -0.0488 -0.9758
vn 0.2829 0.0484 0.9579
vn -0.2693 -0.0387 0.9623
vn -0.2436 -0.0126 0.9698
vn 0.3536 0.0597 -0.9335
vn -0.3851 -0.0575 -0.9211
vn 0.3870 0.0650 0.9198
vn 0.4190 0.0701 0.9053
vn -0.1134 -0.0237 0.9933
vn -0.1641 -0.0069 -0.9864
vn 0.4496 0.0750 0.8901
vn -0.1332 -0.0166 -0.9909
vn 0.1689 0.0302 0.9852
vn 0.2078 0.0364 0.9775
vn -0.0645 0.0002 0.9979
vn 0.0244 0.0144 0.9996
vn 0.0187 0.0078 0.9998
vn 0.1294 0.0239 0.9913
vn 0.0894 0.0175 0.9958
vn -0.0192 0.0000 -0.9998
vn 0.9138 0.4061 0.0000
vn -0.5693 -0.8221 -0.0000
vn 0.0055 0.0084 -0.9999
vn 0.0055 0.0084 0.9999
vn 0.0092 0.0000 -1.0000
vn -0.9266 -0.3760 -0.0000
vn 0.0089 0.0038 -1.0000
vn 0.0089 0.0038 1.0000
vn 0.0092 0.0000 1.0000
vn 0.0000 0.0084 1.0000
vn 0.0000 -0.0066 1.0000
vn 0.0000 1.0000 0.0000
vn 0.0000 -0.0062 1.0000
vn 0.0000 0.0084 -1.0000
vn 0.0000 -0.0149 -0.9999
vn 0.0000 -0.0065 -1.0000
vn 0.0000 -0.0071 1.0000
vn 0.0000 -0.0070 -1.0000
vn 0.0000 -0.0063 1.0000
vn 0.0000 -0.0072 1.0000
vn 0.0000 -0.0062 -1.0000
vn 0.0000 -0.0149 0.9999
vn 0.0000 -0.0072 -1.0000
vn 0.0000 -0.0064 -1.0000
vn 0.0000 -0.0063 -1.0000
vn 0.0000 -0.0065 1.0000
vn 0.0000 -0.0064 1.0000
vn 0.0000 -0.0069 -1.0000
vn 0.0000 -0.0070 1.0000
vn 0.0000 -0.0068 -1.0000
vn 0.0000 -0.0067 -1.0000
vn 0.0000 -0.0069 1.0000
vn 0.0000 -0.0068 1.0000
vn 0.0001 0.0181 0.9998
vn 0.7508 0.1259 -0.6485
vn 0.7508 0.1259 0.6485
vn 0.6804 0.1152 -0.7237
vn 0.6804 0.1152 0.7237
vn 0.6410 0.1092 -0.7598
vn 0.6410 0.1092 0.7598
vn 0.7172 0.1208 0.6863
vn 0.7172 0.1208 -0.6863
vn 0.8072 0.1343 0.5748
vn 0.8072 0.1343 -0.5748
vn 0.7808 0.1304 -0.6111
vn 0.7808 0.1304 0.6111
vn 0.8302 0.1377 0.5403
vn 0.8302 0.1377 -0.5403
vn 0.7944 0.1324 0.5928
vn 0.7944 0.1324 -0.5928
vn 0.7344 0.1234 0.6674
vn 0.7344 0.1234 -0.6674
vn 0.7662 0.1282 -0.6297
vn 0.7662 0.1282 0.6297
vn 0.6991 0.1181 -0.7052
vn 0.6992 0.1181 0.7052
vn 0.6609 0.1123 0.7420
vn 0.6609 0.1123 -0.7420
vn 0.6206 0.1061 -0.7769
vn 0.6206 0.1061 0.7769
vn 0.8609 0.1684 -0.4802
vn 0.7626 0.1324 0.6332
vn 0.7885 0.6150 0.0000
vn 0.9881 0.1540 0.0009
vn 0.7586 0.1260 -0.6393
vn 0.7425 0.1235 0.6584
vn 0.6889 0.1154 -0.7156
vn 0.6695 0.1124 0.7342
vn 0.6495 0.1094 -0.7524
vn 0.6290 0.1062 0.7701
vn 0.7076 0.1182 0.6967
vn 0.7255 0.1209 -0.6775
vn 0.8013 0.1324 0.5834
vn 0.8194 0.1353 -0.5570
vn 0.7880 0.1304 -0.6017
vn 0.7737 0.1283 0.6204
vn 0.8194 0.1353 0.5570
vn 0.7626 0.1324 -0.6332
vn 0.7880 0.1304 0.6017
vn 0.8013 0.1324 -0.5834
vn 0.7255 0.1209 0.6775
vn 0.7425 0.1235 -0.6584
vn 0.7737 0.1283 -0.6204
vn 0.7586 0.1260 0.6393
vn 0.7076 0.1182 -0.6967
vn 0.6889 0.1154 0.7156
vn 0.6495 0.1094 0.7524
vn 0.6695 0.1124 -0.7342
vn 0.6290 0.1062 -0.7701
vn 0.8732 0.1719 0.4560
vn 0.0000 -0.0175 -0.9998
vn 0.0000 -0.0066 -1.0000
vn 0.0000 -0.0067 1.0000
vn 0.0000 -0.0071 -1.0000
vn 0.0000 0.9997 -0.0255
vn -0.0067 -0.5716 0.8205
vn -0.7733 -0.6340 0.0000
vn -0.0021 -0.0007 1.0000
vn -0.0021 -0.0007 -1.0000
vn 0.7383 -0.6745 0.0000
vn -0.0067 -0.5735 -0.8192
vn -0.0067 -0.5735 0.8192
vn 0.9742 -0.2258 0.0000
vn -0.0067 -0.5716 -0.8205
vn 0.5294 -0.8484 0.0000
vn 0.9486 -0.3165 0.0000
vn 0.9510 0.3093 0.0000
vn 0.6699 -0.0739 0.7388
vn 0.6521 0.0601 -0.7558
vn 0.8064 0.0746 -0.5867
vn 0.8066 -0.0887 0.5845
vn -0.0018 -0.0007 -1.0000
vn -0.0018 -0.0007 1.0000
vn -0.0016 -0.0007 1.0000
vn -0.0016 -0.0007 -1.0000
vn 0.8805 -0.0967 0.4642
vn 0.7269 0.0671 -0.6834
vn 0.8839 0.0819 -0.4605
vn 0.7348 -0.0809 0.6734
vn -0.0019 -0.0007 -1.0000
vn -0.0019 -0.0007 1.0000
vn 0.9776 0.2103 0.0000
vn 0.6521 0.0601 0.7558
vn -0.0015 -0.0007 -1.0000
vn -0.0015 -0.0007 1.0000
vn 0.8805 -0.0967 -0.4642
vn 0.8066 -0.0887 -0.5845
vn -0.0017 -0.0007 1.0000
vn -0.0017 -0.0007 -1.0000
vn 0.7269 0.0671 0.6834
vn 0.8064 0.0746 0.5867
vn 0.7348 -0.0809 -0.6734
vn 0.6699 -0.0739 -0.7388
vn 0.8839 0.0819 0.4605
vn -0.0020 -0.0007 -1.0000
vn -0.0020 -0.0007 1.0000
vn -1.0000 0.0083 0.0000
vn -0.5679 0.8231 0.0000
vn -0.0053 -0.6403 0.7681
vn 0.0053 0.6403 0.7681
vn -0.0053 -0.6335 -0.7738
vn 0.0053 0.6335 -0.7738
vn -0.0083 -1.0000 0.0000
vn 0.5679 -0.8231 0.0000
vn -0.4960 0.7910 0.3581
vn -0.9444 -0.3287 0.0000
vn -0.9395 0.3426 0.0000
vn -0.0077 -1.0000 0.0000
vn 0.5360 -0.8442 0.0000
vn 0.9855 0.1699 0.0007
vn 0.9790 0.2039 0.0002
vn 0.9793 0.2022 0.0002
vn 0.0056 0.7745 -0.6326
vn 0.9845 0.1753 0.0006
vn 0.9808 0.1802 -0.0747
vn -0.9565 0.0080 0.2915
vn -0.9722 0.1813 0.1481
vn -0.9565 0.0079 0.2915
vn -0.9749 -0.1656 0.1485
vn 0.7885 0.6151 0.0000
vn 0.9783 0.1914 -0.0794
vn -0.6854 0.7282 0.0000
vn 0.9866 0.1631 0.0008
vn 0.0070 0.7746 -0.6324
vn 0.9787 0.2052 0.0002
vn 0.9789 0.2046 0.0002
vn 0.9860 0.1667 0.0007
vn 0.0077 1.0000 0.0000
vn -0.4960 0.7910 -0.3582
vn 0.9792 0.2031 0.0002
vn 0.0070 0.7745 0.6326
vn 0.9850 0.1728 0.0006
vn 0.1788 -0.2181 -0.9594
vn 0.9783 0.1914 0.0794
vn 0.9841 0.1775 0.0006
vn 0.9795 0.2013 0.0002
vn -0.9749 -0.1656 -0.1485
vn -0.9566 0.0080 -0.2914
vn -0.9566 0.0079 -0.2914
vn -0.9722 0.1813 -0.1481
vn 0.9808 0.1802 0.0747
vn 0.9873 0.1589 0.0008
vn 0.0056 0.7746 0.6324
vn 0.9786 0.2058 0.0002
vn -0.0639 0.9234 -0.3784
vn -0.0639 0.9235 -0.3783
vn -0.0639 0.9235 0.3783
vn -0.0639 0.9234 0.3784
vn -0.1313 0.0011 -0.9913
vn -0.0580 0.3786 -0.9237
vn -0.1336 0.0011 0.9910
vn -0.0643 -0.3776 -0.9237
vn -0.0589 0.3845 0.9212
vn -0.0653 -0.3835 0.9212
vn 0.9994 -0.0350 0.0000
vn -0.9870 -0.1604 -0.0000
vn -0.0191 -0.9474 0.3194
vn -0.0191 -0.9474 -0.3194
vn 1.0000 -0.0083 0.0000
vn 0.0785 0.9081 -0.4113
vn 0.0785 0.9082 0.4112
vn 0.0062 0.7411 -0.6713
vn 0.0062 0.7412 0.6712
vn 0.9613 -0.2754 0.0000
vn 0.2513 -0.0709 0.9653
vn 0.1788 -0.2181 0.9594
vn 0.8762 -0.4820 0.0000
vn 0.2328 -0.1234 0.9647
vn -0.9635 0.2677 0.0000
vn 0.2514 -0.0710 -0.9653
vn 0.6791 -0.7340 0.0000
vn 0.1946 -0.1907 0.9622
vn -0.8926 0.4508 0.0000
vn 0.2329 -0.1234 -0.9646
vn 0.3154 -0.9490 0.0000
vn -0.7691 0.6391 0.0000
vn 0.1946 -0.1907 -0.9622
vn -0.9490 -0.3154 0.0000
vn -0.3154 0.9490 0.0000
vn 0.0815 -0.2453 -0.9660
vn 0.0815 -0.2452 0.9660
usemtl metal.001
s off
f 70/1/1 26/2/1 19/3/1 65/4/1
f 24/5/2 130/6/2 28/7/2 23/8/2
f 1157/9/3 124/10/3 4/11/3 1129/12/3
f 1090/13/4 1170/14/4 207/15/4 123/16/4
f 69/17/5 23/8/5 28/7/5 67/18/5
f 4/11/1 2/19/1 6/20/1 8/21/1
f 980/22/6 973/23/6 24/5/6 66/24/6
f 126/25/7 20/26/7 19/3/7 26/2/7
f 203/27/8 128/28/8 27/29/8 110/30/8
f 1130/31/9 8/21/9 12/32/9 1131/33/9
f 1/34/5 3/35/5 7/36/5 5/37/5
f 1129/12/10 4/11/10 8/21/10 1130/31/10
f 1041/38/11 1/34/11 5/37/11 1042/39/11
f 12/32/1 10/40/1 14/41/1 16/42/1
f 1042/39/9 5/37/9 9/43/9 1043/44/9
f 8/21/9 6/20/9 10/40/9 12/32/9
f 5/37/9 7/36/9 11/45/9 9/43/9
f 9/43/5 11/45/5 15/46/5 13/47/5
f 1131/33/10 12/32/10 16/42/10 1132/48/10
f 1043/44/11 9/43/11 13/47/11 1044/49/11
f 65/4/12 19/3/12 20/26/12 68/50/12
f 106/51/13 21/52/13 22/53/13 109/54/13
f 22/53/14 128/28/14 3/35/14 1/34/14
f 130/6/15 171/55/15 67/18/15 28/7/15
f 128/28/16 22/53/16 21/52/16 27/29/16
f 26/2/17 70/1/17 168/56/17 126/25/17
f 124/10/18 18/57/18 2/19/18 4/11/18
f 1122/58/19 1188/59/19 303/60/19 314/61/19
f 972/62/20 22/53/20 1/34/20 1041/38/20
f 1092/63/4 1168/64/4 195/65/4 141/66/4
f 1099/67/4 1158/68/4 134/69/4 179/70/4
f 88/71/21 31/72/21 32/73/21 91/74/21
f 81/75/22 29/76/22 30/77/22 84/78/22
f 133/79/23 183/80/23 83/81/23 33/82/23
f 984/83/24 974/84/24 32/73/24 82/85/24
f 85/86/5 31/72/5 33/82/5 83/81/5
f 86/87/1 34/88/1 29/76/1 81/75/1
f 104/89/1 37/90/1 38/91/1 99/92/1
f 103/93/5 36/94/5 40/95/5 101/96/5
f 987/97/6 975/98/6 39/99/6 100/100/6
f 191/101/25 139/102/25 40/95/25 98/103/25
f 99/92/26 38/91/26 35/104/26 102/105/26
f 1093/106/4 1169/107/4 199/108/4 147/109/4
f 139/102/27 201/110/27 101/96/27 40/95/27
f 94/111/28 36/94/28 39/99/28 97/112/28
f 108/113/29 44/114/29 41/115/29 105/116/29
f 201/110/30 145/117/30 46/118/30 101/96/30
f 988/119/24 976/120/24 45/121/24 109/54/24
f 106/51/5 42/122/5 46/118/5 110/30/5
f 107/123/1 43/124/1 44/114/1 108/113/1
f 52/125/31 95/126/31 194/127/31 151/128/31
f 145/117/32 203/27/32 110/30/32 46/118/32
f 103/93/33 42/122/33 45/121/33 100/100/33
f 85/86/34 51/129/34 48/130/34 82/85/34
f 154/131/35 191/101/35 98/103/35 49/132/35
f 1101/133/4 1161/134/4 149/135/4 196/136/4
f 95/126/1 52/125/1 47/137/1 96/138/1
f 94/111/5 51/129/5 49/132/5 98/103/5
f 986/139/36 977/140/36 48/130/36 97/112/36
f 183/80/37 154/131/37 49/132/37 83/81/37
f 96/138/38 47/137/38 50/141/38 93/142/38
f 69/17/39 57/143/39 54/144/39 66/24/39
f 160/145/40 177/146/40 73/147/40 55/148/40
f 1098/149/4 1162/150/4 155/151/4 173/152/4
f 71/153/41 53/154/41 56/155/41 74/156/41
f 171/55/42 160/145/42 55/148/42 67/18/42
f 981/157/6 978/158/6 54/144/6 72/159/6
f 75/160/5 57/143/5 55/148/5 73/147/5
f 76/161/1 58/162/1 53/154/1 71/153/1
f 89/163/1 61/164/1 62/165/1 90/166/1
f 88/71/5 60/167/5 64/168/5 92/169/5
f 985/170/6 979/171/6 63/172/6 91/74/6
f 177/146/43 163/173/43 64/168/43 73/147/43
f 90/166/44 62/165/44 59/174/44 87/175/44
f 75/160/45 60/167/45 63/172/45 72/159/45
f 163/173/46 185/176/46 92/169/46 64/168/46
f 1097/177/4 1156/178/4 125/179/4 167/180/4
f 1091/181/4 1167/182/4 189/183/4 135/184/4
f 23/8/47 69/17/47 66/24/47 24/5/47
f 53/154/48 65/4/48 68/50/48 56/155/48
f 70/1/49 58/162/49 157/185/49 168/56/49
f 978/158/6 980/22/6 66/24/6 54/144/6
f 57/143/5 69/17/5 67/18/5 55/148/5
f 58/162/1 70/1/1 65/4/1 53/154/1
f 1095/186/4 1164/187/4 169/188/4 156/189/4
f 1096/190/4 1165/191/4 175/192/4 165/193/4
f 57/143/50 75/160/50 72/159/50 54/144/50
f 61/164/1 76/161/1 71/153/1 62/165/1
f 60/167/5 75/160/5 73/147/5 64/168/5
f 59/174/51 74/156/51 77/194/51 78/195/51
f 1100/196/4 1163/197/4 164/198/4 190/199/4
f 62/165/52 71/153/52 74/156/52 59/174/52
f 983/200/53 80/201/53 114/202/53 990/203/53
f 72/159/54 63/172/54 79/204/54 80/201/54
f 981/157/55 72/159/55 80/201/55 983/200/55
f 1140/205/56 59/174/56 78/195/56 1143/206/56
f 89/163/57 34/88/57 136/207/57 188/208/57
f 34/88/58 86/87/58 180/209/58 136/207/58
f 31/72/59 85/86/59 82/85/59 32/73/59
f 52/125/1 86/87/1 81/75/1 47/137/1
f 51/129/5 85/86/5 83/81/5 49/132/5
f 977/140/6 984/83/6 82/85/6 48/130/6
f 86/87/60 52/125/60 151/128/60 180/209/60
f 47/137/61 81/75/61 84/78/61 50/141/61
f 29/76/62 90/166/62 87/175/62 30/77/62
f 185/176/63 133/79/63 33/82/63 92/169/63
f 974/84/36 985/170/36 91/74/36 32/73/36
f 31/72/5 88/71/5 92/169/5 33/82/5
f 34/88/1 89/163/1 90/166/1 29/76/1
f 60/167/64 88/71/64 91/74/64 63/172/64
f 61/164/65 89/163/65 188/208/65 166/210/65
f 76/161/66 61/164/66 166/210/66 174/211/66
f 38/91/67 96/138/67 93/142/67 35/104/67
f 1102/212/4 1159/213/4 140/214/4 197/215/4
f 975/98/24 986/139/24 97/112/24 39/99/24
f 36/94/5 94/111/5 98/103/5 40/95/5
f 37/90/1 95/126/1 96/138/1 38/91/1
f 51/129/68 94/111/68 97/112/68 48/130/68
f 58/162/69 76/161/69 174/211/69 157/185/69
f 1094/216/4 1166/217/4 181/218/4 150/219/4
f 36/94/70 103/93/70 100/100/70 39/99/70
f 37/90/71 104/89/71 198/220/71 142/221/71
f 95/126/72 37/90/72 142/221/72 194/127/72
f 44/114/73 99/92/73 102/105/73 41/115/73
f 1103/222/4 1160/223/4 146/224/4 208/225/4
f 976/120/36 987/97/36 100/100/36 45/121/36
f 42/122/5 103/93/5 101/96/5 46/118/5
f 43/124/1 104/89/1 99/92/1 44/114/1
f 25/226/1 107/123/1 108/113/1 17/227/1
f 21/52/5 106/51/5 110/30/5 27/29/5
f 972/62/6 988/119/6 109/54/6 22/53/6
f 107/123/74 25/226/74 124/10/74 206/228/74
f 17/227/75 108/113/75 105/116/75 18/57/75
f 104/89/76 43/124/76 148/229/76 198/220/76
f 43/124/77 107/123/77 206/228/77 148/229/77
f 42/122/78 106/51/78 109/54/78 45/121/78
f 990/203/79 114/202/79 118/230/79 992/231/79
f 1143/206/80 78/195/80 112/232/80 1150/233/80
f 80/201/81 79/204/81 113/234/81 114/202/81
f 78/195/82 77/194/82 111/235/82 112/232/82
f 118/230/83 117/236/83 121/237/83 122/238/83
f 1150/233/84 112/232/84 116/239/84 1152/240/84
f 114/202/85 113/234/85 117/236/85 118/230/85
f 112/232/86 111/235/86 115/241/86 116/239/86
f 116/239/87 115/241/87 119/242/87 120/243/87
f 992/231/10 118/230/10 122/238/10 994/244/10
f 1152/240/11 116/239/11 120/243/11 1154/245/11
f 123/16/88 207/15/88 286/246/88 293/247/88
f 154/131/89 183/80/89 262/248/89 230/249/89
f 1004/250/90 176/251/90 255/252/90 1019/253/90
f 203/27/91 145/117/91 221/254/91 282/255/91
f 995/256/90 129/257/90 291/258/90 1010/259/90
f 182/260/92 152/261/92 231/262/92 261/263/92
f 1098/149/9 173/152/9 252/264/9 1113/265/9
f 144/266/92 204/267/92 283/268/92 223/269/92
f 126/25/93 168/56/93 247/270/93 290/271/93
f 151/128/94 194/127/94 273/272/94 227/273/94
f 177/146/95 160/145/95 236/274/95 256/275/95
f 1008/276/90 200/277/90 279/278/90 1023/279/90
f 196/136/88 149/135/88 228/280/88 272/281/88
f 159/282/92 178/283/92 254/284/92 238/285/92
f 1102/212/9 197/215/9 276/286/9 1117/287/9
f 167/180/88 125/179/88 289/288/88 246/289/88
f 999/290/90 144/266/90 223/269/90 1014/291/90
f 174/211/96 166/210/96 242/292/96 253/293/96
f 201/110/97 139/102/97 215/294/97 280/295/97
f 128/28/98 203/27/98 282/255/98 288/296/98
f 1093/106/9 147/109/9 226/297/9 1108/298/9
f 165/193/88 175/192/88 251/299/88 244/300/88
f 138/301/92 202/302/92 278/303/92 217/304/92
f 148/229/99 206/228/99 285/305/99 224/306/99
f 1003/307/90 170/308/90 249/309/90 1018/310/90
f 198/220/99 148/229/99 224/306/99 277/311/99
f 205/312/92 127/313/92 287/314/92 281/315/92
f 208/225/88 146/224/88 225/316/88 284/317/88
f 1097/177/9 167/180/9 246/289/9 1112/318/9
f 147/109/88 199/108/88 275/319/88 226/297/88
f 145/117/91 201/110/91 280/295/91 221/254/91
f 171/55/100 130/6/100 292/320/100 250/321/100
f 1007/322/90 193/323/90 269/324/90 1022/325/90
f 200/277/92 143/326/92 222/327/92 279/278/92
f 129/257/92 172/328/92 248/329/92 291/258/92
f 1101/133/9 196/136/9 272/281/9 1116/330/9
f 998/331/90 138/301/90 217/304/90 1013/332/90
f 168/56/101 157/185/101 233/333/101 247/270/101
f 194/127/102 142/221/102 218/334/102 273/272/102
f 1092/63/9 141/66/9 220/335/9 1107/336/9
f 156/189/88 169/188/88 245/337/88 235/338/88
f 141/66/88 195/65/88 274/339/88 220/335/88
f 142/221/103 198/220/103 277/311/103 218/334/103
f 1002/340/90 162/341/90 241/342/90 1017/343/90
f 191/101/104 154/131/104 230/249/104 270/344/104
f 197/215/88 140/214/88 219/345/88 276/286/88
f 1096/190/9 165/193/9 244/300/9 1111/346/9
f 153/347/92 192/348/92 271/349/92 232/350/92
f 139/102/105 191/101/105 270/344/105 215/294/105
f 166/210/106 188/208/106 267/351/106 242/292/106
f 1006/352/90 187/353/90 263/354/90 1021/355/90
f 193/323/92 137/356/92 216/357/92 269/324/92
f 190/199/88 164/198/88 243/358/88 266/359/88
f 1100/196/9 190/199/9 266/359/9 1115/360/9
f 997/361/90 132/362/90 211/363/90 1012/364/90
f 163/173/107 177/146/107 256/275/107 239/365/107
f 188/208/108 136/207/108 212/366/108 267/351/108
f 1091/181/9 135/184/9 214/367/9 1106/368/9
f 176/251/92 161/369/92 240/370/92 255/252/92
f 135/184/88 189/183/88 268/371/88 214/367/88
f 136/207/109 180/209/109 259/372/109 212/366/109
f 1001/373/90 159/282/90 238/285/90 1016/374/90
f 185/176/110 163/173/110 239/365/110 264/375/110
f 179/70/88 134/69/88 213/376/88 258/377/88
f 1095/186/9 156/189/9 235/338/9 1110/378/9
f 162/341/92 186/379/92 265/380/92 241/342/92
f 133/79/111 185/176/111 264/375/111 209/381/111
f 160/145/98 171/55/98 250/321/98 236/274/98
f 1005/382/90 182/260/90 261/263/90 1020/383/90
f 18/57/112 124/10/112 25/226/112 17/227/112
f 210/384/113 211/363/113 209/381/113
f 213/376/114 214/367/114 212/366/114
f 216/357/115 217/304/115 215/294/115
f 219/345/116 220/335/116 218/334/116
f 222/327/117 223/269/117 221/254/117
f 225/316/118 226/297/118 224/306/118
f 228/280/119 229/385/119 227/273/119
f 231/262/120 232/350/120 230/249/120
f 234/386/121 235/338/121 233/333/121
f 237/387/122 238/285/122 236/274/122
f 240/370/123 241/342/123 239/365/123
f 243/358/124 244/300/124 242/292/124
f 246/289/125 247/270/125 245/337/125
f 249/309/126 250/321/126 248/329/126
f 252/264/127 253/293/127 251/299/127
f 255/252/128 256/275/128 254/284/128
f 258/377/129 259/372/129 257/388/129
f 261/263/130 262/248/130 260/389/130
f 264/375/131 265/380/131 263/354/131
f 267/351/132 268/371/132 266/359/132
f 270/344/133 271/349/133 269/324/133
f 273/272/134 274/339/134 272/281/134
f 276/286/135 277/311/135 275/319/135
f 279/278/136 280/295/136 278/303/136
f 282/255/137 283/268/137 281/315/137
f 285/305/138 286/246/138 284/317/138
f 281/315/139 287/314/139 288/296/139 282/255/139
f 246/289/140 289/288/140 290/271/140 247/270/140
f 1010/259/141 291/258/141 292/320/141 1060/390/141
f 1105/391/142 293/247/142 294/392/142 1172/393/142
f 263/354/143 210/384/143 209/381/143 264/375/143
f 258/377/144 213/376/144 212/366/144 259/372/144
f 1106/368/4 214/367/4 213/376/4 1173/394/4
f 269/324/145 216/357/145 215/294/145 270/344/145
f 276/286/146 219/345/146 218/334/146 277/311/146
f 1107/336/4 220/335/4 219/345/4 1174/395/4
f 279/278/147 222/327/147 221/254/147 280/295/147
f 284/317/148 225/316/148 224/306/148 285/305/148
f 1108/298/4 226/297/4 225/316/4 1175/396/4
f 272/281/149 228/280/149 227/273/149 273/272/149
f 261/263/150 231/262/150 230/249/150 262/248/150
f 1109/397/4 229/385/4 228/280/4 1176/398/4
f 252/264/151 234/386/151 233/333/151 253/293/151
f 249/309/152 237/387/152 236/274/152 250/321/152
f 1110/378/4 235/338/4 234/386/4 1177/399/4
f 255/252/153 240/370/153 239/365/153 256/275/153
f 266/359/154 243/358/154 242/292/154 267/351/154
f 1111/346/4 244/300/4 243/358/4 1178/400/4
f 235/338/155 245/337/155 247/270/155 233/333/155
f 291/258/156 248/329/156 250/321/156 292/320/156
f 1112/318/4 246/289/4 245/337/4 1179/401/4
f 244/300/157 251/299/157 253/293/157 242/292/157
f 238/285/158 254/284/158 256/275/158 236/274/158
f 1113/265/4 252/264/4 251/299/4 1180/402/4
f 229/385/159 257/388/159 259/372/159 227/273/159
f 211/363/160 260/389/160 262/248/160 209/381/160
f 1114/403/4 258/377/4 257/388/4 1181/404/4
f 241/342/161 265/380/161 264/375/161 239/365/161
f 214/367/162 268/371/162 267/351/162 212/366/162
f 1115/360/4 266/359/4 268/371/4 1182/405/4
f 232/350/163 271/349/163 270/344/163 230/249/163
f 220/335/164 274/339/164 273/272/164 218/334/164
f 1116/330/4 272/281/4 274/339/4 1183/406/4
f 226/297/165 275/319/165 277/311/165 224/306/165
f 217/304/166 278/303/166 280/295/166 215/294/166
f 1117/287/4 276/286/4 275/319/4 1184/407/4
f 223/269/167 283/268/167 282/255/167 221/254/167
f 293/247/168 286/246/168 285/305/168 294/392/168
f 1118/408/4 284/317/4 286/246/4 1185/409/4
f 150/219/88 181/218/88 257/388/88 229/385/88
f 1094/216/9 150/219/9 229/385/9 1109/397/9
f 1089/410/9 126/25/9 290/271/9 1104/411/9
f 206/228/169 124/10/169 294/392/169 285/305/169
f 180/209/170 151/128/170 227/273/170 259/372/170
f 1000/412/90 153/347/90 232/350/90 1015/413/90
f 1090/13/9 123/16/9 293/247/9 1105/391/9
f 1103/222/9 208/225/9 284/317/9 1118/408/9
f 132/362/92 184/414/92 260/389/92 211/363/92
f 173/152/88 155/151/88 234/386/88 252/264/88
f 1009/415/90 205/312/90 281/315/90 1024/416/90
f 183/80/171 133/79/171 209/381/171 262/248/171
f 157/185/172 174/211/172 253/293/172 233/333/172
f 996/417/173 128/28/173 288/296/173 1011/418/173
f 1099/67/9 179/70/9 258/377/9 1114/403/9
f 170/308/92 158/419/92 237/387/92 249/309/92
f 187/353/92 131/420/92 210/384/92 263/354/92
f 300/421/174 299/422/174 310/423/174 295/424/174
f 1187/425/175 300/421/175 295/424/175 1186/426/175
f 350/427/176 352/428/176 314/61/176 303/60/176
f 348/429/177 351/430/177 304/431/177 312/432/177
f 1045/433/178 130/6/178 302/434/178 1075/435/178
f 130/6/179 24/5/179 301/436/179 302/434/179
f 1134/437/175 20/26/175 300/421/175 1187/425/175
f 20/26/180 126/25/180 299/422/180 300/421/180
f 1082/438/181 340/439/181 315/440/181 1076/441/181
f 1413/442/1 1389/443/1 361/444/1 353/445/1
f 302/434/182 301/436/182 296/446/182 308/447/182
f 1075/435/183 302/434/183 308/447/183 1028/448/183
f 1121/449/184 309/450/184 310/423/184 1189/451/184
f 1122/58/185 314/61/185 313/452/185 1190/453/185
f 347/454/186 313/452/186 314/61/186 352/428/186
f 332/455/187 307/456/187 308/447/187 333/457/187
f 1084/458/181 349/459/181 311/460/181 1029/461/181
f 341/462/188 315/440/188 316/463/188 346/464/188
f 336/465/189 298/466/189 297/467/189 339/468/189
f 1385/469/1 1409/470/1 367/471/1 368/472/1
f 335/473/190 338/474/190 305/475/190 316/463/190
f 337/476/191 339/468/191 297/467/191 306/477/191
f 329/478/192 331/479/192 321/480/192 319/481/192
f 333/457/193 330/482/193 320/483/193 317/484/193
f 1412/485/5 1408/486/5 360/487/5 370/488/5
f 334/489/194 318/490/194 321/480/194 331/479/194
f 340/439/195 322/491/195 317/484/195 335/473/195
f 1081/492/181 332/455/181 322/491/181 1079/493/181
f 349/459/196 323/494/196 328/495/196 348/429/196
f 1083/496/181 341/462/181 323/494/181 1080/497/181
f 345/498/197 327/499/197 326/500/197 344/501/197
f 1411/502/5 1388/503/5 369/504/5 358/505/5
f 346/464/198 343/506/198 325/507/198 328/495/198
f 342/508/199 344/501/199 326/500/199 324/509/199
f 1077/510/200 307/456/200 332/455/200 1081/492/200
f 309/450/201 334/489/201 331/479/201 310/423/201
f 1408/486/5 1384/511/5 356/512/5 360/487/5
f 308/447/202 296/446/202 330/482/202 333/457/202
f 295/424/203 310/423/203 331/479/203 329/478/203
f 322/491/204 332/455/204 333/457/204 317/484/204
f 315/440/205 340/439/205 335/473/205 316/463/205
f 319/481/206 321/480/206 339/468/206 337/476/206
f 317/484/207 320/483/207 338/474/207 335/473/207
f 1387/513/1 1385/469/1 368/472/1 359/514/1
f 318/490/208 336/465/208 339/468/208 321/480/208
f 1079/493/200 322/491/200 340/439/200 1082/438/200
f 306/477/191 297/467/191 344/501/191 342/508/191
f 316/463/190 305/475/190 343/506/190 346/464/190
f 1409/470/1 1386/515/1 357/516/1 367/471/1
f 298/466/209 345/498/209 344/501/209 297/467/209
f 1076/441/200 315/440/200 341/462/200 1083/496/200
f 323/494/210 341/462/210 346/464/210 328/495/210
f 311/460/211 349/459/211 348/429/211 312/432/211
f 1080/497/200 323/494/200 349/459/200 1084/458/200
f 327/499/212 347/454/212 352/428/212 326/500/212
f 1410/517/1 1387/513/1 359/514/1 355/518/1
f 328/495/213 325/507/213 351/430/213 348/429/213
f 324/509/214 326/500/214 352/428/214 350/427/214
f 1199/519/215 367/471/215 357/516/215 1193/520/215
f 1197/521/215 363/522/215 355/518/215 1192/523/215
f 1196/524/215 361/444/215 364/525/215 1194/526/215
f 1198/527/215 359/514/215 368/472/215 1195/528/215
f 1191/529/215 353/445/215 361/444/215 1196/524/215
f 1194/526/215 364/525/215 363/522/215 1197/521/215
f 1192/523/215 355/518/215 359/514/215 1198/527/215
f 1195/528/215 368/472/215 367/471/215 1199/519/215
f 1388/503/5 1412/485/5 370/488/5 369/504/5
f 1414/530/5 1390/531/5 354/532/5 362/533/5
f 1030/534/216 354/532/216 374/535/216 1040/536/216
f 1415/537/217 1410/517/217 355/518/217 363/522/217
f 1405/538/19 1411/502/19 358/505/19 1032/539/19
f 1389/443/218 1391/540/218 364/525/218 361/444/218
f 1384/511/219 1392/541/219 365/542/219 356/512/219
f 1391/540/1 1415/537/1 363/522/1 364/525/1
f 1416/543/220 1414/530/220 362/533/220 366/544/220
f 1392/541/5 1416/543/5 366/544/5 365/542/5
f 1407/545/221 1417/546/221 373/547/221 1201/548/221
f 1413/442/1 353/445/1 373/547/1 1417/546/1
f 1186/426/222 295/424/222 371/549/222 1200/550/222
f 1214/551/5 296/446/5 372/552/5 1221/553/5
f 944/554/222 466/555/222 490/556/222 958/557/222
f 1403/558/221 1394/559/221 491/560/221 959/561/221
f 1401/562/223 1395/563/223 483/564/223 790/565/223
f 788/566/216 481/567/216 491/560/216 798/568/216
f 953/569/224 485/570/224 489/571/224 957/572/224
f 789/573/1 795/574/1 964/575/1 960/576/1
f 952/577/215 484/578/215 487/579/215 955/580/215
f 949/581/215 481/567/215 486/582/215 954/583/215
f 956/584/215 488/585/215 485/570/215 953/569/215
f 954/583/225 486/582/225 484/578/225 952/577/225
f 487/579/226 794/586/226 962/587/226 963/588/226
f 957/572/215 489/571/215 483/564/215 951/589/215
f 838/590/200 476/591/200 480/592/200 842/593/200
f 834/594/200 470/595/200 479/596/200 841/597/200
f 837/598/200 475/599/200 478/600/200 840/601/200
f 835/602/200 471/603/200 477/604/200 839/605/200
f 841/597/181 479/596/181 476/591/181 838/590/181
f 839/605/181 477/604/181 475/599/181 837/598/181
f 842/593/181 480/592/181 474/606/181 787/607/181
f 880/608/185 473/609/185 474/606/185 948/610/185
f 879/611/184 471/603/184 472/612/184 947/613/184
f 833/614/183 467/615/183 472/612/183 786/616/183
f 840/601/181 478/600/181 470/595/181 834/594/181
f 892/617/227 384/618/227 1419/619/227 1422/620/227
f 803/621/178 407/622/178 467/615/178 833/614/178
f 945/623/175 468/624/175 466/555/175 944/554/175
f 857/625/9 426/626/9 456/627/9 872/628/9
f 754/629/173 409/630/173 439/631/173 769/632/173
f 767/633/90 435/634/90 465/635/90 782/636/90
f 861/637/9 434/638/9 464/639/9 876/640/9
f 848/641/9 408/642/9 438/643/9 863/644/9
f 758/645/90 417/646/90 447/647/90 773/648/90
f 847/649/9 407/622/9 437/650/9 862/651/9
f 852/652/9 416/653/9 446/654/9 867/655/9
f 876/640/4 464/639/4 465/635/4 943/656/4
f 875/657/4 462/658/4 463/659/4 942/660/4
f 874/661/4 460/662/4 461/663/4 941/664/4
f 873/665/4 458/666/4 459/667/4 940/668/4
f 872/628/4 456/627/4 457/669/4 939/670/4
f 871/671/4 454/672/4 455/673/4 938/674/4
f 870/675/4 452/676/4 453/677/4 937/678/4
f 869/679/4 450/680/4 451/681/4 936/682/4
f 868/683/4 448/684/4 449/685/4 935/686/4
f 867/655/4 446/654/4 447/647/4 934/687/4
f 866/688/4 444/689/4 445/690/4 933/691/4
f 865/692/4 442/693/4 443/694/4 932/695/4
f 864/696/4 440/697/4 441/698/4 931/699/4
f 863/644/228 438/643/228 439/631/228 930/700/228
f 768/701/141 436/702/141 437/650/141 818/703/141
f 763/704/90 427/705/90 457/669/90 778/706/90
f 853/707/9 418/708/9 448/684/9 868/683/9
f 759/709/90 419/710/90 449/685/90 774/711/90
f 849/712/9 410/713/9 440/697/9 864/696/9
f 755/714/90 411/715/90 441/698/90 770/716/90
f 858/717/9 428/718/9 458/666/9 873/665/9
f 764/719/90 429/720/90 459/667/90 779/721/90
f 854/722/9 420/723/9 450/680/9 869/679/9
f 760/724/90 421/725/90 451/681/90 775/726/90
f 850/727/9 412/728/9 442/693/9 865/692/9
f 756/729/90 413/730/90 443/694/90 771/731/90
f 859/732/9 430/733/9 460/662/9 874/661/9
f 765/734/90 431/735/90 461/663/90 780/736/90
f 855/737/9 422/738/9 452/676/9 870/675/9
f 761/739/90 423/740/90 453/677/90 776/741/90
f 851/742/9 414/743/9 444/689/9 866/688/9
f 757/744/90 415/745/90 445/690/90 772/746/90
f 860/747/9 432/748/9 462/658/9 875/657/9
f 766/749/90 433/750/90 463/659/90 781/751/90
f 856/752/9 424/753/9 454/672/9 871/671/9
f 753/754/90 406/755/90 436/702/90 768/701/90
f 762/756/90 425/757/90 455/673/90 777/758/90
f 910/759/11 402/760/11 404/761/11 912/762/11
f 750/763/10 403/764/10 405/765/10 752/766/10
f 908/767/84 400/768/84 402/760/84 910/759/84
f 901/769/80 393/770/80 400/768/80 908/767/80
f 748/771/79 401/772/79 403/764/79 750/763/79
f 730/773/6 746/774/6 399/775/6 383/776/6
f 734/777/36 745/778/36 398/779/36 387/780/36
f 861/637/4 918/781/4 415/745/4 434/638/4
f 852/652/4 924/782/4 427/705/4 416/653/4
f 733/783/24 744/784/24 397/785/24 386/786/24
f 860/747/4 917/787/4 413/730/4 432/748/4
f 732/788/36 743/789/36 396/790/36 385/791/36
f 735/792/6 742/793/6 395/794/6 388/795/6
f 898/796/56 390/797/56 393/770/56 901/769/56
f 739/798/55 392/799/55 394/800/55 741/801/55
f 741/801/53 394/800/53 401/772/53 748/771/53
f 858/717/4 921/802/4 421/725/4 428/718/4
f 854/722/4 923/803/4 425/757/4 420/723/4
f 853/707/4 922/804/4 423/740/4 418/708/4
f 736/805/6 738/806/6 391/807/6 389/808/6
f 849/712/4 925/809/4 429/720/4 410/713/4
f 855/737/4 914/810/4 406/755/4 422/738/4
f 743/789/6 737/811/6 390/797/6 396/790/6
f 739/798/6 736/805/6 389/808/6 392/799/6
f 856/752/4 920/812/4 419/710/4 424/753/4
f 744/784/36 735/792/36 388/795/36 397/785/36
f 859/732/4 919/813/4 417/646/4 430/733/4
f 746/774/24 734/777/24 387/780/24 399/775/24
f 851/742/4 927/814/4 433/750/4 414/743/4
f 745/778/6 733/783/6 386/786/6 398/779/6
f 742/793/24 732/788/24 385/791/24 395/794/24
f 857/625/4 916/815/4 411/715/4 426/626/4
f 850/727/4 926/816/4 431/735/4 412/728/4
f 730/773/20 383/776/20 375/817/20 799/818/20
f 880/608/19 946/819/19 469/820/19 473/609/19
f 801/821/11 379/822/11 381/823/11 802/824/11
f 889/825/10 380/826/10 382/827/10 890/828/10
f 800/829/9 377/830/9 379/822/9 801/821/9
f 799/818/11 375/817/11 377/830/11 800/829/11
f 887/831/10 376/832/10 378/833/10 888/834/10
f 888/834/9 378/833/9 380/826/9 889/825/9
f 738/806/6 731/835/6 384/618/6 391/807/6
f 848/641/4 928/836/4 435/634/4 408/642/4
f 915/837/229 409/630/229 376/832/229 887/831/229
f 996/417/230 520/838/230 492/839/230 482/840/230
f 1046/841/4 1009/415/4 533/842/4 570/843/4
f 969/844/9 493/845/9 494/846/9 970/847/9
f 482/840/10 492/839/10 493/845/10 969/844/10
f 970/847/10 494/846/10 495/848/10 971/849/10
f 1078/850/231 1027/851/231 551/852/231 602/853/231
f 1048/854/4 1007/322/4 531/855/4 572/856/4
f 1055/857/4 997/361/4 521/858/4 579/859/4
f 1049/860/4 1008/276/4 532/861/4 573/862/4
f 1057/863/4 1000/412/4 524/864/4 581/865/4
f 1054/866/4 1001/373/4 525/867/4 578/868/4
f 1053/869/4 995/256/4 519/870/4 577/871/4
f 1047/872/4 1006/352/4 530/873/4 571/874/4
f 1051/875/4 1003/307/4 527/876/4 575/877/4
f 1052/878/4 1004/250/4 528/879/4 576/880/4
f 1056/881/4 1002/340/4 526/882/4 580/883/4
f 979/171/56 503/884/56 506/885/56 982/886/56
f 1058/887/4 998/331/4 522/888/4 582/889/4
f 1050/890/4 1005/382/4 529/891/4 574/892/4
f 1059/893/4 999/290/4 523/894/4 583/895/4
f 982/886/80 506/885/80 513/896/80 989/897/80
f 989/897/84 513/896/84 515/898/84 991/899/84
f 991/899/11 515/898/11 517/900/11 993/901/11
f 1054/866/9 578/868/9 593/902/9 1069/903/9
f 1058/887/9 582/889/9 597/904/9 1073/905/9
f 1049/860/9 573/862/9 588/906/9 1064/907/9
f 1053/869/9 577/871/9 592/908/9 1068/909/9
f 1057/863/9 581/865/9 596/910/9 1072/911/9
f 1048/854/9 572/856/9 587/912/9 1063/913/9
f 1052/878/9 576/880/9 591/914/9 1067/915/9
f 1056/881/9 580/883/9 595/916/9 1071/917/9
f 1047/872/9 571/874/9 586/918/9 1062/919/9
f 1051/875/9 575/877/9 590/920/9 1066/921/9
f 1061/922/232 585/923/232 535/924/232 1011/418/232
f 1062/919/4 586/918/4 536/925/4 1012/364/4
f 1063/913/4 587/912/4 537/926/4 1013/332/4
f 1064/907/4 588/906/4 538/927/4 1014/291/4
f 1065/928/4 589/929/4 539/930/4 1015/413/4
f 1066/921/4 590/920/4 540/931/4 1016/374/4
f 1067/915/4 591/914/4 541/932/4 1017/343/4
f 1068/909/4 592/908/4 542/933/4 1018/310/4
f 1069/903/4 593/902/4 543/934/4 1019/253/4
f 1070/935/4 594/936/4 544/937/4 1020/383/4
f 1071/917/4 595/916/4 545/938/4 1021/355/4
f 1072/911/4 596/910/4 546/939/4 1022/325/4
f 1073/905/4 597/904/4 547/940/4 1023/279/4
f 1074/941/4 598/942/4 548/943/4 1024/416/4
f 1050/890/9 574/892/9 589/929/9 1065/928/9
f 1045/433/9 569/944/9 584/945/9 1060/390/9
f 1046/841/9 570/843/9 585/923/9 1061/922/9
f 1059/893/9 583/895/9 598/942/9 1074/941/9
f 1055/857/9 579/859/9 594/936/9 1070/935/9
f 1026/946/175 550/947/175 549/948/175 1025/949/175
f 973/23/175 497/950/175 550/947/175 1026/946/175
f 1077/510/184 601/951/184 552/952/184 1028/448/184
f 1078/850/233 602/853/233 553/953/233 1029/461/233
f 1038/954/215 562/955/215 556/956/215 1032/539/215
f 1036/957/234 560/958/234 555/959/234 1031/960/234
f 1035/961/235 559/962/235 557/963/235 1033/964/235
f 1037/965/236 561/966/236 558/967/236 1034/968/236
f 1030/534/215 554/969/215 559/962/215 1035/961/215
f 1033/964/234 557/963/234 560/958/234 1036/957/234
f 1031/960/236 555/959/236 561/966/236 1037/965/236
f 1034/968/237 558/967/237 562/955/237 1038/954/237
f 1404/970/221 1396/971/221 564/972/221 1040/536/221
f 1025/949/222 549/948/222 563/973/222 1039/974/222
f 1402/975/19 1397/976/19 556/956/19 951/589/19
f 949/581/216 554/969/216 564/972/216 959/561/216
f 882/977/200 604/978/200 608/979/200 886/980/200
f 878/981/200 600/982/200 607/983/200 885/984/200
f 881/985/200 603/986/200 606/987/200 884/988/200
f 879/611/200 601/951/200 605/989/200 883/990/200
f 885/984/181 607/983/181 604/978/181 882/977/181
f 883/990/181 605/989/181 603/986/181 881/985/181
f 886/980/181 608/979/181 553/953/181 948/610/181
f 877/991/183 599/992/183 552/952/183 947/613/183
f 884/988/181 606/987/181 600/982/181 878/981/181
f 847/649/178 569/944/178 599/992/178 877/991/178
f 915/837/173 520/838/173 535/924/173 930/700/173
f 928/836/90 533/842/90 548/943/90 943/656/90
f 919/813/90 524/864/90 539/930/90 934/687/90
f 929/993/238 534/994/238 584/945/238 862/651/238
f 924/782/90 529/891/90 544/937/90 939/670/90
f 920/812/90 525/867/90 540/931/90 935/686/90
f 916/815/90 521/858/90 536/925/90 931/699/90
f 925/809/90 530/873/90 545/938/90 940/668/90
f 921/802/90 526/882/90 541/932/90 936/682/90
f 917/787/90 522/888/90 537/926/90 932/695/90
f 926/816/90 531/855/90 546/939/90 941/664/90
f 922/804/90 527/876/90 542/933/90 937/678/90
f 918/781/90 523/894/90 538/927/90 933/691/90
f 927/814/90 532/861/90 547/940/90 942/660/90
f 914/810/90 519/870/90 534/994/90 929/993/90
f 923/803/90 528/879/90 543/934/90 938/674/90
f 911/995/10 516/996/10 518/997/10 913/998/10
f 909/999/79 514/1000/79 516/996/79 911/995/79
f 891/1001/6 907/1002/6 512/1003/6 496/1004/6
f 895/1005/36 906/1006/36 511/1007/36 500/1008/36
f 894/1009/24 905/1010/24 510/1011/24 499/1012/24
f 893/1013/36 904/1014/36 509/1015/36 498/1016/36
f 896/1017/6 903/1018/6 508/1019/6 501/1020/6
f 900/1021/55 505/1022/55 507/1023/55 902/1024/55
f 902/1024/53 507/1023/53 514/1000/53 909/999/53
f 897/1025/6 899/1026/6 504/1027/6 502/1028/6
f 904/1014/6 898/796/6 503/884/6 509/1015/6
f 900/1021/6 897/1025/6 502/1028/6 505/1022/6
f 905/1010/36 896/1017/36 501/1020/36 510/1011/36
f 907/1002/24 895/1005/24 500/1008/24 512/1003/24
f 906/1006/6 894/1009/6 499/1012/6 511/1007/6
f 903/1018/24 893/1013/24 498/1016/24 508/1019/24
f 891/1001/20 496/1004/20 565/1029/20 843/1030/20
f 845/1031/11 567/1032/11 568/1033/11 846/1034/11
f 844/1035/9 566/1036/9 567/1032/9 845/1031/9
f 843/1030/11 565/1029/11 566/1036/11 844/1035/11
f 899/1026/6 892/617/6 497/950/6 504/1027/6
f 1141/1037/6 1134/437/6 658/1038/6 665/1039/6
f 1085/1040/11 609/1041/11 610/1042/11 1086/1043/11
f 1086/1043/9 610/1042/9 611/1044/9 1087/1045/9
f 1087/1045/11 611/1044/11 612/1046/11 1088/1047/11
f 1133/1048/20 657/1049/20 609/1041/20 1085/1040/20
f 1145/1050/24 1135/1051/24 659/1052/24 669/1053/24
f 1148/1054/6 1136/1055/6 660/1056/6 672/1057/6
f 1149/1058/24 1137/1059/24 661/1060/24 673/1061/24
f 1147/1062/36 1138/1063/36 662/1064/36 671/1065/36
f 1142/1066/6 1139/1067/6 663/1068/6 666/1069/6
f 1146/1070/6 1140/205/6 664/1071/6 670/1072/6
f 1139/1067/6 1141/1037/6 665/1039/6 663/1068/6
f 1144/1073/53 668/1074/53 675/1075/53 1151/1076/53
f 1142/1066/55 666/1069/55 668/1074/55 1144/1073/55
f 1138/1063/6 1145/1050/6 669/1053/6 662/1064/6
f 1135/1051/36 1146/1070/36 670/1072/36 659/1052/36
f 1136/1055/24 1147/1062/24 671/1065/24 660/1056/24
f 1137/1059/36 1148/1054/36 672/1057/36 661/1060/36
f 1133/1048/6 1149/1058/6 673/1061/6 657/1049/6
f 1151/1076/79 675/1075/79 677/1077/79 1153/1078/79
f 1153/1078/10 677/1077/10 679/1079/10 1155/1080/10
f 1165/191/90 689/1081/90 704/1082/90 1180/402/90
f 1156/178/90 680/1083/90 695/1084/90 1171/1085/90
f 1169/107/90 693/1086/90 708/1087/90 1184/407/90
f 1160/223/90 684/1088/90 699/1089/90 1175/396/90
f 1164/187/90 688/1090/90 703/1091/90 1179/401/90
f 1168/64/90 692/1092/90 707/1093/90 1183/406/90
f 1159/213/90 683/1094/90 698/1095/90 1174/395/90
f 1163/197/90 687/1096/90 702/1097/90 1178/400/90
f 1167/182/90 691/1098/90 706/1099/90 1182/405/90
f 1158/68/90 682/1100/90 697/1101/90 1173/394/90
f 1162/150/90 686/1102/90 701/1103/90 1177/399/90
f 1166/217/90 690/1104/90 705/1105/90 1181/404/90
f 1171/1085/141 695/1084/141 628/1106/141 1104/411/141
f 1161/134/90 685/1107/90 700/1108/90 1176/398/90
f 1170/14/90 694/1109/90 709/1110/90 1185/409/90
f 1157/9/173 681/1111/173 696/1112/173 1172/393/173
f 1089/410/178 613/1113/178 643/1114/178 1119/1115/178
f 1126/1116/181 650/1117/181 644/1118/181 1120/1119/181
f 1119/1115/183 643/1114/183 713/1120/183 1189/451/183
f 1128/1121/181 652/1122/181 714/1123/181 1190/453/181
f 1125/1124/181 649/1125/181 647/1126/181 1123/1127/181
f 1127/1128/181 651/1129/181 648/1130/181 1124/1131/181
f 1121/449/200 645/1132/200 649/1125/200 1125/1124/200
f 1123/1127/200 647/1126/200 650/1117/200 1126/1116/200
f 1120/1119/200 644/1118/200 651/1129/200 1127/1128/200
f 1124/1131/200 648/1130/200 652/1122/200 1128/1121/200
f 1191/529/216 715/1133/216 725/1134/216 1201/548/216
f 1406/1135/19 1398/1136/19 717/1137/19 1193/520/19
f 783/1138/222 710/1139/222 724/1140/222 797/1141/222
f 1400/1142/221 1399/1143/221 725/1134/221 798/568/221
f 792/1144/224 719/1145/224 723/1146/224 796/1147/224
f 789/573/215 716/1148/215 722/1149/215 795/574/215
f 791/1150/215 718/1151/215 721/1152/215 794/586/215
f 788/566/215 715/1133/215 720/1153/215 793/1154/215
f 795/574/215 722/1149/215 719/1145/215 792/1144/215
f 793/1154/225 720/1153/225 718/1151/225 791/1150/225
f 794/586/215 721/1152/215 716/1148/215 789/573/215
f 796/1147/215 723/1146/215 717/1137/215 790/565/215
f 836/1155/239 646/1156/239 714/1123/239 787/607/239
f 835/602/184 645/1132/184 713/1120/184 786/616/184
f 784/1157/240 468/624/240 1421/1158/240 1420/1159/240
f 784/1157/175 711/1160/175 710/1139/175 783/1138/175
f 813/1161/9 623/1162/9 638/1163/9 828/1164/9
f 817/1165/9 627/1166/9 642/1167/9 832/1168/9
f 804/1169/9 614/1170/9 629/1171/9 819/1172/9
f 803/621/9 613/1113/9 628/1106/9 818/703/9
f 808/1173/9 618/1174/9 633/1175/9 823/1176/9
f 832/1168/4 642/1167/4 709/1110/4 782/636/4
f 831/1177/4 641/1178/4 708/1087/4 781/751/4
f 830/1179/4 640/1180/4 707/1093/4 780/736/4
f 829/1181/4 639/1182/4 706/1099/4 779/721/4
f 828/1164/4 638/1163/4 705/1105/4 778/706/4
f 827/1183/4 637/1184/4 704/1082/4 777/758/4
f 826/1185/4 636/1186/4 703/1091/4 776/741/4
f 825/1187/4 635/1188/4 702/1097/4 775/726/4
f 824/1189/4 634/1190/4 701/1103/4 774/711/4
f 823/1176/4 633/1175/4 700/1108/4 773/648/4
f 822/1191/4 632/1192/4 699/1089/4 772/746/4
f 821/1193/4 631/1194/4 698/1095/4 771/731/4
f 820/1195/4 630/1196/4 697/1101/4 770/716/4
f 819/1172/241 629/1171/241 696/1112/241 769/632/241
f 809/1197/9 619/1198/9 634/1190/9 824/1189/9
f 805/1199/9 615/1200/9 630/1196/9 820/1195/9
f 814/1201/9 624/1202/9 639/1182/9 829/1181/9
f 810/1203/9 620/1204/9 635/1188/9 825/1187/9
f 806/1205/9 616/1206/9 631/1194/9 821/1193/9
f 815/1207/9 625/1208/9 640/1180/9 830/1179/9
f 811/1209/9 621/1210/9 636/1186/9 826/1185/9
f 807/1211/9 617/1212/9 632/1192/9 822/1191/9
f 816/1213/9 626/1214/9 641/1178/9 831/1177/9
f 812/1215/9 622/1216/9 637/1184/9 827/1183/9
f 749/1217/11 676/1218/11 678/1219/11 751/1220/11
f 747/1221/84 674/1222/84 676/1218/84 749/1217/84
f 740/1223/80 667/1224/80 674/1222/80 747/1221/80
f 817/1165/4 757/744/4 684/1088/4 627/1166/4
f 808/1173/4 763/704/4 690/1104/4 618/1174/4
f 816/1213/4 756/729/4 683/1094/4 626/1214/4
f 737/811/56 664/1071/56 667/1224/56 740/1223/56
f 814/1201/4 760/724/4 687/1096/4 624/1202/4
f 810/1203/4 762/756/4 689/1081/4 620/1204/4
f 809/1197/4 761/739/4 688/1090/4 619/1198/4
f 805/1199/4 764/719/4 691/1098/4 615/1200/4
f 811/1209/4 753/754/4 680/1083/4 621/1210/4
f 812/1215/4 759/709/4 686/1102/4 622/1216/4
f 815/1207/4 758/645/4 685/1107/4 625/1208/4
f 807/1211/4 766/749/4 693/1086/4 617/1212/4
f 813/1161/4 755/714/4 682/1100/4 623/1162/4
f 806/1205/4 765/734/4 692/1092/4 616/1206/4
f 836/1155/242 785/1225/242 712/1226/242 646/1156/242
f 728/1227/10 655/1228/10 656/1229/10 729/1230/10
f 726/1231/10 653/1232/10 654/1233/10 727/1234/10
f 727/1234/9 654/1233/9 655/1228/9 728/1227/9
f 804/1169/4 767/633/4 694/1109/4 614/1170/4
f 754/629/243 681/1111/243 653/1232/243 726/1231/243
f 409/630/244 754/629/244 726/1231/244 376/832/244
f 408/642/4 435/634/4 767/633/4 804/1169/4
f 378/833/9 727/1234/9 728/1227/9 380/826/9
f 376/832/10 726/1231/10 727/1234/10 378/833/10
f 380/826/10 728/1227/10 729/1230/10 382/827/10
f 473/609/19 469/820/19 785/1225/19 836/1155/19
f 412/728/4 431/735/4 765/734/4 806/1205/4
f 426/626/4 411/715/4 755/714/4 813/1161/4
f 414/743/4 433/750/4 766/749/4 807/1211/4
f 430/733/4 417/646/4 758/645/4 815/1207/4
f 424/753/4 419/710/4 759/709/4 812/1215/4
f 422/738/4 406/755/4 753/754/4 811/1209/4
f 410/713/4 429/720/4 764/719/4 805/1199/4
f 418/708/4 423/740/4 761/739/4 809/1197/4
f 420/723/4 425/757/4 762/756/4 810/1203/4
f 428/718/4 421/725/4 760/724/4 814/1201/4
f 390/797/56 737/811/56 740/1223/56 393/770/56
f 432/748/4 413/730/4 756/729/4 816/1213/4
f 416/653/4 427/705/4 763/704/4 808/1173/4
f 434/638/4 415/745/4 757/744/4 817/1165/4
f 393/770/80 740/1223/80 747/1221/80 400/768/80
f 400/768/84 747/1221/84 749/1217/84 402/760/84
f 402/760/11 749/1217/11 751/1220/11 404/761/11
f 424/753/9 812/1215/9 827/1183/9 454/672/9
f 432/748/9 816/1213/9 831/1177/9 462/658/9
f 414/743/9 807/1211/9 822/1191/9 444/689/9
f 422/738/9 811/1209/9 826/1185/9 452/676/9
f 430/733/9 815/1207/9 830/1179/9 460/662/9
f 412/728/9 806/1205/9 821/1193/9 442/693/9
f 420/723/9 810/1203/9 825/1187/9 450/680/9
f 428/718/9 814/1201/9 829/1181/9 458/666/9
f 410/713/9 805/1199/9 820/1195/9 440/697/9
f 418/708/9 809/1197/9 824/1189/9 448/684/9
f 438/643/245 819/1172/245 769/632/245 439/631/245
f 440/697/4 820/1195/4 770/716/4 441/698/4
f 442/693/4 821/1193/4 771/731/4 443/694/4
f 444/689/4 822/1191/4 772/746/4 445/690/4
f 446/654/4 823/1176/4 773/648/4 447/647/4
f 448/684/4 824/1189/4 774/711/4 449/685/4
f 450/680/4 825/1187/4 775/726/4 451/681/4
f 452/676/4 826/1185/4 776/741/4 453/677/4
f 454/672/4 827/1183/4 777/758/4 455/673/4
f 456/627/4 828/1164/4 778/706/4 457/669/4
f 458/666/4 829/1181/4 779/721/4 459/667/4
f 460/662/4 830/1179/4 780/736/4 461/663/4
f 462/658/4 831/1177/4 781/751/4 463/659/4
f 464/639/4 832/1168/4 782/636/4 465/635/4
f 416/653/9 808/1173/9 823/1176/9 446/654/9
f 407/622/9 803/621/9 818/703/9 437/650/9
f 408/642/9 804/1169/9 819/1172/9 438/643/9
f 434/638/9 817/1165/9 832/1168/9 464/639/9
f 426/626/9 813/1161/9 828/1164/9 456/627/9
f 468/624/175 784/1157/175 783/1138/175 466/555/175
f 945/623/240 550/947/240 1425/1235/240 1424/1236/240
f 471/603/184 835/602/184 786/616/184 472/612/184
f 473/609/185 836/1155/185 787/607/185 474/606/185
f 489/571/215 796/1147/215 790/565/215 483/564/215
f 488/585/246 956/584/246 968/1237/246 965/1238/246
f 486/582/225 793/1154/225 791/1150/225 484/578/225
f 488/585/215 795/574/215 792/1144/215 485/570/215
f 481/567/215 788/566/215 793/1154/215 486/582/215
f 484/578/215 791/1150/215 794/586/215 487/579/215
f 950/1239/5 955/580/5 967/1240/5 966/1241/5
f 485/570/224 792/1144/224 796/1147/224 489/571/224
f 1394/559/221 1400/1142/221 798/568/221 491/560/221
f 466/555/222 783/1138/222 797/1141/222 490/556/222
f 665/1039/6 658/1038/6 731/835/6 738/806/6
f 609/1041/11 799/818/11 800/829/11 610/1042/11
f 610/1042/9 800/829/9 801/821/9 611/1044/9
f 611/1044/11 801/821/11 802/824/11 612/1046/11
f 657/1049/20 730/773/20 799/818/20 609/1041/20
f 669/1053/24 659/1052/24 732/788/24 742/793/24
f 672/1057/6 660/1056/6 733/783/6 745/778/6
f 673/1061/24 661/1060/24 734/777/24 746/774/24
f 671/1065/36 662/1064/36 735/792/36 744/784/36
f 666/1069/6 663/1068/6 736/805/6 739/798/6
f 670/1072/6 664/1071/6 737/811/6 743/789/6
f 663/1068/6 665/1039/6 738/806/6 736/805/6
f 668/1074/53 741/801/53 748/771/53 675/1075/53
f 666/1069/55 739/798/55 741/801/55 668/1074/55
f 662/1064/6 669/1053/6 742/793/6 735/792/6
f 659/1052/36 670/1072/36 743/789/36 732/788/36
f 660/1056/24 671/1065/24 744/784/24 733/783/24
f 661/1060/36 672/1057/36 745/778/36 734/777/36
f 657/1049/6 673/1061/6 746/774/6 730/773/6
f 675/1075/79 748/771/79 750/763/79 677/1077/79
f 677/1077/10 750/763/10 752/766/10 679/1079/10
f 689/1081/90 762/756/90 777/758/90 704/1082/90
f 680/1083/90 753/754/90 768/701/90 695/1084/90
f 693/1086/90 766/749/90 781/751/90 708/1087/90
f 684/1088/90 757/744/90 772/746/90 699/1089/90
f 688/1090/90 761/739/90 776/741/90 703/1091/90
f 692/1092/90 765/734/90 780/736/90 707/1093/90
f 683/1094/90 756/729/90 771/731/90 698/1095/90
f 687/1096/90 760/724/90 775/726/90 702/1097/90
f 691/1098/90 764/719/90 779/721/90 706/1099/90
f 682/1100/90 755/714/90 770/716/90 697/1101/90
f 686/1102/90 759/709/90 774/711/90 701/1103/90
f 690/1104/90 763/704/90 778/706/90 705/1105/90
f 695/1084/141 768/701/141 818/703/141 628/1106/141
f 685/1107/90 758/645/90 773/648/90 700/1108/90
f 694/1109/90 767/633/90 782/636/90 709/1110/90
f 681/1111/173 754/629/173 769/632/173 696/1112/173
f 613/1113/178 803/621/178 833/614/178 643/1114/178
f 650/1117/181 840/601/181 834/594/181 644/1118/181
f 643/1114/183 833/614/183 786/616/183 713/1120/183
f 652/1122/181 842/593/181 787/607/181 714/1123/181
f 649/1125/181 839/605/181 837/598/181 647/1126/181
f 651/1129/181 841/597/181 838/590/181 648/1130/181
f 645/1132/200 835/602/200 839/605/200 649/1125/200
f 647/1126/200 837/598/200 840/601/200 650/1117/200
f 644/1118/200 834/594/200 841/597/200 651/1129/200
f 648/1130/200 838/590/200 842/593/200 652/1122/200
f 715/1133/216 788/566/216 798/568/216 725/1134/216
f 1398/1136/19 1401/562/19 790/565/19 717/1137/19
f 391/807/6 384/618/6 892/617/6 899/1026/6
f 375/817/11 843/1030/11 844/1035/11 377/830/11
f 377/830/9 844/1035/9 845/1031/9 379/822/9
f 379/822/11 845/1031/11 846/1034/11 381/823/11
f 383/776/20 891/1001/20 843/1030/20 375/817/20
f 395/794/24 385/791/24 893/1013/24 903/1018/24
f 398/779/6 386/786/6 894/1009/6 906/1006/6
f 399/775/24 387/780/24 895/1005/24 907/1002/24
f 397/785/36 388/795/36 896/1017/36 905/1010/36
f 392/799/6 389/808/6 897/1025/6 900/1021/6
f 396/790/6 390/797/6 898/796/6 904/1014/6
f 389/808/6 391/807/6 899/1026/6 897/1025/6
f 394/800/53 902/1024/53 909/999/53 401/772/53
f 392/799/55 900/1021/55 902/1024/55 394/800/55
f 388/795/6 395/794/6 903/1018/6 896/1017/6
f 385/791/36 396/790/36 904/1014/36 893/1013/36
f 386/786/24 397/785/24 905/1010/24 894/1009/24
f 387/780/36 398/779/36 906/1006/36 895/1005/36
f 383/776/6 399/775/6 907/1002/6 891/1001/6
f 401/772/79 909/999/79 911/995/79 403/764/79
f 403/764/10 911/995/10 913/998/10 405/765/10
f 425/757/90 923/803/90 938/674/90 455/673/90
f 406/755/90 914/810/90 929/993/90 436/702/90
f 433/750/90 927/814/90 942/660/90 463/659/90
f 415/745/90 918/781/90 933/691/90 445/690/90
f 423/740/90 922/804/90 937/678/90 453/677/90
f 431/735/90 926/816/90 941/664/90 461/663/90
f 413/730/90 917/787/90 932/695/90 443/694/90
f 421/725/90 921/802/90 936/682/90 451/681/90
f 429/720/90 925/809/90 940/668/90 459/667/90
f 411/715/90 916/815/90 931/699/90 441/698/90
f 419/710/90 920/812/90 935/686/90 449/685/90
f 427/705/90 924/782/90 939/670/90 457/669/90
f 436/702/238 929/993/238 862/651/238 437/650/238
f 417/646/90 919/813/90 934/687/90 447/647/90
f 435/634/90 928/836/90 943/656/90 465/635/90
f 409/630/173 915/837/173 930/700/173 439/631/173
f 407/622/178 847/649/178 877/991/178 467/615/178
f 478/600/181 884/988/181 878/981/181 470/595/181
f 467/615/183 877/991/183 947/613/183 472/612/183
f 480/592/181 886/980/181 948/610/181 474/606/181
f 477/604/181 883/990/181 881/985/181 475/599/181
f 479/596/181 885/984/181 882/977/181 476/591/181
f 471/603/200 879/611/200 883/990/200 477/604/200
f 475/599/200 881/985/200 884/988/200 478/600/200
f 470/595/200 878/981/200 885/984/200 479/596/200
f 476/591/200 882/977/200 886/980/200 480/592/200
f 481/567/216 949/581/216 959/561/216 491/560/216
f 1395/563/247 1402/975/247 951/589/247 483/564/247
f 520/838/248 915/837/248 887/831/248 492/839/248
f 570/843/4 533/842/4 928/836/4 848/641/4
f 493/845/9 888/834/9 889/825/9 494/846/9
f 492/839/10 887/831/10 888/834/10 493/845/10
f 494/846/10 889/825/10 890/828/10 495/848/10
f 602/853/249 551/852/249 946/819/249 880/608/249
f 572/856/4 531/855/4 926/816/4 850/727/4
f 579/859/4 521/858/4 916/815/4 857/625/4
f 573/862/4 532/861/4 927/814/4 851/742/4
f 581/865/4 524/864/4 919/813/4 859/732/4
f 578/868/4 525/867/4 920/812/4 856/752/4
f 577/871/4 519/870/4 914/810/4 855/737/4
f 571/874/4 530/873/4 925/809/4 849/712/4
f 575/877/4 527/876/4 922/804/4 853/707/4
f 576/880/4 528/879/4 923/803/4 854/722/4
f 580/883/4 526/882/4 921/802/4 858/717/4
f 503/884/56 898/796/56 901/769/56 506/885/56
f 582/889/4 522/888/4 917/787/4 860/747/4
f 574/892/4 529/891/4 924/782/4 852/652/4
f 583/895/4 523/894/4 918/781/4 861/637/4
f 506/885/80 901/769/80 908/767/80 513/896/80
f 513/896/84 908/767/84 910/759/84 515/898/84
f 515/898/11 910/759/11 912/762/11 517/900/11
f 578/868/9 856/752/9 871/671/9 593/902/9
f 582/889/9 860/747/9 875/657/9 597/904/9
f 573/862/9 851/742/9 866/688/9 588/906/9
f 577/871/9 855/737/9 870/675/9 592/908/9
f 581/865/9 859/732/9 874/661/9 596/910/9
f 572/856/9 850/727/9 865/692/9 587/912/9
f 576/880/9 854/722/9 869/679/9 591/914/9
f 580/883/9 858/717/9 873/665/9 595/916/9
f 571/874/9 849/712/9 864/696/9 586/918/9
f 575/877/9 853/707/9 868/683/9 590/920/9
f 585/923/250 863/644/250 930/700/250 535/924/250
f 586/918/4 864/696/4 931/699/4 536/925/4
f 587/912/4 865/692/4 932/695/4 537/926/4
f 588/906/4 866/688/4 933/691/4 538/927/4
f 589/929/4 867/655/4 934/687/4 539/930/4
f 590/920/4 868/683/4 935/686/4 540/931/4
f 591/914/4 869/679/4 936/682/4 541/932/4
f 592/908/4 870/675/4 937/678/4 542/933/4
f 593/902/4 871/671/4 938/674/4 543/934/4
f 594/936/4 872/628/4 939/670/4 544/937/4
f 595/916/4 873/665/4 940/668/4 545/938/4
f 596/910/4 874/661/4 941/664/4 546/939/4
f 597/904/4 875/657/4 942/660/4 547/940/4
f 598/942/4 876/640/4 943/656/4 548/943/4
f 574/892/9 852/652/9 867/655/9 589/929/9
f 569/944/9 847/649/9 862/651/9 584/945/9
f 570/843/9 848/641/9 863/644/9 585/923/9
f 583/895/9 861/637/9 876/640/9 598/942/9
f 579/859/9 857/625/9 872/628/9 594/936/9
f 550/947/175 945/623/175 944/554/175 549/948/175
f 550/947/251 497/950/251 1423/1242/251 1425/1235/251
f 601/951/184 879/611/184 947/613/184 552/952/184
f 602/853/252 880/608/252 948/610/252 553/953/252
f 562/955/215 957/572/215 951/589/215 556/956/215
f 560/958/215 955/580/215 950/1239/215 555/959/215
f 559/962/225 954/583/225 952/577/225 557/963/225
f 561/966/215 956/584/215 953/569/215 558/967/215
f 554/969/215 949/581/215 954/583/215 559/962/215
f 557/963/215 952/577/215 955/580/215 560/958/215
f 555/959/215 950/1239/215 956/584/215 561/966/215
f 558/967/224 953/569/224 957/572/224 562/955/224
f 1396/971/221 1403/558/221 959/561/221 564/972/221
f 549/948/222 944/554/222 958/557/222 563/973/222
f 966/1241/215 961/1243/215 965/1238/215 968/1237/215
f 967/1240/215 963/588/215 961/1243/215 966/1241/215
f 963/588/215 962/587/215 960/576/215 961/1243/215
f 961/1243/215 960/576/215 964/575/215 965/1238/215
f 956/584/5 950/1239/5 966/1241/5 968/1237/5
f 795/574/246 488/585/246 965/1238/246 964/575/246
f 955/580/226 487/579/226 963/588/226 967/1240/226
f 794/586/1 789/573/1 960/576/1 962/587/1
f 296/446/222 1025/949/222 1039/974/222 372/552/222
f 1393/1244/221 1404/970/221 1040/536/221 374/535/221
f 370/488/215 1034/968/215 1038/954/215 369/504/215
f 356/512/215 1031/960/215 1037/965/215 360/487/215
f 366/544/215 1033/964/215 1036/957/215 365/542/215
f 354/532/215 1030/534/215 1035/961/215 362/533/215
f 360/487/215 1037/965/215 1034/968/215 370/488/215
f 362/533/215 1035/961/215 1033/964/215 366/544/215
f 365/542/215 1036/957/215 1031/960/215 356/512/215
f 369/504/215 1038/954/215 1032/539/215 358/505/215
f 312/432/185 1078/850/185 1029/461/185 311/460/185
f 307/456/184 1077/510/184 1028/448/184 308/447/184
f 24/5/175 973/23/175 1026/946/175 301/436/175
f 301/436/175 1026/946/175 1025/949/175 296/446/175
f 184/414/9 1055/857/9 1070/935/9 260/389/9
f 204/267/9 1059/893/9 1074/941/9 283/268/9
f 127/313/9 1046/841/9 1061/922/9 287/314/9
f 130/6/9 1045/433/9 1060/390/9 292/320/9
f 152/261/9 1050/890/9 1065/928/9 231/262/9
f 283/268/4 1074/941/4 1024/416/4 281/315/4
f 278/303/4 1073/905/4 1023/279/4 279/278/4
f 271/349/4 1072/911/4 1022/325/4 269/324/4
f 265/380/4 1071/917/4 1021/355/4 263/354/4
f 260/389/4 1070/935/4 1020/383/4 261/263/4
f 254/284/4 1069/903/4 1019/253/4 255/252/4
f 248/329/4 1068/909/4 1018/310/4 249/309/4
f 240/370/4 1067/915/4 1017/343/4 241/342/4
f 237/387/4 1066/921/4 1016/374/4 238/285/4
f 231/262/4 1065/928/4 1015/413/4 232/350/4
f 222/327/4 1064/907/4 1014/291/4 223/269/4
f 216/357/4 1063/913/4 1013/332/4 217/304/4
f 210/384/4 1062/919/4 1012/364/4 211/363/4
f 287/314/253 1061/922/253 1011/418/253 288/296/253
f 158/419/9 1051/875/9 1066/921/9 237/387/9
f 131/420/9 1047/872/9 1062/919/9 210/384/9
f 186/379/9 1056/881/9 1071/917/9 265/380/9
f 161/369/9 1052/878/9 1067/915/9 240/370/9
f 137/356/9 1048/854/9 1063/913/9 216/357/9
f 192/348/9 1057/863/9 1072/911/9 271/349/9
f 172/328/9 1053/869/9 1068/909/9 248/329/9
f 143/326/9 1049/860/9 1064/907/9 222/327/9
f 202/302/9 1058/887/9 1073/905/9 278/303/9
f 178/283/9 1054/866/9 1069/903/9 254/284/9
f 117/236/11 991/899/11 993/901/11 121/237/11
f 113/234/84 989/897/84 991/899/84 117/236/84
f 79/204/80 982/886/80 989/897/80 113/234/80
f 204/267/4 144/266/4 999/290/4 1059/893/4
f 152/261/4 182/260/4 1005/382/4 1050/890/4
f 202/302/4 138/301/4 998/331/4 1058/887/4
f 63/172/56 979/171/56 982/886/56 79/204/56
f 186/379/4 162/341/4 1002/340/4 1056/881/4
f 161/369/4 176/251/4 1004/250/4 1052/878/4
f 158/419/4 170/308/4 1003/307/4 1051/875/4
f 131/420/4 187/353/4 1006/352/4 1047/872/4
f 172/328/4 129/257/4 995/256/4 1053/869/4
f 178/283/4 159/282/4 1001/373/4 1054/866/4
f 192/348/4 153/347/4 1000/412/4 1057/863/4
f 143/326/4 200/277/4 1008/276/4 1049/860/4
f 184/414/4 132/362/4 997/361/4 1055/857/4
f 137/356/4 193/323/4 1007/322/4 1048/854/4
f 312/432/19 304/431/19 1027/851/19 1078/850/19
f 11/45/10 970/847/10 971/849/10 15/46/10
f 3/35/10 482/840/10 969/844/10 7/36/10
f 7/36/9 969/844/9 970/847/9 11/45/9
f 127/313/4 205/312/4 1009/415/4 1046/841/4
f 128/28/254 996/417/254 482/840/254 3/35/254
f 1397/976/19 1405/538/19 1032/539/19 556/956/19
f 554/969/216 1030/534/216 1040/536/216 564/972/216
f 604/978/200 1080/497/200 1084/458/200 608/979/200
f 600/982/200 1076/441/200 1083/496/200 607/983/200
f 603/986/200 1079/493/200 1082/438/200 606/987/200
f 601/951/200 1077/510/200 1081/492/200 605/989/200
f 607/983/181 1083/496/181 1080/497/181 604/978/181
f 605/989/181 1081/492/181 1079/493/181 603/986/181
f 608/979/181 1084/458/181 1029/461/181 553/953/181
f 599/992/183 1075/435/183 1028/448/183 552/952/183
f 606/987/181 1082/438/181 1076/441/181 600/982/181
f 569/944/178 1045/433/178 1075/435/178 599/992/178
f 520/838/173 996/417/173 1011/418/173 535/924/173
f 533/842/90 1009/415/90 1024/416/90 548/943/90
f 524/864/90 1000/412/90 1015/413/90 539/930/90
f 534/994/238 1010/259/238 1060/390/238 584/945/238
f 529/891/90 1005/382/90 1020/383/90 544/937/90
f 525/867/90 1001/373/90 1016/374/90 540/931/90
f 521/858/90 997/361/90 1012/364/90 536/925/90
f 530/873/90 1006/352/90 1021/355/90 545/938/90
f 526/882/90 1002/340/90 1017/343/90 541/932/90
f 522/888/90 998/331/90 1013/332/90 537/926/90
f 531/855/90 1007/322/90 1022/325/90 546/939/90
f 527/876/90 1003/307/90 1018/310/90 542/933/90
f 523/894/90 999/290/90 1014/291/90 538/927/90
f 532/861/90 1008/276/90 1023/279/90 547/940/90
f 519/870/90 995/256/90 1010/259/90 534/994/90
f 528/879/90 1004/250/90 1019/253/90 543/934/90
f 516/996/10 992/231/10 994/244/10 518/997/10
f 514/1000/79 990/203/79 992/231/79 516/996/79
f 496/1004/6 512/1003/6 988/119/6 972/62/6
f 500/1008/36 511/1007/36 987/97/36 976/120/36
f 499/1012/24 510/1011/24 986/139/24 975/98/24
f 498/1016/36 509/1015/36 985/170/36 974/84/36
f 501/1020/6 508/1019/6 984/83/6 977/140/6
f 505/1022/55 981/157/55 983/200/55 507/1023/55
f 507/1023/53 983/200/53 990/203/53 514/1000/53
f 502/1028/6 504/1027/6 980/22/6 978/158/6
f 509/1015/6 503/884/6 979/171/6 985/170/6
f 505/1022/6 502/1028/6 978/158/6 981/157/6
f 510/1011/36 501/1020/36 977/140/36 986/139/36
f 512/1003/24 500/1008/24 976/120/24 988/119/24
f 511/1007/6 499/1012/6 975/98/6 987/97/6
f 508/1019/24 498/1016/24 974/84/24 984/83/24
f 496/1004/20 972/62/20 1041/38/20 565/1029/20
f 567/1032/11 1043/44/11 1044/49/11 568/1033/11
f 566/1036/9 1042/39/9 1043/44/9 567/1032/9
f 565/1029/11 1041/38/11 1042/39/11 566/1036/11
f 504/1027/6 497/950/6 973/23/6 980/22/6
f 1386/515/19 1406/1135/19 1193/520/19 357/516/19
f 353/445/216 1191/529/216 1201/548/216 373/547/216
f 327/499/200 1124/1131/200 1128/1121/200 347/454/200
f 298/466/200 1120/1119/200 1127/1128/200 345/498/200
f 318/490/200 1123/1127/200 1126/1116/200 336/465/200
f 309/450/200 1121/449/200 1125/1124/200 334/489/200
f 345/498/181 1127/1128/181 1124/1131/181 327/499/181
f 334/489/181 1125/1124/181 1123/1127/181 318/490/181
f 347/454/181 1128/1121/181 1190/453/181 313/452/181
f 299/422/183 1119/1115/183 1189/451/183 310/423/183
f 336/465/181 1126/1116/181 1120/1119/181 298/466/181
f 126/25/178 1089/410/178 1119/1115/178 299/422/178
f 124/10/173 1157/9/173 1172/393/173 294/392/173
f 207/15/90 1170/14/90 1185/409/90 286/246/90
f 149/135/90 1161/134/90 1176/398/90 228/280/90
f 289/288/141 1171/1085/141 1104/411/141 290/271/141
f 181/218/90 1166/217/90 1181/404/90 257/388/90
f 155/151/90 1162/150/90 1177/399/90 234/386/90
f 134/69/90 1158/68/90 1173/394/90 213/376/90
f 189/183/90 1167/182/90 1182/405/90 268/371/90
f 164/198/90 1163/197/90 1178/400/90 243/358/90
f 140/214/90 1159/213/90 1174/395/90 219/345/90
f 195/65/90 1168/64/90 1183/406/90 274/339/90
f 169/188/90 1164/187/90 1179/401/90 245/337/90
f 146/224/90 1160/223/90 1175/396/90 225/316/90
f 199/108/90 1169/107/90 1184/407/90 275/319/90
f 125/179/90 1156/178/90 1171/1085/90 289/288/90
f 175/192/90 1165/191/90 1180/402/90 251/299/90
f 115/241/10 1153/1078/10 1155/1080/10 119/242/10
f 111/235/79 1151/1076/79 1153/1078/79 115/241/79
f 18/57/6 105/116/6 1149/1058/6 1133/1048/6
f 41/115/36 102/105/36 1148/1054/36 1137/1059/36
f 35/104/24 93/142/24 1147/1062/24 1136/1055/24
f 30/77/36 87/175/36 1146/1070/36 1135/1051/36
f 50/141/6 84/78/6 1145/1050/6 1138/1063/6
f 74/156/55 1142/1066/55 1144/1073/55 77/194/55
f 77/194/53 1144/1073/53 1151/1076/53 111/235/53
f 56/155/6 68/50/6 1141/1037/6 1139/1067/6
f 87/175/6 59/174/6 1140/205/6 1146/1070/6
f 74/156/6 56/155/6 1139/1067/6 1142/1066/6
f 93/142/36 50/141/36 1138/1063/36 1147/1062/36
f 105/116/24 41/115/24 1137/1059/24 1149/1058/24
f 102/105/6 35/104/6 1136/1055/6 1148/1054/6
f 84/78/24 30/77/24 1135/1051/24 1145/1050/24
f 18/57/20 1133/1048/20 1085/1040/20 2/19/20
f 10/40/11 1087/1045/11 1088/1047/11 14/41/11
f 6/20/9 1086/1043/9 1087/1045/9 10/40/9
f 2/19/11 1085/1040/11 1086/1043/11 6/20/11
f 68/50/6 20/26/6 1134/437/6 1141/1037/6
f 710/1139/222 1186/426/222 1200/550/222 724/1140/222
f 1399/1143/221 1407/545/221 1201/548/221 725/1134/221
f 719/1145/255 1195/528/255 1199/519/255 723/1146/255
f 716/1148/256 1192/523/256 1198/527/256 722/1149/256
f 718/1151/256 1194/526/256 1197/521/256 721/1152/256
f 715/1133/215 1191/529/215 1196/524/215 720/1153/215
f 722/1149/257 1198/527/257 1195/528/257 719/1145/257
f 720/1153/258 1196/524/258 1194/526/258 718/1151/258
f 721/1152/256 1197/521/256 1192/523/256 716/1148/256
f 723/1146/215 1199/519/215 1193/520/215 717/1137/215
f 646/1156/259 1122/58/259 1190/453/259 714/1123/259
f 645/1132/184 1121/449/184 1189/451/184 713/1120/184
f 658/1038/175 1134/437/175 1187/425/175 711/1160/175
f 711/1160/175 1187/425/175 1186/426/175 710/1139/175
f 623/1162/9 1099/67/9 1114/403/9 638/1163/9
f 627/1166/9 1103/222/9 1118/408/9 642/1167/9
f 614/1170/9 1090/13/9 1105/391/9 629/1171/9
f 613/1113/9 1089/410/9 1104/411/9 628/1106/9
f 618/1174/9 1094/216/9 1109/397/9 633/1175/9
f 642/1167/4 1118/408/4 1185/409/4 709/1110/4
f 641/1178/4 1117/287/4 1184/407/4 708/1087/4
f 640/1180/4 1116/330/4 1183/406/4 707/1093/4
f 639/1182/4 1115/360/4 1182/405/4 706/1099/4
f 638/1163/4 1114/403/4 1181/404/4 705/1105/4
f 637/1184/4 1113/265/4 1180/402/4 704/1082/4
f 636/1186/4 1112/318/4 1179/401/4 703/1091/4
f 635/1188/4 1111/346/4 1178/400/4 702/1097/4
f 634/1190/4 1110/378/4 1177/399/4 701/1103/4
f 633/1175/4 1109/397/4 1176/398/4 700/1108/4
f 632/1192/4 1108/298/4 1175/396/4 699/1089/4
f 631/1194/4 1107/336/4 1174/395/4 698/1095/4
f 630/1196/4 1106/368/4 1173/394/4 697/1101/4
f 629/1171/260 1105/391/260 1172/393/260 696/1112/260
f 619/1198/9 1095/186/9 1110/378/9 634/1190/9
f 615/1200/9 1091/181/9 1106/368/9 630/1196/9
f 624/1202/9 1100/196/9 1115/360/9 639/1182/9
f 620/1204/9 1096/190/9 1111/346/9 635/1188/9
f 616/1206/9 1092/63/9 1107/336/9 631/1194/9
f 625/1208/9 1101/133/9 1116/330/9 640/1180/9
f 621/1210/9 1097/177/9 1112/318/9 636/1186/9
f 617/1212/9 1093/106/9 1108/298/9 632/1192/9
f 626/1214/9 1102/212/9 1117/287/9 641/1178/9
f 622/1216/9 1098/149/9 1113/265/9 637/1184/9
f 676/1218/11 1152/240/11 1154/245/11 678/1219/11
f 674/1222/84 1150/233/84 1152/240/84 676/1218/84
f 667/1224/80 1143/206/80 1150/233/80 674/1222/80
f 627/1166/4 684/1088/4 1160/223/4 1103/222/4
f 618/1174/4 690/1104/4 1166/217/4 1094/216/4
f 626/1214/4 683/1094/4 1159/213/4 1102/212/4
f 664/1071/56 1140/205/56 1143/206/56 667/1224/56
f 624/1202/4 687/1096/4 1163/197/4 1100/196/4
f 620/1204/4 689/1081/4 1165/191/4 1096/190/4
f 619/1198/4 688/1090/4 1164/187/4 1095/186/4
f 615/1200/4 691/1098/4 1167/182/4 1091/181/4
f 621/1210/4 680/1083/4 1156/178/4 1097/177/4
f 622/1216/4 686/1102/4 1162/150/4 1098/149/4
f 625/1208/4 685/1107/4 1161/134/4 1101/133/4
f 617/1212/4 693/1086/4 1169/107/4 1093/106/4
f 623/1162/4 682/1100/4 1158/68/4 1099/67/4
f 616/1206/4 692/1092/4 1168/64/4 1092/63/4
f 646/1156/261 712/1226/261 1188/59/261 1122/58/261
f 655/1228/10 1131/33/10 1132/48/10 656/1229/10
f 653/1232/10 1129/12/10 1130/31/10 654/1233/10
f 654/1233/9 1130/31/9 1131/33/9 655/1228/9
f 614/1170/4 694/1109/4 1170/14/4 1090/13/4
f 681/1111/262 1157/9/262 1129/12/262 653/1232/262
f 724/1140/221 1200/550/221 1235/1245/221 1227/1246/221
f 303/60/19 1188/59/19 1234/1247/19 1206/1248/19
f 551/852/263 1027/851/263 1233/1249/263 1225/1250/263
f 372/552/221 1039/974/221 1232/1251/221 1221/553/221
f 563/973/221 958/557/221 1231/1252/221 1224/1253/221
f 469/820/19 946/819/19 1230/1254/19 1223/1255/19
f 712/1226/264 785/1225/264 1229/1256/264 1226/1257/264
f 490/556/221 797/1141/221 1228/1258/221 1222/1259/221
f 797/1141/221 724/1140/221 1227/1246/221 1228/1258/221
f 1188/59/265 712/1226/265 1226/1257/265 1234/1247/265
f 946/819/266 551/852/266 1225/1250/266 1230/1254/266
f 1039/974/221 563/973/221 1224/1253/221 1232/1251/221
f 785/1225/19 469/820/19 1223/1255/19 1229/1256/19
f 958/557/221 490/556/221 1222/1259/221 1231/1252/221
f 1242/1260/5 1214/551/5 1221/553/5 1245/1261/5
f 295/424/1 1213/1262/1 1220/1263/1 371/549/1
f 1200/550/221 371/549/221 1220/1263/221 1235/1245/221
f 338/474/267 320/483/267 1219/1264/267 1218/1265/267
f 320/483/268 330/482/268 1215/1266/268 1219/1264/268
f 319/481/269 337/476/269 1216/1267/269 1217/1268/269
f 305/475/270 338/474/270 1218/1265/270 1203/1269/270
f 329/478/271 319/481/271 1217/1268/271 1212/1270/271
f 1027/851/19 304/431/19 1210/1271/19 1233/1249/19
f 337/476/272 306/477/272 1207/1272/272 1216/1267/272
f 330/482/5 296/446/5 1214/551/5 1215/1266/5
f 351/430/5 325/507/5 1211/1273/5 1209/1274/5
f 306/477/1 342/508/1 1208/1275/1 1207/1272/1
f 350/427/1 303/60/1 1206/1248/1 1205/1276/1
f 1208/1275/19 342/508/19 1271/1277/19 1273/1278/19
f 343/506/5 305/475/5 1203/1269/5 1202/1279/5
f 304/431/5 351/430/5 1209/1274/5 1210/1271/5
f 1202/1279/19 1260/1280/19 1280/1281/19 1276/1282/19
f 324/509/1 350/427/1 1205/1276/1 1204/1283/1
f 295/424/1 329/478/1 1212/1270/1 1213/1262/1
f 1288/1284/5 1242/1260/5 1245/1261/5 1291/1285/5
f 1206/1248/19 1234/1247/19 1258/1286/19 1238/1287/19
f 1225/1250/19 1233/1249/19 1257/1288/19 1249/1289/19
f 1223/1255/19 1230/1254/19 1254/1290/19 1247/1291/19
f 1226/1257/19 1229/1256/19 1253/1292/19 1250/1293/19
f 122/238/273 1221/553/273 1232/1251/273 1224/1253/273 1231/1252/273 1222/1259/273 1228/1258/273 1227/1246/273 1235/1245/273 1220/1263/273 119/242/273 1155/1080/273 679/1079/273 752/766/273 405/765/273 913/998/273 518/997/273 994/244/273
f 1234/1247/19 1226/1257/19 1250/1293/19 1258/1286/19
f 1230/1254/19 1225/1250/19 1249/1289/19 1254/1290/19
f 121/237/274 993/901/274 517/900/274 912/762/274 404/761/274 751/1220/274 678/1219/274 1154/245/274 120/243/274 1269/1294/274 1259/1295/274 1251/1296/274 1252/1297/274 1246/1298/274 1255/1299/274 1248/1300/274 1256/1301/274 1245/1261/274
f 1229/1256/19 1223/1255/19 1247/1291/19 1253/1292/19
f 119/242/275 1220/1263/275 1269/1294/275 120/243/275
f 1213/1262/1 1265/1302/1 1269/1294/1 1220/1263/1
f 121/237/276 1245/1261/276 1221/553/276 122/238/276
f 1218/1265/5 1219/1264/5 1268/1303/5 1244/1304/5
f 1219/1264/220 1215/1266/220 1266/1305/220 1268/1303/220
f 1217/1268/1 1216/1267/1 1267/1306/1 1243/1307/1
f 1203/1269/219 1218/1265/219 1244/1304/219 1236/1308/219
f 1212/1270/218 1217/1268/218 1243/1307/218 1241/1309/218
f 1233/1249/19 1210/1271/19 1263/1310/19 1257/1288/19
f 1216/1267/217 1207/1272/217 1262/1311/217 1267/1306/217
f 1215/1266/5 1214/551/5 1242/1260/5 1266/1305/5
f 1209/1274/5 1211/1273/5 1264/1312/5 1240/1313/5
f 1207/1272/1 1208/1275/1 1239/1314/1 1262/1311/1
f 1205/1276/1 1206/1248/1 1238/1287/1 1261/1315/1
f 1237/1316/277 1239/1314/277 1275/1317/277 1274/1318/277
f 1202/1279/5 1203/1269/5 1236/1308/5 1260/1280/5
f 1210/1271/5 1209/1274/5 1240/1313/5 1263/1310/5
f 1211/1273/221 325/507/221 1278/1319/221 1279/1320/221
f 1204/1283/1 1205/1276/1 1261/1315/1 1237/1316/1
f 1213/1262/1 1212/1270/1 1241/1309/1 1265/1302/1
f 1271/1277/1 1270/1321/1 1272/1322/1 1273/1278/1
f 1273/1278/1 1272/1322/1 1274/1318/1 1275/1317/1
f 324/509/221 1204/1283/221 1272/1322/221 1270/1321/221
f 342/508/215 324/509/215 1270/1321/215 1271/1277/215
f 1239/1314/19 1208/1275/19 1273/1278/19 1275/1317/19
f 1204/1283/221 1237/1316/221 1274/1318/221 1272/1322/221
f 1278/1319/5 1277/1323/5 1276/1282/5 1279/1320/5
f 1279/1320/5 1276/1282/5 1280/1281/5 1281/1324/5
f 1260/1280/277 1264/1312/277 1281/1324/277 1280/1281/277
f 1264/1312/221 1211/1273/221 1279/1320/221 1281/1324/221
f 343/506/19 1202/1279/19 1276/1282/19 1277/1323/19
f 325/507/215 343/506/215 1277/1323/215 1278/1319/215
f 1322/1325/5 1288/1284/5 1291/1285/5 1325/1326/5
f 1251/1296/221 1259/1295/221 1305/1327/221 1297/1328/221
f 1238/1287/19 1258/1286/19 1304/1329/19 1284/1330/19
f 1249/1289/19 1257/1288/19 1303/1331/19 1295/1332/19
f 1245/1261/221 1256/1301/221 1302/1333/221 1291/1285/221
f 1248/1300/221 1255/1299/221 1301/1334/221 1294/1335/221
f 1247/1291/19 1254/1290/19 1300/1336/19 1293/1337/19
f 1250/1293/19 1253/1292/19 1299/1338/19 1296/1339/19
f 1246/1298/221 1252/1297/221 1298/1340/221 1292/1341/221
f 1252/1297/221 1251/1296/221 1297/1328/221 1298/1340/221
f 1258/1286/19 1250/1293/19 1296/1339/19 1304/1329/19
f 1254/1290/19 1249/1289/19 1295/1332/19 1300/1336/19
f 1256/1301/221 1248/1300/221 1294/1335/221 1302/1333/221
f 1253/1292/19 1247/1291/19 1293/1337/19 1299/1338/19
f 1255/1299/221 1246/1298/221 1292/1341/221 1301/1334/221
f 1265/1302/1 1311/1342/1 1315/1343/1 1269/1294/1
f 1259/1295/221 1269/1294/221 1315/1343/221 1305/1327/221
f 1244/1304/5 1268/1303/5 1314/1344/5 1290/1345/5
f 1268/1303/220 1266/1305/220 1312/1346/220 1314/1344/220
f 1243/1307/1 1267/1306/1 1313/1347/1 1289/1348/1
f 1236/1308/219 1244/1304/219 1290/1345/219 1282/1349/219
f 1241/1309/218 1243/1307/218 1289/1348/218 1287/1350/218
f 1257/1288/19 1263/1310/19 1309/1351/19 1303/1331/19
f 1267/1306/217 1262/1311/217 1308/1352/217 1313/1347/217
f 1266/1305/5 1242/1260/5 1288/1284/5 1312/1346/5
f 1240/1313/5 1264/1312/5 1310/1353/5 1286/1354/5
f 1262/1311/1 1239/1314/1 1285/1355/1 1308/1352/1
f 1261/1315/1 1238/1287/1 1284/1330/1 1307/1356/1
f 1239/1314/1 1237/1316/1 1283/1357/1 1285/1355/1
f 1260/1280/5 1236/1308/5 1282/1349/5 1306/1358/5
f 1263/1310/5 1240/1313/5 1286/1354/5 1309/1351/5
f 1264/1312/5 1260/1280/5 1306/1358/5 1310/1353/5
f 1237/1316/1 1261/1315/1 1307/1356/1 1283/1357/1
f 1265/1302/1 1241/1309/1 1287/1350/1 1311/1342/1
f 1356/1359/5 1322/1325/5 1325/1326/5 1359/1360/5
f 1297/1328/221 1305/1327/221 1339/1361/221 1331/1362/221
f 1284/1330/19 1304/1329/19 1338/1363/19 1318/1364/19
f 1295/1332/19 1303/1331/19 1337/1365/19 1329/1366/19
f 1291/1285/221 1302/1333/221 1336/1367/221 1325/1326/221
f 1294/1335/221 1301/1334/221 1335/1368/221 1328/1369/221
f 1293/1337/278 1300/1336/278 1334/1370/278 1327/1371/278
f 1296/1339/19 1299/1338/19 1333/1372/19 1330/1373/19
f 1292/1341/221 1298/1340/221 1332/1374/221 1326/1375/221
f 1298/1340/221 1297/1328/221 1331/1362/221 1332/1374/221
f 1304/1329/19 1296/1339/19 1330/1373/19 1338/1363/19
f 1300/1336/19 1295/1332/19 1329/1366/19 1334/1370/19
f 1302/1333/221 1294/1335/221 1328/1369/221 1336/1367/221
f 1299/1338/279 1293/1337/279 1327/1371/279 1333/1372/279
f 1301/1334/221 1292/1341/221 1326/1375/221 1335/1368/221
f 1311/1342/1 1345/1376/1 1349/1377/1 1315/1343/1
f 1305/1327/221 1315/1343/221 1349/1377/221 1339/1361/221
f 1290/1345/5 1314/1344/5 1348/1378/5 1324/1379/5
f 1314/1344/220 1312/1346/220 1346/1380/220 1348/1378/220
f 1289/1348/1 1313/1347/1 1347/1381/1 1323/1382/1
f 1282/1349/219 1290/1345/219 1324/1379/219 1316/1383/219
f 1287/1350/218 1289/1348/218 1323/1382/218 1321/1384/218
f 1303/1331/19 1309/1351/19 1343/1385/19 1337/1365/19
f 1313/1347/217 1308/1352/217 1342/1386/217 1347/1381/217
f 1312/1346/5 1288/1284/5 1322/1325/5 1346/1380/5
f 1286/1354/5 1310/1353/5 1344/1387/5 1320/1388/5
f 1308/1352/1 1285/1355/1 1319/1389/1 1342/1386/1
f 1307/1356/1 1284/1330/1 1318/1364/1 1341/1390/1
f 1285/1355/1 1283/1357/1 1317/1391/1 1319/1389/1
f 1306/1358/5 1282/1349/5 1316/1383/5 1340/1392/5
f 1309/1351/5 1286/1354/5 1320/1388/5 1343/1385/5
f 1310/1353/5 1306/1358/5 1340/1392/5 1344/1387/5
f 1283/1357/1 1307/1356/1 1341/1390/1 1317/1391/1
f 1311/1342/1 1287/1350/1 1321/1384/1 1345/1376/1
f 1390/531/5 1356/1359/5 1359/1360/5 1393/1244/5
f 1331/1362/221 1339/1361/221 1373/1393/221 1365/1394/221
f 1318/1364/19 1338/1363/19 1372/1395/19 1352/1396/19
f 1329/1366/19 1337/1365/19 1371/1397/19 1363/1398/19
f 1325/1326/221 1336/1367/221 1370/1399/221 1359/1360/221
f 1328/1369/221 1335/1368/221 1369/1400/221 1362/1401/221
f 1327/1371/280 1334/1370/280 1368/1402/280 1361/1403/280
f 1330/1373/19 1333/1372/19 1367/1404/19 1364/1405/19
f 1326/1375/221 1332/1374/221 1366/1406/221 1360/1407/221
f 1332/1374/221 1331/1362/221 1365/1394/221 1366/1406/221
f 1338/1363/19 1330/1373/19 1364/1405/19 1372/1395/19
f 1334/1370/19 1329/1366/19 1363/1398/19 1368/1402/19
f 1336/1367/221 1328/1369/221 1362/1401/221 1370/1399/221
f 1333/1372/281 1327/1371/281 1361/1403/281 1367/1404/281
f 1335/1368/221 1326/1375/221 1360/1407/221 1369/1400/221
f 1345/1376/1 1379/1408/1 1383/1409/1 1349/1377/1
f 1339/1361/221 1349/1377/221 1383/1409/221 1373/1393/221
f 1324/1379/5 1348/1378/5 1382/1410/5 1358/1411/5
f 1348/1378/220 1346/1380/220 1380/1412/220 1382/1410/220
f 1323/1382/1 1347/1381/1 1381/1413/1 1357/1414/1
f 1316/1383/219 1324/1379/219 1358/1411/219 1350/1415/219
f 1321/1384/218 1323/1382/218 1357/1414/218 1355/1416/218
f 1337/1365/19 1343/1385/19 1377/1417/19 1371/1397/19
f 1347/1381/217 1342/1386/217 1376/1418/217 1381/1413/217
f 1346/1380/5 1322/1325/5 1356/1359/5 1380/1412/5
f 1320/1388/5 1344/1387/5 1378/1419/5 1354/1420/5
f 1342/1386/1 1319/1389/1 1353/1421/1 1376/1418/1
f 1341/1390/1 1318/1364/1 1352/1396/1 1375/1422/1
f 1319/1389/1 1317/1391/1 1351/1423/1 1353/1421/1
f 1340/1392/5 1316/1383/5 1350/1415/5 1374/1424/5
f 1343/1385/5 1320/1388/5 1354/1420/5 1377/1417/5
f 1344/1387/5 1340/1392/5 1374/1424/5 1378/1419/5
f 1317/1391/1 1341/1390/1 1375/1422/1 1351/1423/1
f 1345/1376/1 1321/1384/1 1355/1416/1 1379/1408/1
f 354/532/5 1390/531/5 1393/1244/5 374/535/5
f 1365/1394/221 1373/1393/221 1407/545/221 1399/1143/221
f 1352/1396/19 1372/1395/19 1406/1135/19 1386/515/19
f 1363/1398/19 1371/1397/19 1405/538/19 1397/976/19
f 1359/1360/221 1370/1399/221 1404/970/221 1393/1244/221
f 1362/1401/221 1369/1400/221 1403/558/221 1396/971/221
f 1361/1403/280 1368/1402/280 1402/975/280 1395/563/280
f 1364/1405/19 1367/1404/19 1401/562/19 1398/1136/19
f 1360/1407/221 1366/1406/221 1400/1142/221 1394/559/221
f 1366/1406/221 1365/1394/221 1399/1143/221 1400/1142/221
f 1372/1395/19 1364/1405/19 1398/1136/19 1406/1135/19
f 1368/1402/19 1363/1398/19 1397/976/19 1402/975/19
f 1370/1399/221 1362/1401/221 1396/971/221 1404/970/221
f 1367/1404/281 1361/1403/281 1395/563/281 1401/562/281
f 1369/1400/221 1360/1407/221 1394/559/221 1403/558/221
f 1379/1408/1 1413/442/1 1417/546/1 1383/1409/1
f 1373/1393/221 1383/1409/221 1417/546/221 1407/545/221
f 1358/1411/5 1382/1410/5 1416/543/5 1392/541/5
f 1382/1410/220 1380/1412/220 1414/530/220 1416/543/220
f 1357/1414/1 1381/1413/1 1415/537/1 1391/540/1
f 1350/1415/219 1358/1411/219 1392/541/219 1384/511/219
f 1355/1416/218 1357/1414/218 1391/540/218 1389/443/218
f 1371/1397/19 1377/1417/19 1411/502/19 1405/538/19
f 1381/1413/217 1376/1418/217 1410/517/217 1415/537/217
f 1380/1412/5 1356/1359/5 1390/531/5 1414/530/5
f 1354/1420/5 1378/1419/5 1412/485/5 1388/503/5
f 1376/1418/1 1353/1421/1 1387/513/1 1410/517/1
f 1375/1422/1 1352/1396/1 1386/515/1 1409/470/1
f 1353/1421/1 1351/1423/1 1385/469/1 1387/513/1
f 1374/1424/5 1350/1415/5 1384/511/5 1408/486/5
f 1377/1417/5 1354/1420/5 1388/503/5 1411/502/5
f 1378/1419/5 1374/1424/5 1408/486/5 1412/485/5
f 1351/1423/1 1375/1422/1 1409/470/1 1385/469/1
f 1379/1408/1 1355/1416/1 1389/443/1 1413/442/1
f 1419/619/282 1418/1425/282 1428/1426/282 1429/1427/282
f 1422/620/282 1419/619/282 1429/1427/282 1432/1428/282
f 1423/1242/282 1422/620/282 1432/1428/282 1433/1429/282
f 1426/1430/283 1427/1431/283 1437/1432/283 1436/1433/283
f 384/618/227 731/835/227 1418/1425/227 1419/619/227
f 497/950/227 892/617/227 1422/620/227 1423/1242/227
f 711/1160/240 784/1157/240 1420/1159/240 1427/1431/240
f 658/1038/284 711/1160/284 1427/1431/284 1426/1430/284
f 468/624/240 945/623/240 1424/1236/240 1421/1158/240
f 731/835/227 658/1038/227 1426/1430/227 1418/1425/227
f 1429/1427/285 1428/1426/285 1438/1434/285 1439/1435/285
f 1432/1428/285 1429/1427/285 1439/1435/285 1442/1436/285
f 1433/1429/285 1432/1428/285 1442/1436/285 1443/1437/285
f 1436/1433/286 1437/1432/286 1447/1438/286 1446/1439/286
f 1418/1425/282 1426/1430/282 1436/1433/282 1428/1426/282
f 1424/1236/287 1425/1235/287 1435/1440/287 1434/1441/287
f 1421/1158/287 1424/1236/287 1434/1441/287 1431/1442/287
f 1420/1159/287 1421/1158/287 1431/1442/287 1430/1443/287
f 1427/1431/287 1420/1159/287 1430/1443/287 1437/1432/287
f 1425/1235/288 1423/1242/288 1433/1429/288 1435/1440/288
f 1439/1435/289 1438/1434/289 1448/1444/289 1449/1445/289
f 1442/1436/289 1439/1435/289 1449/1445/289 1452/1446/289
f 1443/1437/289 1442/1436/289 1452/1446/289 1453/1447/289
f 1446/1439/290 1447/1438/290 1457/1448/290 1456/1449/290
f 1428/1426/285 1436/1433/285 1446/1439/285 1438/1434/285
f 1434/1441/291 1435/1440/291 1445/1450/291 1444/1451/291
f 1431/1442/291 1434/1441/291 1444/1451/291 1441/1452/291
f 1430/1443/291 1431/1442/291 1441/1452/291 1440/1453/291
f 1437/1432/291 1430/1443/291 1440/1453/291 1447/1438/291
f 1435/1440/292 1433/1429/292 1443/1437/292 1445/1450/292
f 1448/1444/293 1456/1449/293 1466/1454/293 1458/1455/293
f 1449/1445/293 1448/1444/293 1458/1455/293 1459/1456/293
f 1452/1446/293 1449/1445/293 1459/1456/293 1462/1457/293
f 1453/1447/293 1452/1446/293 1462/1457/293 1463/1458/293
f 1438/1434/289 1446/1439/289 1456/1449/289 1448/1444/289
f 1444/1451/294 1445/1450/294 1455/1459/294 1454/1460/294
f 1441/1452/294 1444/1451/294 1454/1460/294 1451/1461/294
f 1440/1453/294 1441/1452/294 1451/1461/294 1450/1462/294
f 1447/1438/294 1440/1453/294 1450/1462/294 1457/1448/294
f 1445/1450/295 1443/1437/295 1453/1447/295 1455/1459/295
f 1462/1457/296 1459/1456/296 1461/1463/296 1464/1464/296
f 1458/1455/296 1466/1454/296 1467/1465/296 1460/1466/296
f 1459/1456/296 1458/1455/296 1460/1466/296 1461/1463/296
f 1463/1458/296 1462/1457/296 1464/1464/296 1465/1467/296
f 1454/1460/297 1455/1459/297 1465/1467/297 1464/1464/297
f 1451/1461/297 1454/1460/297 1464/1464/297 1461/1463/297
f 1450/1462/297 1451/1461/297 1461/1463/297 1460/1466/297
f 1457/1448/297 1450/1462/297 1460/1466/297 1467/1465/297
f 1455/1459/298 1453/1447/298 1463/1458/298 1465/1467/298
f 1456/1449/299 1457/1448/299 1467/1465/299 1466/1454/299
o clip_Cube.002
v 0.272776 -0.224855 0.059651
v 0.226141 0.226439 0.047746
v 0.273867 -0.225200 -0.055827
v 0.227806 0.226248 -0.049563
v 0.435185 -0.246462 0.060962
v 0.355999 0.249647 0.049869
v 0.436276 -0.246806 -0.054516
v 0.357664 0.249455 -0.047441
v 0.236480 -0.294855 -0.067440
v 0.235260 -0.294220 0.071317
v 0.459398 -0.294437 -0.065865
v 0.458178 -0.293801 0.072892
v 0.447837 -0.270621 -0.060190
v 0.252906 -0.260028 -0.061633
v 0.251750 -0.259537 0.065484
v 0.446681 -0.270131 0.066927
v 0.355072 -0.236003 -0.055171
v 0.292735 0.237851 -0.048502
v 0.353980 -0.235658 0.060307
v 0.291070 0.238043 0.048807
v 0.347939 -0.294646 -0.066652
v 0.346719 -0.294010 0.072105
v 0.349216 -0.264834 0.066206
v 0.350371 -0.265325 -0.060912
v 0.314469 -0.230602 -0.055499
v 0.258606 0.232241 0.048277
v 0.292209 -0.294751 -0.067046
v 0.301639 -0.262676 -0.061273
v 0.260270 0.232050 -0.049032
v 0.313378 -0.230257 0.059979
v 0.290990 -0.294115 0.071711
v 0.300483 -0.262186 0.065845
v 0.325199 0.243653 -0.039546
v 0.394582 -0.241060 0.052124
v 0.402449 -0.293906 0.072499
v 0.397949 -0.267483 0.066567
v 0.395674 -0.241405 -0.046418
v 0.323534 0.243845 0.040828
v 0.403669 -0.294541 -0.066259
v 0.399104 -0.267973 -0.060551
v 0.375373 -0.238704 -0.046582
v 0.307302 0.240944 0.040563
v 0.375804 -0.294594 -0.066455
v 0.374738 -0.266649 -0.060731
v 0.308967 0.240752 -0.039811
v 0.374281 -0.238359 0.051960
v 0.374584 -0.293958 0.072302
v 0.373582 -0.266159 0.066386
v 0.273321 -0.225028 0.001912
v 0.226974 0.226343 -0.000908
v 0.435730 -0.246634 0.003223
v 0.356831 0.249551 0.001214
v 0.235870 -0.294538 0.001939
v 0.458788 -0.294119 0.003514
v 0.447259 -0.270376 0.003368
v 0.252328 -0.259783 0.001926
v 0.347329 -0.294328 0.002726
v 0.291599 -0.294433 0.002333
v 0.403059 -0.294223 0.003120
v 0.375194 -0.294276 0.002923
v 0.273048 -0.224941 0.030782
v 0.356415 0.249599 0.025541
v 0.235565 -0.294379 0.036628
v 0.252039 -0.259660 0.033705
v 0.347024 -0.294169 0.037416
v 0.291295 -0.294274 0.037022
v 0.402754 -0.294065 0.037809
v 0.374889 -0.294117 0.037612
v 0.226557 0.226391 0.023419
v 0.435457 -0.246548 0.032093
v 0.458483 -0.293960 0.038203
v 0.446970 -0.270254 0.035148
v 0.227393 0.226295 -0.025404
v 0.436005 -0.246721 -0.025847
v 0.459095 -0.294279 -0.031416
v 0.447550 -0.270500 -0.028632
v 0.273596 -0.225114 -0.027157
v 0.357250 0.249503 -0.023282
v 0.236177 -0.294698 -0.032991
v 0.252619 -0.259906 -0.030074
v 0.347636 -0.294488 -0.032204
v 0.291907 -0.294593 -0.032597
v 0.403366 -0.294384 -0.031810
v 0.375501 -0.294436 -0.032007
v 0.284051 -0.226555 -0.055744
v 0.234284 0.227894 0.047879
v 0.250457 -0.294829 -0.067341
v 0.265128 -0.260692 -0.061543
v 0.235948 0.227703 -0.049430
v 0.282959 -0.226210 0.059734
v 0.249238 -0.294193 0.071416
v 0.263973 -0.260202 0.065575
v 0.249848 -0.294511 0.002038
v 0.235116 0.227799 -0.000775
v 0.249543 -0.294352 0.036727
v 0.234700 0.227846 0.023552
v 0.235535 0.227750 -0.025271
v 0.250155 -0.294671 -0.032892
v 0.349990 0.248084 -0.047566
v 0.425588 -0.245185 0.060885
v 0.445006 -0.293826 0.072799
v 0.435163 -0.269505 0.066842
v 0.426679 -0.245530 -0.054593
v 0.348325 0.248275 0.049743
v 0.446226 -0.294461 -0.065958
v 0.436319 -0.269995 -0.060276
v 0.349158 0.248179 0.001089
v 0.445616 -0.294143 0.003421
v 0.348742 0.248227 0.025416
v 0.445311 -0.293985 0.038110
v 0.445923 -0.294304 -0.031509
v 0.349577 0.248131 -0.023408
v 0.227599 0.226271 -0.037484
v 0.436141 -0.246763 -0.040181
v 0.459247 -0.294358 -0.048641
v 0.447694 -0.270561 -0.044411
v 0.273732 -0.225157 -0.041492
v 0.357457 0.249479 -0.035361
v 0.236328 -0.294776 -0.050215
v 0.252762 -0.259967 -0.045854
v 0.347788 -0.294567 -0.049428
v 0.292528 0.237875 -0.036422
v 0.292058 -0.294672 -0.049822
v 0.260064 0.232073 -0.036953
v 0.324993 0.243677 -0.035892
v 0.403517 -0.294462 -0.049034
v 0.375652 -0.294515 -0.049231
v 0.308760 0.240776 -0.036157
v 0.250306 -0.294750 -0.050117
v 0.235742 0.227727 -0.037350
v 0.349783 0.248108 -0.035487
v 0.446074 -0.294382 -0.048734
v 0.272912 -0.224898 0.045217
v 0.356207 0.249623 0.037705
v 0.235412 -0.294299 0.053973
v 0.251894 -0.259599 0.049595
v 0.346872 -0.294090 0.054760
v 0.291278 0.238019 0.036644
v 0.291142 -0.294194 0.054367
v 0.258814 0.232217 0.036113
v 0.323742 0.243821 0.037174
v 0.402601 -0.293985 0.055154
v 0.374736 -0.294037 0.054957
v 0.307510 0.240920 0.036909
v 0.226349 0.226415 0.035583
v 0.435321 -0.246505 0.046527
v 0.458331 -0.293880 0.055548
v 0.446826 -0.270193 0.051038
v 0.249390 -0.294273 0.054072
v 0.234492 0.227870 0.035716
v 0.348533 0.248251 0.037580
v 0.445158 -0.293905 0.055455
v 0.341258 -0.036051 -0.022967
v 0.340839 -0.036002 0.001529
v 0.308794 -0.041852 -0.023498
v 0.308374 -0.041804 0.000998
v 0.373722 -0.030249 -0.022437
v 0.373303 -0.030200 0.002059
v 0.357490 -0.033150 -0.022702
v 0.357071 -0.033101 0.001794
v 0.284053 -0.046151 0.000601
v 0.340423 -0.035954 0.025856
v 0.307958 -0.041756 0.025326
v 0.372887 -0.030153 0.026387
v 0.356655 -0.033054 0.026121
v 0.283636 -0.046103 0.024928
v 0.341465 -0.036074 -0.035046
v 0.309000 -0.041876 -0.035577
v 0.373929 -0.030272 -0.034516
v 0.357697 -0.033173 -0.034781
v 0.284472 -0.046199 -0.023895
v 0.284678 -0.046223 -0.035974
v 0.398094 -0.025770 0.002465
v 0.397678 -0.025722 0.026792
v 0.398513 -0.025818 -0.022032
v 0.398720 -0.025842 -0.034111
v 0.340215 -0.035931 0.038020
v 0.307750 -0.041732 0.037489
v 0.372679 -0.030129 0.038550
v 0.356447 -0.033030 0.038285
v 0.283428 -0.046079 0.037092
v 0.397470 -0.025698 0.038956
vt 0.375000 0.218967
vt 0.625000 0.218967
vt 0.625000 0.250000
vt 0.375000 0.250000
vt 0.375000 0.485227
vt 0.625000 0.485227
vt 0.625000 0.500000
vt 0.375000 0.500000
vt 0.375000 0.718750
vt 0.625000 0.718750
vt 0.625000 0.750000
vt 0.375000 0.750000
vt 0.375000 0.984324
vt 0.625000 0.984324
vt 0.625000 1.000000
vt 0.375000 1.000000
vt 0.375000 0.485227
vt 0.375000 0.500000
vt 0.375000 0.500000
vt 0.375000 0.485227
vt 0.859324 0.718750
vt 0.875000 0.718750
vt 0.875000 0.750000
vt 0.859324 0.750000
vt 0.360227 0.718750
vt 0.375000 0.718750
vt 0.375000 0.750000
vt 0.360227 0.750000
vt 0.375000 0.218967
vt 0.375000 0.250000
vt 0.375000 0.250000
vt 0.375000 0.218967
vt 0.375000 0.718750
vt 0.375000 0.750000
vt 0.375000 0.984324
vt 0.375000 1.000000
vt 0.375000 1.000000
vt 0.375000 0.984324
vt 0.375000 0.312500
vt 0.375000 0.375000
vt 0.375000 0.375000
vt 0.375000 0.312500
vt 0.375000 0.843750
vt 0.375000 0.875000
vt 0.375000 0.875000
vt 0.375000 0.843750
vt 0.375000 0.875000
vt 0.375000 0.843750
vt 0.187500 0.718750
vt 0.250000 0.718750
vt 0.250000 0.750000
vt 0.187500 0.750000
vt 0.718750 0.718750
vt 0.750000 0.718750
vt 0.750000 0.750000
vt 0.718750 0.750000
vt 0.375000 0.375000
vt 0.375000 0.312500
vt 0.625000 0.843750
vt 0.625000 0.875000
vt 0.625000 0.312500
vt 0.625000 0.375000
vt 0.375000 0.265676
vt 0.625000 0.265676
vt 0.375000 0.265676
vt 0.375000 0.265676
vt 0.140676 0.718750
vt 0.140676 0.750000
vt 0.375000 0.937500
vt 0.375000 0.937500
vt 0.375000 0.937500
vt 0.812500 0.718750
vt 0.812500 0.750000
vt 0.625000 0.937500
vt 0.375000 0.764773
vt 0.625000 0.764773
vt 0.625000 0.812500
vt 0.375000 0.812500
vt 0.639773 0.718750
vt 0.687500 0.718750
vt 0.687500 0.750000
vt 0.639773 0.750000
vt 0.375000 0.764773
vt 0.375000 0.812500
vt 0.375000 0.812500
vt 0.375000 0.764773
vt 0.375000 0.406250
vt 0.375000 0.437500
vt 0.375000 0.437500
vt 0.375000 0.406250
vt 0.281250 0.718750
vt 0.312500 0.718750
vt 0.312500 0.750000
vt 0.281250 0.750000
vt 0.375000 0.437500
vt 0.375000 0.406250
vt 0.625000 0.406250
vt 0.625000 0.437500
vt 0.250000 0.562066
vt 0.281250 0.562066
vt 0.281250 0.625000
vt 0.250000 0.625000
vt 0.312500 0.562066
vt 0.312500 0.625000
vt 0.859324 0.687500
vt 0.859324 0.718750
vt 0.859324 0.687500
vt 0.140676 0.562066
vt 0.187500 0.562066
vt 0.187500 0.625000
vt 0.140676 0.625000
vt 0.639773 0.531033
vt 0.687500 0.531033
vt 0.687500 0.531033
vt 0.639773 0.531033
vt 0.375000 0.062500
vt 0.375000 0.125000
vt 0.375000 0.125000
vt 0.375000 0.062500
vt 0.375000 0.562066
vt 0.375000 0.625000
vt 0.375000 0.625000
vt 0.375000 0.562066
vt 0.375000 0.625000
vt 0.375000 0.562066
vt 0.375000 0.125000
vt 0.375000 0.062500
vt 0.360227 0.562066
vt 0.360227 0.625000
vt 0.859324 0.562066
vt 0.875000 0.562066
vt 0.875000 0.625000
vt 0.859324 0.625000
vt 0.625000 0.562066
vt 0.625000 0.625000
vt 0.625000 0.062500
vt 0.625000 0.125000
vt 0.375000 0.031250
vt 0.625000 0.031250
vt 0.375000 0.031250
vt 0.375000 0.031250
vt 0.859324 0.625000
vt 0.281250 0.687500
vt 0.250000 0.687500
vt 0.312500 0.687500
vt 0.750000 0.718750
vt 0.812500 0.718750
vt 0.639773 0.687500
vt 0.639773 0.625000
vt 0.639773 0.625000
vt 0.639773 0.687500
vt 0.187500 0.687500
vt 0.140676 0.687500
vt 0.859324 0.531033
vt 0.859324 0.562066
vt 0.859324 0.531033
vt 0.375000 0.687500
vt 0.375000 0.687500
vt 0.375000 0.687500
vt 0.360227 0.687500
vt 0.875000 0.687500
vt 0.625000 0.687500
vt 0.375000 0.531033
vt 0.625000 0.531033
vt 0.875000 0.531033
vt 0.360227 0.531033
vt 0.375000 0.531033
vt 0.375000 0.531033
vt 0.187500 0.531033
vt 0.250000 0.531033
vt 0.639773 0.718750
vt 0.687500 0.718750
vt 0.140676 0.531033
vt 0.718750 0.531033
vt 0.718750 0.531033
vt 0.281250 0.531033
vt 0.312500 0.531033
vt 0.639773 0.562066
vt 0.639773 0.562066
vt 0.375000 0.187934
vt 0.375000 0.187934
vt 0.375000 0.187934
vt 0.625000 0.187934
vt 0.125000 0.531033
vt 0.125000 0.562066
vt 0.750000 0.531033
vt 0.750000 0.531033
vt 0.718750 0.718750
vt 0.125000 0.625000
vt 0.125000 0.687500
vt 0.812500 0.531033
vt 0.812500 0.531033
vt 0.125000 0.718750
vt 0.125000 0.750000
vt 0.312500 0.500000
vt 0.360227 0.500000
vt 0.639773 0.500000
vt 0.812500 0.500000
vt 0.859324 0.500000
vt 0.125000 0.500000
vt 0.140676 0.500000
vt 0.687500 0.500000
vt 0.718750 0.500000
vt 0.250000 0.500000
vt 0.281250 0.500000
vt 0.750000 0.500000
vt 0.187500 0.500000
vt 0.875000 0.500000
vt 0.375000 0.000000
vt 0.375000 0.000000
vt 0.375000 0.000000
vt 0.625000 0.000000
vt 0.687500 0.562066
vt 0.718750 0.562066
vt 0.718750 0.625000
vt 0.687500 0.625000
vt 0.750000 0.562066
vt 0.812500 0.562066
vt 0.812500 0.625000
vt 0.750000 0.625000
vt 0.718750 0.687500
vt 0.687500 0.687500
vt 0.812500 0.687500
vt 0.750000 0.687500
vn -0.9948 -0.1014 -0.0126
vn 0.0117 0.0161 -0.9998
vn 0.9874 0.1578 0.0124
vn -0.0119 0.0250 0.9996
vn 0.0127 0.2343 -0.9721
vn -0.1759 0.9844 -0.0049
vn 0.0018 -1.0000 0.0046
vn -0.9038 0.4279 -0.0099
vn 0.8990 0.4380 0.0062
vn -0.0030 0.1689 0.9856
vn 0.0071 0.1635 0.9865
vn 0.8989 0.4381 0.0068
vn -0.8560 0.5169 -0.0097
vn 0.0292 0.2410 -0.9701
vn 0.0236 0.1778 -0.9838
vn 0.1980 0.3124 0.9291
vn -0.0021 0.2031 0.9792
vn -0.1777 0.9840 -0.0076
vn 0.0115 0.1822 -0.9832
vn 0.4119 0.0780 0.9079
vn 0.0117 0.0155 -0.9998
vn 0.0117 0.0152 -0.9998
vn 0.0112 0.1682 -0.9857
vn 0.0222 0.1618 -0.9866
vn 0.0092 0.1865 0.9824
vn -0.0025 0.1895 0.9819
vn -0.1758 0.9844 -0.0049
vn -0.0119 0.0233 0.9997
vn -0.3018 -0.0239 0.9531
vn -0.1745 0.9846 -0.0076
vn -0.0015 0.2277 0.9737
vn -0.0918 0.3512 0.9318
vn 0.0484 0.4619 -0.8856
vn 0.0121 0.2064 -0.9784
vn 0.0117 0.0158 -0.9998
vn 0.4262 0.0703 -0.9019
vn 0.0119 0.1960 -0.9805
vn 0.2098 0.3033 -0.9295
vn -0.0119 0.0218 0.9997
vn -0.1756 0.9843 -0.0164
vn -0.0019 0.2133 0.9770
vn 0.0357 0.4710 0.8814
vn 0.9843 0.1759 0.0165
vn -0.0167 0.0020 0.9999
vn -0.8559 0.5171 -0.0097
vn 0.8997 0.4365 0.0068
vn 0.8997 0.4365 0.0062
vn -0.9037 0.4280 -0.0099
vn 0.9875 0.1569 0.0124
vn -0.9947 -0.1024 -0.0126
vn -0.9946 -0.1028 -0.0126
vn 0.0167 -0.0020 -0.9999
vn -0.9843 -0.1759 -0.0165
vn 0.8993 0.4372 0.0068
vn 0.8994 0.4372 0.0062
vn 0.9875 0.1573 0.0124
vn 0.9876 0.1566 0.0124
vn 0.8999 0.4360 0.0062
vn 0.9000 0.4359 0.0068
vn -0.8559 0.5170 -0.0097
vn -0.9947 -0.1020 -0.0126
vn 0.0215 0.1538 -0.9879
vn 0.0111 0.1611 -0.9869
vn 0.0117 0.0151 -0.9998
vn 0.0078 0.1712 0.9852
vn -0.0028 0.1759 0.9844
vn -0.0119 0.0243 0.9996
vn -0.1758 0.9844 -0.0050
vn 0.0148 0.2472 0.9689
vn -0.0011 0.2406 0.9706
vn -0.0119 0.0206 0.9997
vn -0.0774 0.3436 -0.9359
vn 0.0124 0.2212 -0.9752
vn -0.2785 -0.0282 -0.9600
vn -0.1756 0.9843 -0.0163
vn -0.1771 0.9842 -0.0076
vn -0.1739 0.9847 -0.0075
vn 0.9001 0.4356 0.0068
vn 0.9001 0.4357 0.0062
vn 0.9876 0.1564 0.0124
vn -0.9947 -0.1017 -0.0126
vn -0.8558 0.5172 -0.0097
vn -0.9946 -0.1030 -0.0126
vn 0.8991 0.4377 0.0068
vn 0.8991 0.4377 0.0062
vn 0.9874 0.1576 0.0124
usemtl metal.002
s off
f 1584/1468/300 1580/1469/300 1471/1470/300 1470/1471/300
f 1570/1472/301 1566/1473/301 1475/1474/301 1474/1475/301
f 1613/1476/302 1601/1477/302 1473/1478/302 1472/1479/302
f 1557/1480/303 1553/1481/303 1469/1482/303 1468/1483/303
f 1573/1484/304 1480/1485/304 1478/1486/304 1572/1487/304
f 1617/1488/305 1612/1489/305 1469/1490/305 1553/1491/305
f 1619/1492/306 1614/1493/306 1479/1494/306 1568/1495/306
f 1587/1496/307 1481/1497/307 1476/1498/307 1586/1499/307
f 1615/1500/308 1483/1501/308 1479/1494/308 1614/1493/308
f 1559/1502/309 1482/1503/309 1477/1504/309 1558/1505/309
f 1557/1480/310 1468/1483/310 1482/1503/310 1559/1502/310
f 1613/1476/311 1472/1479/311 1483/1501/311 1615/1500/311
f 1584/1468/312 1470/1471/312 1481/1497/312 1587/1496/312
f 1570/1472/313 1474/1475/313 1480/1485/313 1573/1484/313
f 1492/1506/314 1484/1507/314 1491/1508/314 1495/1509/314
f 1513/1510/315 1486/1511/315 1490/1512/315 1515/1513/315
f 1515/1513/316 1490/1512/316 1489/1514/316 1514/1515/316
f 1606/1516/306 1604/1517/306 1489/1518/306 1498/1519/306
f 1611/1520/317 1605/1521/317 1487/1522/317 1509/1523/317
f 1495/1509/318 1491/1508/318 1488/1524/318 1494/1525/318
f 1513/1510/319 1509/1526/319 1487/1527/319 1486/1511/319
f 1492/1506/320 1496/1528/320 1485/1529/320 1484/1507/320
f 1552/1530/321 1556/1531/321 1496/1528/321 1492/1506/321
f 1555/1532/322 1495/1509/322 1494/1525/322 1554/1533/322
f 1616/1534/306 1606/1516/306 1498/1519/306 1558/1535/306
f 1552/1530/323 1492/1506/323 1495/1509/323 1555/1532/323
f 1486/1511/324 1497/1536/324 1499/1537/324 1490/1512/324
f 1490/1512/325 1499/1537/325 1498/1538/325 1489/1514/325
f 1605/1521/326 1607/1539/326 1493/1540/326 1487/1522/326
f 1486/1511/327 1487/1527/327 1493/1541/327 1497/1536/327
f 1567/1542/328 1571/1543/328 1505/1544/328 1501/1545/328
f 1618/1546/329 1608/1547/329 1505/1548/329 1571/1549/329
f 1569/1550/330 1503/1551/330 1502/1552/330 1568/1553/330
f 1567/1542/331 1501/1545/331 1503/1551/331 1569/1550/331
f 1508/1554/332 1504/1555/332 1507/1556/332 1511/1557/332
f 1610/1558/306 1609/1559/306 1502/1560/306 1514/1561/306
f 1511/1557/333 1507/1556/333 1506/1562/333 1510/1563/333
f 1508/1554/334 1512/1564/334 1500/1565/334 1504/1555/334
f 1484/1507/335 1485/1529/335 1512/1564/335 1508/1554/335
f 1491/1508/336 1511/1557/336 1510/1563/336 1488/1524/336
f 1604/1517/306 1610/1558/306 1514/1561/306 1489/1518/306
f 1484/1507/337 1508/1554/337 1511/1557/337 1491/1508/337
f 1501/1545/338 1505/1544/338 1509/1526/338 1513/1510/338
f 1608/1547/339 1611/1520/339 1509/1523/339 1505/1548/339
f 1503/1551/340 1515/1513/340 1514/1515/340 1502/1552/340
f 1501/1545/341 1513/1510/341 1515/1513/341 1503/1551/341
f 1548/1566/306 1551/1567/306 1527/1568/306 1524/1569/306
f 1551/1567/306 1550/1570/306 1526/1571/306 1527/1568/306
f 1563/1572/342 1617/1488/342 1648/1573/342 1633/1574/342
f 1565/1575/306 1549/1576/306 1525/1577/306 1560/1578/306
f 1598/1579/343 1592/1580/343 1636/1581/343 1643/1582/343
f 1549/1576/306 1548/1566/306 1524/1569/306 1525/1577/306
f 1528/1583/344 1516/1584/344 1523/1585/344 1531/1586/344
f 1541/1587/345 1518/1588/345 1522/1589/345 1543/1590/345
f 1543/1590/346 1522/1589/346 1521/1591/346 1542/1592/346
f 1531/1586/347 1523/1585/347 1520/1593/347 1530/1594/347
f 1578/1595/306 1542/1592/306 1521/1591/306 1575/1596/306
f 1564/1597/326 1540/1598/326 1517/1599/326 1561/1600/326
f 1541/1587/348 1545/1601/348 1519/1602/348 1518/1588/348
f 1528/1583/349 1536/1603/349 1517/1604/349 1516/1584/349
f 1600/1605/350 1612/1606/350 1536/1603/350 1528/1583/350
f 1603/1607/347 1531/1586/347 1530/1594/347 1602/1608/347
f 1600/1605/344 1528/1583/344 1531/1586/344 1603/1607/344
f 1561/1600/342 1563/1572/342 1633/1574/342 1628/1609/342
f 1524/1569/306 1527/1568/306 1535/1610/306 1532/1611/306
f 1527/1568/306 1526/1571/306 1534/1612/306 1535/1610/306
f 1607/1539/351 1605/1521/351 1644/1613/351 1645/1614/351
f 1576/1615/352 1574/1616/352 1640/1617/352 1641/1618/352
f 1560/1578/306 1525/1577/306 1533/1619/306 1562/1620/306
f 1597/1621/342 1564/1597/342 1638/1622/342 1639/1623/342
f 1525/1577/306 1524/1569/306 1532/1611/306 1533/1619/306
f 1518/1588/353 1537/1624/353 1539/1625/353 1522/1589/353
f 1522/1589/354 1539/1625/354 1538/1626/354 1521/1591/354
f 1575/1596/306 1521/1591/306 1538/1626/306 1577/1627/306
f 1561/1600/326 1517/1599/326 1536/1628/326 1563/1572/326
f 1518/1588/355 1519/1602/355 1529/1629/355 1537/1624/355
f 1581/1630/356 1585/1631/356 1545/1601/356 1541/1587/356
f 1597/1621/305 1580/1632/305 1540/1598/305 1564/1597/305
f 1599/1633/306 1582/1634/306 1542/1592/306 1578/1595/306
f 1583/1635/357 1543/1590/357 1542/1592/357 1582/1634/357
f 1581/1630/358 1541/1587/358 1543/1590/358 1583/1635/358
f 1590/1636/306 1588/1637/306 1548/1566/306 1549/1576/306
f 1608/1547/351 1618/1546/351 1649/1638/351 1646/1639/351
f 1596/1640/306 1590/1636/306 1549/1576/306 1565/1575/306
f 1617/1488/351 1607/1539/351 1645/1614/351 1648/1573/351
f 1592/1580/343 1595/1641/343 1637/1642/343 1636/1581/343
f 1594/1643/306 1593/1644/306 1550/1570/306 1551/1567/306
f 1588/1637/306 1594/1643/306 1551/1567/306 1548/1566/306
f 1579/1645/352 1598/1579/352 1643/1582/352 1642/1646/352
f 1516/1584/359 1544/1647/359 1547/1648/359 1523/1585/359
f 1523/1585/307 1547/1648/307 1546/1649/307 1520/1593/307
f 1516/1584/360 1517/1604/360 1540/1650/360 1544/1647/360
f 1586/1651/306 1596/1640/306 1565/1575/306 1546/1652/306
f 1595/1641/343 1589/1653/343 1634/1654/343 1637/1642/343
f 1611/1520/351 1608/1547/351 1646/1639/351 1647/1655/351
f 1520/1656/306 1560/1578/306 1562/1620/306 1530/1657/306
f 1591/1658/343 1597/1621/343 1639/1623/343 1635/1659/343
f 1546/1652/306 1565/1575/306 1560/1578/306 1520/1656/306
f 1470/1471/361 1552/1530/361 1555/1532/361 1481/1497/361
f 1602/1660/306 1616/1534/306 1558/1535/306 1477/1661/306
f 1481/1497/362 1555/1532/362 1554/1533/362 1476/1498/362
f 1470/1471/363 1471/1470/363 1556/1531/363 1552/1530/363
f 1497/1536/364 1557/1480/364 1559/1502/364 1499/1537/364
f 1499/1537/365 1559/1502/365 1558/1505/365 1498/1538/365
f 1607/1539/326 1617/1488/326 1553/1491/326 1493/1540/326
f 1497/1536/366 1493/1541/366 1553/1481/366 1557/1480/366
f 1585/1631/367 1598/1579/367 1579/1645/367 1545/1601/367
f 1593/1644/306 1599/1633/306 1578/1595/306 1550/1570/306
f 1526/1571/306 1575/1596/306 1577/1627/306 1534/1612/306
f 1519/1602/305 1574/1616/305 1576/1615/305 1529/1629/305
f 1550/1570/306 1578/1595/306 1575/1596/306 1526/1571/306
f 1545/1601/326 1579/1645/326 1574/1616/326 1519/1602/326
f 1472/1479/368 1567/1542/368 1569/1550/368 1483/1501/368
f 1483/1501/369 1569/1550/369 1568/1553/369 1479/1494/369
f 1601/1477/326 1618/1546/326 1571/1549/326 1473/1478/326
f 1472/1479/370 1473/1478/370 1571/1543/370 1567/1542/370
f 1504/1555/371 1570/1472/371 1573/1484/371 1507/1556/371
f 1609/1559/306 1619/1492/306 1568/1495/306 1502/1560/306
f 1507/1556/372 1573/1484/372 1572/1487/372 1506/1562/372
f 1504/1555/373 1500/1565/373 1566/1473/373 1570/1472/373
f 1506/1662/306 1572/1663/306 1599/1633/306 1593/1644/306
f 1475/1474/326 1566/1664/326 1598/1579/326 1585/1631/326
f 1496/1665/326 1556/1666/326 1597/1621/326 1591/1658/326
f 1476/1667/306 1554/1668/306 1596/1640/306 1586/1651/306
f 1500/1669/374 1512/1670/374 1595/1641/374 1592/1580/374
f 1488/1671/306 1510/1672/306 1594/1643/306 1588/1637/306
f 1510/1672/306 1506/1662/306 1593/1644/306 1594/1643/306
f 1566/1664/375 1500/1669/375 1592/1580/375 1598/1579/375
f 1485/1673/326 1496/1665/326 1591/1658/326 1589/1653/326
f 1554/1668/306 1494/1674/306 1590/1636/306 1596/1640/306
f 1512/1670/376 1485/1673/376 1589/1653/376 1595/1641/376
f 1494/1674/306 1488/1671/306 1588/1637/306 1590/1636/306
f 1474/1475/377 1581/1630/377 1583/1635/377 1480/1485/377
f 1480/1485/378 1583/1635/378 1582/1634/378 1478/1486/378
f 1572/1663/306 1478/1486/306 1582/1634/306 1599/1633/306
f 1556/1666/305 1471/1675/305 1580/1632/305 1597/1621/305
f 1474/1475/379 1475/1474/379 1585/1631/379 1581/1630/379
f 1544/1647/312 1584/1468/312 1587/1496/312 1547/1648/312
f 1547/1648/307 1587/1496/307 1586/1499/307 1546/1649/307
f 1544/1647/380 1540/1650/380 1580/1469/380 1584/1468/380
f 1534/1612/306 1577/1627/306 1619/1492/306 1609/1559/306
f 1529/1629/305 1576/1615/305 1618/1546/305 1601/1477/305
f 1564/1597/342 1561/1600/342 1628/1609/342 1638/1622/342
f 1530/1657/306 1562/1620/306 1616/1534/306 1602/1660/306
f 1468/1676/381 1600/1605/381 1603/1607/381 1482/1677/381
f 1482/1677/347 1603/1607/347 1602/1608/347 1477/1678/347
f 1468/1676/382 1469/1679/382 1612/1606/382 1600/1605/382
f 1605/1521/351 1611/1520/351 1647/1655/351 1644/1613/351
f 1532/1611/306 1535/1610/306 1610/1558/306 1604/1517/306
f 1535/1610/306 1534/1612/306 1609/1559/306 1610/1558/306
f 1618/1546/352 1576/1615/352 1641/1618/352 1649/1638/352
f 1589/1653/343 1591/1658/343 1635/1659/343 1634/1654/343
f 1562/1620/306 1533/1619/306 1606/1516/306 1616/1534/306
f 1574/1616/352 1579/1645/352 1642/1646/352 1640/1617/352
f 1533/1619/306 1532/1611/306 1604/1517/306 1606/1516/306
f 1537/1624/383 1613/1476/383 1615/1500/383 1539/1625/383
f 1539/1625/384 1615/1500/384 1614/1493/384 1538/1626/384
f 1577/1627/306 1538/1626/306 1614/1493/306 1619/1492/306
f 1563/1572/305 1536/1628/305 1612/1489/305 1617/1488/305
f 1537/1624/385 1529/1629/385 1601/1477/385 1613/1476/385
f 1624/1680/326 1626/1681/326 1627/1682/326 1625/1683/326
f 1642/1646/326 1624/1680/326 1625/1683/326 1640/1617/326
f 1620/1684/326 1622/1685/326 1623/1686/326 1621/1687/326
f 1626/1681/326 1620/1684/326 1621/1687/326 1627/1682/326
f 1625/1683/326 1627/1682/326 1632/1688/326 1631/1689/326
f 1640/1617/326 1625/1683/326 1631/1689/326 1641/1618/326
f 1621/1687/326 1623/1686/326 1630/1690/326 1629/1691/326
f 1627/1682/326 1621/1687/326 1629/1691/326 1632/1688/326
f 1637/1642/326 1634/1654/326 1620/1684/326 1626/1681/326
f 1634/1654/326 1635/1659/326 1622/1685/326 1620/1684/326
f 1643/1582/326 1636/1581/326 1624/1680/326 1642/1646/326
f 1636/1581/326 1637/1642/326 1626/1681/326 1624/1680/326
f 1635/1659/326 1639/1623/326 1638/1622/326 1622/1685/326
f 1623/1686/326 1628/1609/326 1633/1574/326 1630/1690/326
f 1622/1685/326 1638/1622/326 1628/1609/326 1623/1686/326
f 1630/1690/326 1633/1574/326 1648/1573/326 1645/1614/326
f 1631/1689/326 1632/1688/326 1647/1655/326 1646/1639/326
f 1641/1618/326 1631/1689/326 1646/1639/326 1649/1638/326
f 1629/1691/326 1630/1690/326 1645/1614/326 1644/1613/326
f 1632/1688/326 1629/1691/326 1644/1613/326 1647/1655/326
