# Blender v2.83.5 OBJ File: 'assault_rifle.blend'
# www.blender.org
mtllib assault_rifle.mtl
o ak_Cube.001
v -0.365845 -0.120038 0.075646
v -0.365845 0.147270 0.049353
v -0.365845 -0.120038 -0.074945
v -0.365845 0.147270 -0.046525
v 0.494089 -0.088521 0.049817
v 0.494089 0.123301 0.049817
v 0.494089 -0.088521 -0.049151
v 0.494089 0.123301 -0.049151
v -0.365845 0.013616 0.075646
v -0.365845 0.013616 -0.074945
v 0.494089 -0.000684 -0.049151
v 0.494089 -0.000684 0.049817
v 0.314623 -0.132640 -0.080641
v 0.314623 0.154831 -0.050077
v 0.314623 -0.132640 0.081308
v 0.314623 0.154831 0.053032
v 0.314623 0.011096 0.081308
v 0.314623 0.011096 -0.080641
v 0.453893 0.154831 -0.050077
v 0.453893 -0.132640 0.081308
v 0.453893 0.011096 -0.080641
v 0.453893 -0.132640 -0.080641
v 0.453893 0.154831 0.053032
v 0.453893 0.011096 0.081308
v 1.237002 -0.061313 -0.049564
v 1.237002 -0.235277 -0.049564
v 1.237002 -0.235277 0.050220
v 1.237002 0.112652 -0.049564
v 1.237002 0.112652 0.050220
v 1.237002 -0.061313 0.050220
v 0.736742 -0.031351 0.040484
v 0.736742 0.071570 0.040484
v 0.736742 -0.116549 0.040484
v 0.736742 -0.116549 -0.039817
v 0.736742 0.071570 -0.039817
v 0.736742 -0.031351 -0.039817
v 0.641167 0.084444 0.048006
v 0.641167 -0.018254 -0.047339
v 0.641167 -0.018254 0.048006
v 0.641167 -0.063478 0.048006
v 0.641167 -0.063478 -0.047339
v 0.641167 0.084444 -0.047339
v -0.365845 -0.120038 0.000350
v -0.365845 0.147270 0.000350
v 0.494089 -0.088521 0.000333
v 0.494089 0.123301 0.000333
v -0.365845 0.013616 0.000350
v 0.314623 0.154831 0.000333
v 0.314623 -0.132640 0.000333
v 0.453893 0.154831 0.000333
v 0.453893 -0.132640 0.000333
v 1.237002 -0.235277 0.000328
v 1.237002 0.112652 0.000328
v 1.237002 -0.061313 0.000328
v 0.736742 0.071570 0.000333
v 0.736742 -0.116549 0.000333
v 0.641167 -0.063478 0.000333
v 0.641167 0.084444 0.000333
v -0.365845 -0.120038 0.038152
v 0.494089 0.123301 0.025177
v 0.314623 0.154831 0.040987
v 0.314623 -0.132640 0.040987
v 0.453893 0.154831 0.040987
v 0.453893 -0.132640 0.040987
v 1.237002 0.112652 0.025376
v 1.237002 -0.061313 0.025376
v 0.736742 -0.116549 0.020491
v 0.641167 -0.063478 0.024267
v -0.365845 0.147270 0.038152
v 0.494089 -0.088521 0.025177
v -0.365845 0.013616 0.038152
v 1.237002 -0.235277 0.025376
v 0.736742 0.071570 0.020491
v 0.641167 0.084444 0.024267
v -0.365845 0.147270 -0.037298
v 0.494089 -0.088521 -0.024409
v -0.365845 0.013616 -0.037298
v 1.237002 -0.235277 -0.024618
v 0.736742 0.071570 -0.019742
v 0.641167 0.084444 -0.023503
v -0.365845 -0.120038 -0.037298
v 0.494089 0.123301 -0.024409
v 0.314623 0.154831 -0.040154
v 0.314623 -0.132640 -0.040154
v 0.453893 0.154831 -0.040154
v 0.453893 -0.132640 -0.040154
v 1.237002 0.112652 -0.024618
v 1.237002 -0.061313 -0.024618
v 0.736742 -0.116549 -0.019742
v 0.641167 -0.063478 -0.023503
v 0.418359 -0.132640 -0.080641
v 0.418359 0.154831 0.053032
v 0.418359 0.011096 0.081308
v 0.418359 0.154831 -0.050077
v 0.418359 -0.132640 0.081308
v 0.418359 0.011096 -0.080641
v 0.418359 -0.132640 0.000333
v 0.418359 0.154831 0.000333
v 0.418359 -0.132640 0.040987
v 0.418359 0.154831 0.040987
v 0.418359 0.154831 -0.040154
v 0.418359 -0.132640 -0.040154
v 0.292448 -0.388017 -0.040154
v 0.292448 -0.388017 0.000333
v 0.390673 -0.421380 0.000333
v 0.292448 -0.388017 0.040987
v 0.390673 -0.421380 0.040987
v 0.390673 -0.421380 -0.040154
v -0.365845 0.080443 0.062499
v -0.365845 0.080443 -0.060735
v 0.494089 0.061309 -0.049151
v 0.494089 0.061309 0.049817
v 0.314623 0.082963 0.067170
v 0.314623 0.082963 -0.065359
v 0.453893 0.082963 0.067170
v 0.453893 0.082963 -0.065359
v 1.237002 0.025670 -0.049564
v 1.237002 0.025670 0.050220
v 0.736742 0.020110 -0.039817
v 0.736742 0.020110 0.040484
v 0.641167 0.033095 0.048006
v 0.641167 0.033095 -0.047339
v 1.237002 0.025670 0.000328
v -0.706170 -0.004819 0.000350
v -0.706170 -0.106367 0.038152
v 1.237002 0.025670 0.025376
v 1.237002 0.025670 -0.024618
v -0.706170 -0.106367 0.000350
v 0.418359 0.082963 -0.065359
v 0.418359 0.082963 0.067170
v -0.365845 0.113857 0.055926
v 0.736742 0.045840 0.040484
v 0.641167 0.058769 0.048006
v -0.365845 0.113857 -0.053630
v 0.494089 0.092305 -0.049151
v 0.494089 0.092305 0.049817
v 0.314623 0.118897 0.060101
v 0.314623 0.118897 -0.057718
v 0.453893 0.118897 0.060101
v 0.453893 0.118897 -0.057718
v 1.237002 0.069161 -0.049564
v 1.237002 0.069161 0.050220
v 0.736742 0.045840 -0.039817
v 0.641167 0.058769 -0.047339
v 1.237002 0.069161 0.000328
v -0.706170 -0.004819 -0.074945
v -0.706170 -0.106367 0.075646
v 1.237002 0.069161 0.025376
v 1.237002 0.069161 -0.024618
v -0.706170 -0.106367 -0.074945
v 0.418359 0.118897 -0.057718
v 0.418359 0.118897 0.060101
v -0.025611 -0.132640 -0.080641
v -0.025611 0.154831 0.053032
v -0.025611 0.011096 0.081308
v -0.025611 0.154831 -0.050077
v -0.025611 -0.132640 0.081308
v -0.025611 0.011096 -0.080641
v -0.025611 -0.132640 0.000333
v -0.025611 0.154831 0.000333
v -0.025611 -0.132640 0.040987
v -0.025611 0.154831 0.040987
v -0.025611 0.154831 -0.040154
v -0.025611 -0.132640 -0.040154
v -0.025611 0.082963 -0.065359
v -0.025611 0.082963 0.067170
v -0.025611 0.118897 -0.057718
v -0.025611 0.118897 0.060101
v -0.365845 -0.004819 -0.074945
v 0.494089 -0.012799 -0.049151
v 0.494089 -0.012799 0.049817
v -0.365845 -0.004819 0.075646
v 0.314623 -0.008730 -0.080641
v 0.314623 -0.008730 0.081308
v 0.453893 -0.008730 0.081308
v 0.453893 -0.008730 -0.080641
v 1.237002 -0.085308 -0.049564
v 1.237002 -0.085308 0.050220
v 0.736742 -0.043102 -0.039817
v 0.736742 -0.043102 0.040484
v 0.641167 -0.024492 0.048006
v 0.641167 -0.024492 -0.047339
v 1.237002 -0.085308 0.000328
v -0.365845 -0.004819 0.000350
v -0.365845 -0.004819 0.038152
v 1.237002 -0.085308 0.025376
v 1.237002 -0.085308 -0.024618
v -0.365845 -0.004819 -0.037298
v 0.418359 -0.008730 -0.080641
v 0.418359 -0.008730 0.081308
v -0.025611 -0.008730 -0.080641
v -0.025611 -0.008730 0.081308
v -0.365845 0.130563 0.052639
v 0.736742 0.058705 0.040484
v 0.641167 0.071606 0.048006
v -0.365845 0.130563 -0.050077
v 0.494089 0.107803 -0.049151
v 0.494089 0.107803 0.049817
v 0.314623 0.136864 0.056567
v 0.314623 0.136864 -0.053898
v 0.453893 0.136864 0.056567
v 0.453893 0.136864 -0.053898
v 1.237002 0.090906 -0.049564
v 1.237002 0.090906 0.050220
v 0.736742 0.058705 -0.039817
v 0.641167 0.071606 -0.047339
v 1.237002 0.090906 0.000328
v -0.365845 0.130563 0.000350
v -0.365845 0.130563 0.038152
v 1.237002 0.090906 0.025376
v 1.237002 0.090906 -0.024618
v -0.365845 0.130563 -0.037298
v 0.418359 0.136864 -0.053898
v 0.418359 0.136864 0.056567
v -0.025611 0.136864 -0.053898
v -0.025611 0.136864 0.056567
v -0.365845 -0.106367 -0.074945
v 0.494089 -0.079536 -0.049151
v 0.494089 -0.079536 0.049817
v 0.314623 -0.117938 -0.080641
v 0.314623 -0.117938 0.081308
v 0.453893 -0.117938 0.081308
v 0.453893 -0.117938 -0.080641
v 1.237002 -0.217483 -0.049564
v 1.237002 -0.217483 0.050220
v 0.736742 -0.107835 -0.039817
v 0.641167 -0.058852 -0.047339
v 1.237002 -0.217483 0.000328
v -0.365845 -0.106367 0.000350
v -0.365845 -0.106367 0.038152
v 1.237002 -0.217483 0.025376
v 1.237002 -0.217483 -0.024618
v -0.365845 -0.106367 -0.037298
v 0.418359 -0.117938 -0.080641
v 0.418359 -0.117938 0.081308
v -0.025611 -0.117938 -0.080641
v -0.025611 -0.117938 0.081308
v -0.365845 -0.106367 0.075646
v 0.736742 -0.107835 0.040484
v 0.641167 -0.058852 0.048006
v -0.718698 0.080443 -0.060735
v -0.718698 0.013616 -0.074945
v -0.718698 0.013616 -0.037298
v -0.718698 0.013616 0.038152
v -0.718698 0.013616 0.000350
v -0.718698 0.013616 0.075646
v -0.718698 0.080443 0.038152
v -0.718698 0.080443 -0.037298
v -0.718698 0.080443 0.062499
v -0.718698 0.113857 -0.053630
v -0.718698 0.113857 0.000350
v -0.718698 0.113857 0.038152
v -0.718698 0.113857 -0.037298
v -0.718698 0.113857 0.055926
v -0.718698 0.130563 -0.050077
v -0.718698 0.130563 0.000350
v -0.718698 0.130563 0.038152
v -0.718698 0.130563 -0.037298
v -0.718698 -0.106367 0.075646
v -0.718698 -0.004819 0.075646
v -0.718698 -0.004819 0.000350
v -0.718698 -0.004819 -0.037298
v -0.718698 -0.004819 0.038152
v -0.718698 -0.004819 -0.074945
v -0.718698 0.130563 0.052639
v -0.718698 -0.106367 -0.074945
v -0.718698 -0.106367 0.000350
v -0.718698 -0.106367 0.038152
v -0.718698 -0.106367 -0.037298
v -0.706170 -0.004819 -0.037298
v -0.706170 -0.004819 0.038152
v -0.706170 -0.004819 0.075646
v -0.706170 -0.106367 -0.037298
v -0.706079 0.130563 0.052639
v -0.706079 0.130563 0.038152
v -0.706079 0.113857 -0.053630
v -0.706079 0.013616 0.038152
v -0.706079 0.080443 -0.060735
v -0.706079 0.013616 -0.074945
v -0.706079 0.013616 -0.037298
v -0.706079 0.013616 0.000350
v -0.706079 0.130563 -0.037298
v -0.706079 0.130563 -0.050077
v -0.706079 0.013616 0.075646
v -0.706079 0.080443 0.062499
v -0.706079 0.113857 0.055926
v -0.706079 0.130563 0.000350
v -0.365845 0.147270 0.019251
v 0.494089 -0.088521 0.012755
v 1.237002 -0.235277 0.012852
v 0.736742 0.071570 0.010412
v 0.641167 0.084444 0.012300
v -0.365845 -0.120038 0.019251
v 0.494089 0.123301 0.012755
v 0.314623 0.154831 0.020660
v 0.314623 -0.132640 0.020660
v 0.453893 0.154831 0.020660
v 0.453893 -0.132640 0.020660
v 1.237002 0.112652 0.012852
v 1.237002 -0.061313 0.012852
v 0.736742 -0.116549 0.010412
v 0.641167 -0.063478 0.012300
v 0.418359 0.154831 0.020660
v 0.418359 -0.132640 0.020660
v 0.292448 -0.388017 0.020660
v 0.390673 -0.421380 0.020660
v 1.237002 0.025670 0.012852
v 1.237002 0.069161 0.012852
v -0.025611 0.154831 0.020660
v -0.025611 -0.132640 0.020660
v 1.237002 -0.085308 0.012852
v 1.237002 0.090906 0.012852
v -0.365845 0.130563 0.019251
v -0.365845 -0.106367 0.019251
v 1.237002 -0.217483 0.012852
v -0.718698 0.013616 0.019251
v -0.718698 0.080443 0.019251
v -0.718698 0.113857 0.019251
v -0.718698 -0.004819 0.019251
v -0.718698 0.130563 0.019251
v -0.718698 -0.106367 0.019251
v -0.706170 -0.106367 0.019251
v -0.706079 0.130563 0.019251
v -0.365845 -0.120038 -0.018474
v 0.494089 0.123301 -0.012038
v 0.314623 0.154831 -0.019910
v 0.314623 -0.132640 -0.019910
v 0.453893 0.154831 -0.019910
v 0.453893 -0.132640 -0.019910
v 1.237002 0.112652 -0.012145
v 1.237002 -0.061313 -0.012145
v 0.736742 -0.116549 -0.009704
v 0.641167 -0.063478 -0.011585
v -0.365845 0.147270 -0.018474
v 0.494089 -0.088521 -0.012038
v 1.237002 -0.235277 -0.012145
v 0.736742 0.071570 -0.009704
v 0.641167 0.084444 -0.011585
v 0.418359 0.154831 -0.019910
v 0.418359 -0.132640 -0.019910
v 0.292448 -0.388017 -0.019910
v 0.390673 -0.421380 -0.019910
v 1.237002 0.025670 -0.012145
v 1.237002 0.069161 -0.012145
v -0.025611 0.154831 -0.019910
v -0.025611 -0.132640 -0.019910
v 1.237002 -0.085308 -0.012145
v -0.365845 0.130563 -0.018474
v 1.237002 0.090906 -0.012145
v 1.237002 -0.217483 -0.012145
v -0.365845 -0.106367 -0.018474
v -0.718698 0.013616 -0.018474
v -0.718698 0.080443 -0.018474
v -0.718698 0.113857 -0.018474
v -0.718698 -0.004819 -0.018474
v -0.718698 0.130563 -0.018474
v -0.718698 -0.106367 -0.018474
v -0.706170 -0.106367 -0.018474
v -0.706079 0.130563 -0.018474
v -0.365845 0.047030 -0.067840
v 0.494089 0.030312 -0.049151
v 0.494089 0.030312 0.049817
v 0.314623 0.047030 0.074239
v 0.314623 0.047030 -0.073000
v 0.453893 0.047030 0.074239
v 0.453893 0.047030 -0.073000
v 1.237002 -0.017822 -0.049564
v 1.237002 -0.017822 0.050220
v 0.736742 -0.005620 -0.039817
v 0.641167 0.007420 -0.047339
v 1.237002 -0.017822 0.000328
v 1.237002 -0.017822 0.025376
v 1.237002 -0.017822 -0.024618
v 0.418359 0.047030 -0.073000
v 0.418359 0.047030 0.074239
v -0.365845 0.047030 0.069072
v 0.736742 -0.005620 0.040484
v 0.641167 0.007420 0.048006
v -0.025611 0.047030 0.074239
v -0.025611 0.047030 -0.073000
v -0.718698 0.047030 -0.067840
v -0.718698 0.047030 0.000350
v -0.718698 0.047030 0.038152
v -0.718698 0.047030 -0.037298
v -0.718698 0.047030 0.069072
v -0.706079 0.047030 0.069072
v -0.706079 0.047030 -0.067840
v -0.718698 0.047030 0.019251
v 1.237002 -0.017822 0.012852
v -0.718698 0.047030 -0.018474
v 1.237002 -0.017822 -0.012145
v -0.365845 -0.055593 0.075646
v 0.736742 -0.075468 0.040484
v 0.641167 -0.041672 0.048006
v -0.365845 -0.055593 -0.074945
v 0.494089 -0.046168 -0.049151
v 0.494089 -0.046168 0.049817
v 0.314623 -0.063334 -0.080641
v 0.314623 -0.063334 0.081308
v 0.453893 -0.063334 0.081308
v 0.453893 -0.063334 -0.080641
v 1.237002 -0.151396 -0.049564
v 1.237002 -0.151396 0.050220
v 0.736742 -0.075468 -0.039817
v 0.641167 -0.041672 -0.047339
v 1.237002 -0.151396 0.000328
v 1.237002 -0.151396 0.025376
v 1.237002 -0.151396 -0.024618
v 0.418359 -0.063334 -0.080641
v 0.418359 -0.063334 0.081308
v -0.025611 -0.063334 -0.080641
v -0.025611 -0.063334 0.081308
v -0.718698 -0.055593 0.075646
v -0.718698 -0.055593 -0.074945
v -0.718698 -0.055593 0.038152
v -0.718698 -0.055593 -0.037298
v -0.706170 -0.055593 0.075646
v -0.706170 -0.055593 -0.074945
v -0.718698 -0.055593 0.019251
v 1.237002 -0.151396 0.012852
v -0.718698 -0.055593 -0.018474
v 1.237002 -0.151396 -0.012145
v -0.365845 -0.030206 0.075646
v 0.736742 -0.059285 0.040484
v 0.641167 -0.033082 0.048006
v -0.718698 -0.030206 0.075646
v -0.706170 -0.030206 -0.074945
v -0.365845 -0.030206 -0.074945
v 0.494089 -0.029484 -0.049151
v 0.494089 -0.029484 0.049817
v 0.314623 -0.036032 -0.080641
v 0.314623 -0.036032 0.081308
v 0.453893 -0.036032 0.081308
v 0.453893 -0.036032 -0.080641
v 1.237002 -0.118352 -0.049564
v 1.237002 -0.118352 0.050220
v 0.736742 -0.059285 -0.039817
v 0.641167 -0.033082 -0.047339
v 1.237002 -0.118352 0.000328
v 1.237002 -0.118352 0.025376
v 1.237002 -0.118352 -0.024618
v 0.418359 -0.036032 -0.080641
v 0.418359 -0.036032 0.081308
v -0.025611 -0.036032 -0.080641
v -0.025611 -0.036032 0.081308
v -0.718698 -0.030206 -0.074945
v -0.718698 -0.030206 0.000350
v -0.718698 -0.030206 0.038152
v -0.718698 -0.030206 -0.037298
v -0.706170 -0.030206 0.075646
v -0.718698 -0.030206 0.019251
v 1.237002 -0.118352 0.012852
v -0.718698 -0.030206 -0.018474
v 1.237002 -0.118352 -0.012145
v -0.365845 -0.080980 -0.074945
v 0.494089 -0.062852 -0.049151
v 0.494089 -0.062852 0.049817
v 0.314623 -0.090636 -0.080641
v 0.314623 -0.090636 0.081308
v 0.453893 -0.090636 0.081308
v 0.453893 -0.090636 -0.080641
v 1.237002 -0.184439 -0.049564
v 1.237002 -0.184439 0.050220
v 0.736742 -0.091652 -0.039817
v 0.641167 -0.050262 -0.047339
v 1.237002 -0.184439 0.000328
v 1.237002 -0.184439 0.025376
v 1.237002 -0.184439 -0.024618
v 0.418359 -0.090636 -0.080641
v 0.418359 -0.090636 0.081308
v -0.025611 -0.090636 -0.080641
v -0.025611 -0.090636 0.081308
v -0.718698 -0.080980 -0.074945
v -0.718698 -0.080980 0.000350
v -0.718698 -0.080980 0.038152
v -0.718698 -0.080980 -0.037298
v -0.706170 -0.080980 0.075646
v -0.718698 -0.080980 0.019251
v 1.237002 -0.184439 0.012852
v -0.718698 -0.080980 -0.018474
v 1.237002 -0.184439 -0.012145
v -0.365845 -0.080980 0.075646
v 0.736742 -0.091652 0.040484
v 0.641167 -0.050262 0.048006
v -0.718698 -0.080980 0.075646
v -0.706170 -0.080980 -0.074945
v -0.979885 0.113857 0.000350
v -0.979885 0.080443 0.019251
v -0.979885 0.113857 0.019251
v -0.979885 0.080443 -0.018474
v -0.979885 0.113857 -0.018474
v -0.979885 0.047030 0.000350
v -0.979885 0.047030 0.019251
v -0.979885 0.047030 -0.018474
v -1.372645 -0.030206 0.000350
v -1.293690 0.154621 -0.018474
v -1.372645 -0.030206 0.019251
v -1.372645 -0.055593 0.019251
v -1.372645 -0.030206 -0.018474
v -1.372645 -0.055593 -0.018474
v -1.372645 -0.080980 0.000350
v -1.372645 -0.080980 0.019251
v -1.372645 -0.080980 -0.018474
v -0.346787 -0.120744 -0.075264
v -0.346787 0.147694 0.049559
v -0.346787 0.013475 0.075963
v -0.346787 -0.120744 0.000349
v -0.346787 -0.120744 0.038311
v -0.346787 -0.120744 -0.037458
v -0.346787 0.080584 0.062761
v -0.346787 0.114139 0.056160
v -0.346787 0.147694 -0.046724
v -0.346787 -0.120744 0.075963
v -0.346787 0.013475 -0.075264
v -0.346787 0.147694 0.000349
v -0.346787 0.147694 0.038311
v -0.346787 0.147694 -0.037458
v -0.346787 0.080584 -0.060994
v -0.346787 0.114139 -0.053859
v -0.346787 -0.005038 -0.075264
v -0.346787 -0.005038 0.075963
v -0.346787 0.130916 -0.050291
v -0.346787 0.130916 0.052859
v -0.346787 -0.107015 0.075963
v -0.346787 -0.107015 -0.075264
v -0.346787 -0.120744 0.019330
v -0.346787 0.147694 0.019330
v -0.346787 -0.120744 -0.018554
v -0.346787 0.147694 -0.018554
v -0.346787 0.047030 -0.068129
v -0.346787 0.047030 0.069362
v -0.346787 -0.056027 0.075963
v -0.346787 -0.056027 -0.075264
v -0.346787 -0.030532 0.075963
v -0.346787 -0.030532 -0.075264
v -0.346787 -0.081521 -0.075264
v -0.346787 -0.081521 0.075963
v -0.259536 0.149633 -0.047635
v -0.259536 -0.123976 0.077415
v -0.259536 0.012828 -0.076725
v -0.259536 0.149633 0.000345
v -0.259536 0.149633 0.039038
v -0.259536 0.149633 -0.038190
v -0.259536 0.081231 -0.062180
v -0.259536 0.115432 -0.054907
v -0.259536 -0.006041 -0.076725
v -0.259536 0.132532 -0.051271
v -0.259536 -0.109983 -0.076725
v -0.259536 0.149633 0.019691
v -0.259536 0.149633 -0.018923
v -0.259536 0.047030 -0.069453
v -0.259536 -0.058012 -0.076725
v -0.259536 -0.032026 -0.076725
v -0.259536 -0.083997 -0.076725
v -0.259536 -0.123976 -0.076725
v -0.259536 0.149633 0.050502
v -0.259536 0.012828 0.077415
v -0.259536 -0.123976 0.000345
v -0.259536 -0.123976 0.039038
v -0.259536 -0.123976 -0.038190
v -0.259536 0.081231 0.063959
v -0.259536 0.115432 0.057230
v -0.259536 -0.006041 0.077415
v -0.259536 0.132532 0.053866
v -0.259536 -0.109983 0.077415
v -0.259536 -0.123976 0.019691
v -0.259536 -0.123976 -0.018923
v -0.259536 0.047030 0.070687
v -0.259536 -0.058012 0.077415
v -0.259536 -0.032026 0.077415
v -0.259536 -0.083997 0.077415
v -0.346880 0.151876 0.000349
v -0.346880 0.151876 0.019330
v -0.346880 0.151876 -0.018554
v -0.259629 0.153815 0.000345
v -0.259629 0.153815 0.019691
v -0.259629 0.153815 -0.018923
v -0.334769 -0.121189 -0.075466
v -0.334769 0.147961 0.049689
v -0.334769 0.013386 0.076163
v -0.334769 -0.121189 0.000349
v -0.334769 -0.121189 0.038411
v -0.334769 -0.121189 -0.037558
v -0.334769 0.080673 0.062926
v -0.334769 0.114317 0.056307
v -0.334769 -0.005176 0.076163
v -0.334769 0.131139 0.052998
v -0.334769 -0.107424 0.076163
v -0.334769 -0.121189 0.019380
v -0.334769 -0.121189 -0.018605
v -0.334769 0.047030 0.069544
v -0.334769 -0.056300 0.076163
v -0.334769 -0.030738 0.076163
v -0.334769 -0.081862 0.076163
v -0.334769 0.147961 -0.046849
v -0.334769 -0.121189 0.076163
v -0.334769 0.013386 -0.075466
v -0.334769 0.147961 0.038411
v -0.334769 0.147961 -0.037558
v -0.334769 0.080673 -0.061157
v -0.334769 0.114317 -0.054003
v -0.334769 -0.005176 -0.075466
v -0.334769 0.131139 -0.050426
v -0.334769 -0.107424 -0.075466
v -0.334769 0.147961 0.019380
v -0.334769 0.147961 -0.018605
v -0.334769 0.047030 -0.068311
v -0.334769 -0.056300 -0.075466
v -0.334769 -0.030738 -0.075466
v -0.334769 -0.081862 -0.075466
v -0.334862 0.152143 0.000349
v -0.334862 0.152143 0.019380
v -0.334862 0.152143 -0.018605
v -0.346880 0.165880 0.019330
v -0.346880 0.165880 -0.018554
v -0.334862 0.166147 0.019380
v -0.334862 0.166147 -0.018605
v -0.346880 0.151719 0.000388
v -0.334862 0.151986 0.000388
v 0.458720 0.151045 -0.049966
v 0.458720 -0.127342 0.077527
v 0.458720 0.009681 -0.076860
v 0.458720 -0.127342 -0.076860
v 0.458720 0.151045 0.052646
v 0.458720 0.009681 0.077527
v 0.451864 0.147380 -0.007635
v 0.458720 -0.127342 0.000333
v 0.451864 0.147380 0.031120
v 0.458720 -0.127342 0.039088
v 0.458720 -0.127342 -0.038263
v 0.451864 0.147380 -0.046232
v 0.458720 0.080363 0.065087
v 0.458720 0.080363 -0.063413
v 0.458720 0.115704 0.058866
v 0.458720 0.115704 -0.056690
v 0.458720 -0.009219 0.077527
v 0.458720 -0.009219 -0.076860
v 0.458720 0.133375 0.055756
v 0.458720 0.133375 -0.053328
v 0.458720 -0.113327 -0.076860
v 0.458720 -0.113327 0.077527
v 0.458720 -0.127342 0.019711
v 0.451864 0.147380 0.011742
v 0.458720 -0.127342 -0.018965
v 0.451864 0.147380 -0.026934
v 0.458720 0.045022 -0.070137
v 0.458720 0.045022 0.071307
v 0.458720 -0.061273 -0.076860
v 0.458720 -0.061273 0.077527
v 0.458720 -0.035246 -0.076860
v 0.458720 -0.035246 0.077527
v 0.458720 -0.087300 0.077527
v 0.458720 -0.087300 -0.076860
v 0.488087 0.128009 -0.049289
v 0.488087 -0.095109 0.054520
v 0.488087 0.001075 -0.053853
v 0.481231 0.124344 -0.007635
v 0.481231 0.124344 0.019569
v 0.481231 0.124344 -0.034729
v 0.488087 0.064542 -0.051571
v 0.488087 0.096276 -0.050430
v 0.488087 -0.012192 -0.053853
v 0.488087 0.112143 -0.049859
v 0.488087 -0.085271 -0.053853
v 0.481231 0.124344 0.005967
v 0.481231 0.124344 -0.021182
v 0.488087 0.032809 -0.052712
v 0.488087 -0.048731 -0.053853
v 0.488087 -0.030461 -0.053853
v 0.488087 -0.067001 -0.053853
v 0.488087 -0.095109 -0.053853
v 0.488087 0.128009 0.050297
v 0.488087 0.001075 0.054520
v 0.488087 -0.095109 0.000333
v 0.488087 -0.095109 0.027538
v 0.488087 -0.095109 -0.026760
v 0.488087 0.064542 0.052409
v 0.488087 0.096276 0.051353
v 0.488087 -0.012192 0.054520
v 0.488087 0.112143 0.050825
v 0.488087 -0.085271 0.054520
v 0.488087 -0.095109 0.013935
v 0.488087 -0.095109 -0.013213
v 0.488087 0.032809 0.053464
v 0.488087 -0.048731 0.054520
v 0.488087 -0.030461 0.054520
v 0.488087 -0.067001 0.054520
v 0.473403 -0.111225 -0.065356
v 0.473403 0.139527 0.051472
v 0.473403 0.005378 0.066023
v 0.473403 -0.111225 0.000333
v 0.473403 -0.111225 0.033313
v 0.473403 -0.111225 -0.032511
v 0.473403 0.072453 0.058747
v 0.473403 0.105990 0.055110
v 0.473403 -0.010705 0.066023
v 0.473403 0.122759 0.053291
v 0.473403 -0.099299 0.066023
v 0.473403 -0.111225 0.016823
v 0.473403 -0.111225 -0.016089
v 0.473403 0.038915 0.062385
v 0.473403 -0.055002 0.066023
v 0.473403 -0.032853 0.066023
v 0.473403 -0.077150 0.066023
v 0.473403 0.139527 -0.049627
v 0.473403 -0.111225 0.066023
v 0.473403 0.005378 -0.065356
v 0.466548 0.135862 -0.007635
v 0.466548 0.135862 0.025344
v 0.466548 0.135862 -0.040480
v 0.473403 0.072453 -0.057492
v 0.473403 0.105990 -0.053560
v 0.473403 -0.010705 -0.065356
v 0.473403 0.122759 -0.051594
v 0.473403 -0.099299 -0.065356
v 0.466548 0.135862 0.008854
v 0.466548 0.135862 -0.024058
v 0.473403 0.038915 -0.061424
v 0.473403 -0.055002 -0.065356
v 0.473403 -0.032853 -0.065356
v 0.473403 -0.077150 -0.065356
v 0.480745 0.133768 -0.049458
v 0.480745 -0.103167 0.060271
v 0.480745 0.003227 -0.059605
v 0.480745 0.133768 0.000333
v 0.480745 0.133768 0.030425
v 0.480745 0.133768 -0.029636
v 0.480745 0.068497 -0.054531
v 0.480745 0.101133 -0.051995
v 0.480745 -0.011448 -0.059605
v 0.480745 0.117451 -0.050726
v 0.480745 -0.092285 -0.059605
v 0.480745 0.133768 0.015379
v 0.480745 0.133768 -0.014651
v 0.480745 0.035862 -0.057068
v 0.480745 -0.051866 -0.059605
v 0.480745 -0.031657 -0.059605
v 0.480745 -0.072076 -0.059605
v 0.480745 -0.103167 -0.059605
v 0.480745 0.133768 0.050885
v 0.480745 0.003227 0.060271
v 0.480745 -0.103167 0.000333
v 0.480745 -0.103167 0.030425
v 0.480745 -0.103167 -0.029636
v 0.480745 0.068497 0.055578
v 0.480745 0.101133 0.053231
v 0.480745 -0.011448 0.060271
v 0.480745 0.117451 0.052058
v 0.480745 -0.092285 0.060271
v 0.480745 -0.103167 0.015379
v 0.480745 -0.103167 -0.014651
v 0.480745 0.035862 0.057925
v 0.480745 -0.051866 0.060271
v 0.480745 -0.031657 0.060271
v 0.480745 -0.072076 0.060271
v 0.465768 -0.119606 -0.071338
v 0.465768 0.145516 0.052082
v 0.465768 0.007616 0.072005
v 0.465768 -0.119606 0.000333
v 0.465768 -0.119606 0.036316
v 0.465768 -0.119606 -0.035502
v 0.465768 0.076566 0.062044
v 0.465768 0.111041 0.057063
v 0.465768 -0.009932 0.072005
v 0.465768 0.128279 0.054573
v 0.465768 -0.106593 0.072005
v 0.465768 -0.119606 0.018325
v 0.465768 -0.119606 -0.017584
v 0.465768 0.042091 0.067024
v 0.465768 -0.058262 0.072005
v 0.465768 -0.034097 0.072005
v 0.465768 -0.082428 0.072005
v 0.465768 0.145516 -0.049804
v 0.465768 -0.119606 0.072005
v 0.465768 0.007616 -0.071338
v 0.465768 0.145516 0.000333
v 0.465768 0.145516 0.036316
v 0.465768 0.145516 -0.035502
v 0.465768 0.076566 -0.060571
v 0.465768 0.111041 -0.055187
v 0.465768 -0.009932 -0.071338
v 0.465768 0.128279 -0.052495
v 0.465768 -0.106593 -0.071338
v 0.465768 0.145516 0.018325
v 0.465768 0.145516 -0.017584
v 0.465768 0.042091 -0.065954
v 0.465768 -0.058262 -0.071338
v 0.465768 -0.034097 -0.071338
v 0.465768 -0.082428 -0.071338
v 0.257276 -0.403389 -0.025967
v 0.257276 -0.403389 0.000319
v 0.384819 -0.446710 0.000319
v 0.257276 -0.403389 0.026712
v 0.257276 -0.403389 0.053106
v 0.384819 -0.446710 0.053106
v 0.384819 -0.446710 -0.052253
v 0.257276 -0.403389 -0.052253
v 0.384819 -0.446710 0.026712
v 0.384819 -0.446710 -0.025967
v -0.024345 -0.098453 0.020660
v -0.024345 -0.098453 0.040987
v -0.024345 -0.098453 -0.019910
v -0.024345 -0.098453 0.000333
v -0.024345 -0.098453 -0.040154
v -0.258270 -0.089789 0.000345
v -0.258270 -0.089789 0.039038
v -0.258270 -0.089789 -0.038190
v -0.258270 -0.089789 0.019691
v -0.258270 -0.089789 -0.018923
v -1.149447 -0.030930 0.000350
v -1.116034 -0.030930 0.000350
v -1.116034 -0.030930 0.019251
v -1.149447 -0.030930 0.019251
v -1.116034 -0.030930 -0.018474
v -1.149447 -0.030930 -0.018474
v -1.082620 -0.030930 0.000350
v -1.082620 -0.030930 0.019251
v -1.082620 -0.030930 -0.018474
v -1.246640 -0.030206 -0.018474
v -1.246640 -0.055593 -0.018474
v -1.246640 -0.080980 -0.018474
v -1.246640 -0.080980 0.000350
v -1.246640 -0.080980 0.019251
v -1.246640 -0.055593 0.019251
v -1.246640 -0.030206 0.000350
v -1.246640 -0.030206 0.019251
v -1.293690 -0.055593 -0.018474
v -1.293690 -0.080980 0.000350
v -1.293690 -0.080980 0.019251
v -1.293690 -0.055593 0.019251
v -1.293690 -0.030206 0.000350
v -1.293690 -0.030206 -0.018474
v -1.293690 -0.080980 -0.018474
v -1.293690 -0.030206 0.019251
v -1.456160 -0.030206 0.000350
v -1.456160 -0.030206 0.019251
v -1.456160 -0.055593 0.019251
v -1.456160 -0.030206 -0.018474
v -1.456160 -0.055593 -0.018474
v -1.456160 -0.080980 0.000350
v -1.456160 -0.080980 0.019251
v -1.456160 -0.080980 -0.018474
v -1.246640 0.154621 -0.018474
v -1.293690 0.154621 0.019251
v -1.246640 0.154621 0.019251
v -1.246640 0.154621 0.000350
v -1.293690 0.154621 0.000350
v -1.246640 0.140736 -0.018474
v -1.246640 0.140736 0.000350
v -1.293690 0.140736 0.000350
v -1.293690 0.140736 -0.018474
v -1.246640 0.140736 0.019251
v -1.293690 0.140736 0.019251
v -0.718698 -0.004819 -0.009062
v -0.718698 -0.030206 -0.009062
v -1.372645 -0.030206 -0.009062
v -1.246640 -0.030206 -0.009062
v -1.293690 -0.030206 -0.009062
v -1.456160 -0.030206 -0.009062
v -1.246640 0.154621 -0.009062
v -1.293690 0.154621 -0.009062
v -1.246640 0.140736 -0.009062
v -1.293690 0.140736 -0.009062
v -0.718698 -0.004819 0.009801
v -0.718698 -0.030206 0.009801
v -1.372645 -0.030206 0.009801
v -1.246640 -0.030206 0.009801
v -1.293690 -0.030206 0.009801
v -1.456160 -0.030206 0.009801
v -1.246640 0.154621 0.009801
v -1.293690 0.154621 0.009801
v -1.293690 0.140736 0.009801
v -1.246640 0.140736 0.009801
v -1.246640 -0.030206 -0.004356
v -1.293690 -0.030206 -0.004356
v -1.246640 0.154621 -0.004356
v -1.293690 0.154621 -0.004356
v -1.246640 0.140736 -0.004356
v -0.718698 -0.004819 -0.004356
v -0.718698 -0.030206 -0.004356
v -1.372645 -0.030206 -0.004356
v -1.456160 -0.030206 -0.004356
v -1.293690 0.140736 -0.004356
v -0.718698 -0.004819 0.005075
v -0.718698 -0.030206 0.005075
v -1.372645 -0.030206 0.005075
v -1.456160 -0.030206 0.005075
v -1.293690 0.140736 0.005075
v -1.246640 -0.030206 0.005075
v -1.293690 -0.030206 0.005075
v -1.246640 0.154621 0.005075
v -1.293690 0.154621 0.005075
v -1.246640 0.140736 0.005075
v -1.246640 0.171214 -0.004356
v -1.246640 0.171214 0.000350
v -1.293690 0.171214 0.000350
v -1.293690 0.171214 -0.004356
v -1.246640 0.171214 0.005075
v -1.293690 0.171214 0.005075
v -1.246640 0.140736 -0.028474
v -1.246640 0.154621 -0.028474
v -1.293690 0.154621 -0.028474
v -1.293690 0.140736 -0.028474
v -1.293690 0.154621 0.029251
v -1.246640 0.154621 0.029251
v -1.246640 0.140736 0.029251
v -1.293690 0.140736 0.029251
v -1.293690 0.185227 -0.018474
v -1.246640 0.185227 -0.018474
v -1.293690 0.185227 0.019251
v -1.246640 0.185227 0.019251
v -1.293690 0.185227 -0.028474
v -1.246640 0.185227 -0.028474
v -1.293690 0.185227 0.029251
v -1.246640 0.185227 0.029251
v -0.025538 0.046591 0.069657
v -0.025538 0.010658 0.076726
v -0.025538 -0.009168 0.076726
v -0.259463 0.012390 0.072833
v -0.259463 -0.006479 0.072833
v -0.259463 0.046591 0.066104
v -0.232417 0.150235 -0.047918
v -0.232417 -0.124980 0.077866
v -0.232417 0.012628 -0.077179
v -0.232417 0.150235 0.000344
v -0.232417 0.150235 0.039264
v -0.232417 0.150235 -0.038418
v -0.232417 0.081432 -0.062549
v -0.232417 0.115833 -0.055233
v -0.232417 -0.006353 -0.077179
v -0.232417 0.133034 -0.051576
v -0.232417 -0.110905 -0.077179
v -0.232417 0.150235 0.019804
v -0.232417 0.150235 -0.019037
v -0.232417 0.047030 -0.069864
v -0.232417 -0.058629 -0.077179
v -0.232417 -0.032491 -0.077179
v -0.232417 -0.084767 -0.077179
v -0.232417 -0.124980 -0.077179
v -0.232417 0.150235 0.050796
v -0.232417 -0.124980 0.039264
v -0.232417 -0.124980 -0.038418
v -0.232417 0.081432 0.064331
v -0.232417 0.115833 0.057563
v -0.232417 -0.006353 0.077866
v -0.232417 0.133034 0.054179
v -0.232417 -0.110905 0.077866
v -0.232417 0.047030 0.071099
v -0.232417 -0.058629 0.077866
v -0.232417 -0.032491 0.077866
v -0.232417 -0.084767 0.077866
v -0.231151 -0.090794 0.000344
v -0.231151 -0.090794 0.039264
v -0.231151 -0.090794 -0.038418
v -0.231150 -0.090794 0.019804
v -0.231150 -0.090794 -0.019037
v -0.232344 0.012190 0.073284
v -0.232344 -0.006791 0.073284
v -0.232344 0.046591 0.066516
v -0.259980 0.087454 -0.091446
v -0.259980 0.053253 -0.098719
v -0.259980 0.121655 -0.084174
v -0.232861 0.087655 -0.091815
v -0.232861 0.122057 -0.084500
v -0.232861 0.053253 -0.099130
v -0.232307 0.079897 -0.055330
v -0.025501 0.081429 -0.058141
v -0.232307 0.114299 -0.048015
v -0.025501 0.117362 -0.050500
v -0.025501 0.045495 -0.065782
v -0.232307 0.045495 -0.062646
v 0.410591 -0.213658 0.000333
v 0.410591 -0.213658 -0.040154
v 0.308401 -0.204296 0.040987
v 0.410591 -0.213658 0.040987
v 0.308401 -0.204296 -0.040154
v 0.308401 -0.204296 0.000333
v 0.308401 -0.204296 0.020660
v 0.410591 -0.213658 0.020660
v 0.308401 -0.204296 -0.019910
v 0.410591 -0.213658 -0.019910
v 0.409200 -0.228165 0.000333
v 0.307287 -0.217127 0.040987
v 0.307287 -0.217127 0.020660
v 0.409200 -0.228165 0.020660
v 0.307287 -0.217127 -0.019910
v 0.409200 -0.228165 -0.019910
v 0.409200 -0.228165 -0.040154
v 0.409200 -0.228165 0.040987
v 0.307287 -0.217127 -0.040154
v 0.307287 -0.217127 0.000333
v 0.196165 -0.131830 0.000454
v 0.209043 -0.131849 0.000238
v 0.208703 -0.131646 -0.020002
v 0.209384 -0.132053 0.020560
v 0.196507 -0.132034 0.020777
v 0.195826 -0.131627 -0.019786
v 0.222066 -0.194528 0.000285
v 0.222237 -0.194630 0.020610
v 0.215241 -0.201036 0.020718
v 0.215071 -0.200934 0.000394
v 0.214901 -0.200833 -0.019848
v 0.221896 -0.194427 -0.019956
v 0.293946 0.154831 -0.050077
v 0.293946 -0.132640 0.081308
v 0.293946 0.011096 -0.080641
v 0.293946 0.154831 0.000333
v 0.293946 0.154831 0.040987
v 0.293946 0.154831 -0.040154
v 0.293946 0.082963 -0.065359
v 0.293946 0.118897 -0.057718
v 0.293946 -0.132640 -0.080641
v 0.293946 0.154831 0.053032
v 0.293946 0.011096 0.081308
v 0.293946 -0.132640 0.000333
v 0.293946 -0.132640 0.040987
v 0.293946 -0.132640 -0.040154
v 0.293946 0.082963 0.067170
v 0.293946 0.118897 0.060101
v 0.293946 -0.008730 0.081308
v 0.293946 -0.008730 -0.080641
v 0.293946 0.136864 0.056567
v 0.293946 0.136864 -0.053898
v 0.293946 -0.117938 -0.080641
v 0.293946 -0.117938 0.081308
v 0.293946 0.154831 0.020660
v 0.293946 -0.132640 0.020660
v 0.293946 0.154831 -0.019910
v 0.293946 -0.132640 -0.019910
v 0.293946 0.047030 0.074239
v 0.293946 0.047030 -0.073000
v 0.293946 -0.063334 -0.080641
v 0.293946 -0.063334 0.081308
v 0.293946 -0.036032 -0.080641
v 0.293946 -0.036032 0.081308
v 0.293946 -0.090636 0.081308
v 0.293946 -0.090636 -0.080641
v 0.275494 -0.132640 -0.080641
v 0.275494 0.154831 0.053032
v 0.275494 0.011096 0.081308
v 0.275494 -0.132640 0.000333
v 0.275494 -0.132640 0.040987
v 0.275494 -0.132640 -0.040154
v 0.275494 0.082963 0.067170
v 0.275494 0.118897 0.060101
v 0.275494 -0.008730 0.081308
v 0.275494 0.136864 0.056567
v 0.275494 -0.117938 0.081308
v 0.275494 -0.132640 0.020660
v 0.275494 -0.132640 -0.019910
v 0.275494 0.047030 0.074239
v 0.275494 -0.063334 0.081308
v 0.275494 -0.036032 0.081308
v 0.275494 -0.090636 0.081308
v 0.275494 0.154831 -0.050077
v 0.275494 -0.132640 0.081308
v 0.275494 0.011096 -0.080641
v 0.275494 0.154831 0.000333
v 0.275494 0.154831 0.040987
v 0.275494 0.154831 -0.040154
v 0.275494 0.082963 -0.065359
v 0.275494 0.118897 -0.057718
v 0.275494 -0.008730 -0.080641
v 0.275494 0.136864 -0.053898
v 0.275494 -0.117938 -0.080641
v 0.275494 0.154831 0.020660
v 0.275494 0.154831 -0.019910
v 0.275494 0.047030 -0.073000
v 0.275494 -0.063334 -0.080641
v 0.275494 -0.036032 -0.080641
v 0.275494 -0.090636 -0.080641
v 0.293946 -0.165312 0.000333
v 0.293946 -0.165312 0.020660
v 0.293946 -0.165312 -0.019910
v 0.275494 -0.165312 0.000333
v 0.275494 -0.165312 0.020660
v 0.275494 -0.165312 -0.019910
v 0.261369 -0.188206 -0.013721
v 0.261369 -0.188206 0.006606
v 0.261369 -0.188206 -0.033965
v 0.256593 -0.170383 -0.013721
v 0.256593 -0.170383 0.006606
v 0.256593 -0.170383 -0.033965
v 0.245290 -0.192189 -0.013721
v 0.245290 -0.192189 0.006606
v 0.245290 -0.192189 -0.033965
v 0.245290 -0.173737 -0.013721
v 0.245290 -0.173737 0.006606
v 0.245290 -0.173737 -0.033965
v 0.418359 -0.008730 0.074611
v 0.314623 -0.008730 0.074611
v 0.314623 -0.036032 0.074611
v 0.314623 -0.063334 0.074611
v 0.418359 -0.036032 0.074611
v 0.418359 -0.063334 0.074611
vt 0.609375 0.187500
vt 0.625000 0.187500
vt 0.625000 0.250000
vt 0.609375 0.250000
vt 0.609375 0.495577
vt 0.625000 0.495577
vt 0.625000 0.500000
vt 0.609375 0.500000
vt 0.675053 0.813236
vt 0.690678 0.813236
vt 0.690678 0.818359
vt 0.675053 0.818359
vt 0.370577 0.687756
vt 0.375000 0.687756
vt 0.375000 0.750000
vt 0.370577 0.750000
vt 0.869877 0.687756
vt 0.875000 0.687756
vt 0.875000 0.750000
vt 0.869877 0.750000
vt 0.548437 0.813236
vt 0.565678 0.813236
vt 0.565678 0.818359
vt 0.548437 0.818359
vt 0.482759 0.495577
vt 0.500000 0.495577
vt 0.500000 0.500000
vt 0.482759 0.500000
vt 0.482759 0.187500
vt 0.500000 0.187500
vt 0.500000 0.250000
vt 0.482759 0.250000
vt 0.482759 0.427378
vt 0.500000 0.427378
vt 0.500000 0.432937
vt 0.482759 0.432937
vt 0.548437 0.607534
vt 0.565678 0.607534
vt 0.565678 0.635422
vt 0.548437 0.635422
vt 0.664175 0.687756
vt 0.692063 0.687756
vt 0.692063 0.750000
vt 0.664175 0.750000
vt 0.302378 0.687756
vt 0.307937 0.687756
vt 0.307937 0.750000
vt 0.302378 0.750000
vt 0.675053 0.607534
vt 0.690678 0.607534
vt 0.690678 0.635422
vt 0.675053 0.635422
vt 0.609375 0.427378
vt 0.625000 0.427378
vt 0.625000 0.432937
vt 0.609375 0.432937
vt 0.714786 0.701001
vt 0.714975 0.716087
vt 0.712778 0.717181
vt 0.712514 0.701684
vt 0.651065 0.687756
vt 0.654622 0.687756
vt 0.654622 0.750000
vt 0.651065 0.750000
vt 0.716412 0.644474
vt 0.716425 0.648471
vt 0.715900 0.648781
vt 0.715887 0.644590
vt 0.482759 0.460825
vt 0.500000 0.460825
vt 0.500000 0.470378
vt 0.482759 0.470378
vt 0.335825 0.687756
vt 0.345378 0.687756
vt 0.345378 0.750000
vt 0.335825 0.750000
vt 0.609375 0.460825
vt 0.625000 0.460825
vt 0.625000 0.470378
vt 0.609375 0.470378
vt 0.335825 0.593750
vt 0.345378 0.593750
vt 0.345378 0.625000
vt 0.335825 0.625000
vt 0.651065 0.593750
vt 0.654622 0.593750
vt 0.654622 0.625000
vt 0.651065 0.625000
vt 0.302378 0.593750
vt 0.307937 0.593750
vt 0.307937 0.625000
vt 0.302378 0.625000
vt 0.664175 0.593750
vt 0.692063 0.593750
vt 0.692063 0.625000
vt 0.664175 0.625000
vt 0.482759 0.062244
vt 0.500000 0.062244
vt 0.500000 0.125000
vt 0.482759 0.125000
vt 0.869877 0.593750
vt 0.875000 0.593750
vt 0.875000 0.625000
vt 0.869877 0.625000
vt 0.370577 0.593750
vt 0.375000 0.593750
vt 0.375000 0.625000
vt 0.370577 0.625000
vt 0.609375 0.093622
vt 0.625000 0.093622
vt 0.625000 0.125000
vt 0.609375 0.125000
vt 0.609375 0.000000
vt 0.625000 0.000000
vt 0.625000 0.062244
vt 0.609375 0.062244
vt 0.482759 0.000000
vt 0.500000 0.000000
vt 0.335825 0.656378
vt 0.345378 0.656378
vt 0.651065 0.656378
vt 0.654622 0.656378
vt 0.302378 0.656378
vt 0.307937 0.656378
vt 0.664175 0.656378
vt 0.692063 0.656378
vt 0.869877 0.656378
vt 0.875000 0.656378
vt 0.370577 0.656378
vt 0.375000 0.656378
vt 0.370577 0.500000
vt 0.375000 0.500000
vt 0.375000 0.562500
vt 0.370577 0.562500
vt 0.869877 0.500000
vt 0.875000 0.500000
vt 0.875000 0.562500
vt 0.869877 0.562500
vt 0.664175 0.500000
vt 0.692063 0.500000
vt 0.692063 0.562500
vt 0.664175 0.562500
vt 0.302378 0.500000
vt 0.307937 0.500000
vt 0.307937 0.562500
vt 0.302378 0.562500
vt 0.651065 0.500000
vt 0.654622 0.500000
vt 0.654622 0.562500
vt 0.651065 0.562500
vt 0.335825 0.500000
vt 0.345378 0.500000
vt 0.345378 0.562500
vt 0.335825 0.562500
vt 0.609375 0.156250
vt 0.625000 0.156250
vt 0.675053 0.597981
vt 0.690678 0.597981
vt 0.548437 0.597981
vt 0.565678 0.597981
vt 0.596928 0.597981
vt 0.628178 0.597981
vt 0.628178 0.607534
vt 0.596928 0.607534
vt 0.531250 0.432937
vt 0.562500 0.432937
vt 0.562500 0.460825
vt 0.531250 0.460825
vt 0.609375 0.093622
vt 0.609375 0.125000
vt 0.609375 0.125000
vt 0.609375 0.093622
vt 0.609375 0.250000
vt 0.593750 0.250000
vt 0.593750 0.250000
vt 0.609375 0.250000
vt 0.562500 0.470378
vt 0.531250 0.470378
vt 0.717272 0.655946
vt 0.718113 0.663438
vt 0.717810 0.664002
vt 0.716859 0.656383
vt 0.531250 0.427378
vt 0.562500 0.427378
vt 0.628178 0.635422
vt 0.596928 0.635422
vt 0.596928 0.813236
vt 0.628178 0.813236
vt 0.628178 0.818359
vt 0.596928 0.818359
vt 0.531250 0.495577
vt 0.562500 0.495577
vt 0.562500 0.500000
vt 0.531250 0.500000
vt 0.609375 0.000000
vt 0.609375 0.062244
vt 0.609375 0.062244
vt 0.609375 0.000000
vt 0.659428 0.597981
vt 0.659428 0.607534
vt 0.593750 0.432937
vt 0.593750 0.460825
vt 0.411529 0.250000
vt 0.387786 0.250000
vt 0.387786 0.250000
vt 0.411529 0.250000
vt 0.387786 0.062244
vt 0.387786 0.000000
vt 0.387786 0.000000
vt 0.387786 0.062244
vt 0.593750 0.470378
vt 0.714501 0.676585
vt 0.712546 0.677192
vt 0.593750 0.427378
vt 0.659428 0.635422
vt 0.659428 0.813236
vt 0.659428 0.818359
vt 0.593750 0.495577
vt 0.593750 0.500000
vt 0.562500 0.250000
vt 0.562500 0.250000
vt 0.628178 0.645942
vt 0.659428 0.645942
vt 0.659428 0.726891
vt 0.628178 0.726891
vt 0.531250 0.341468
vt 0.531250 0.285871
vt 0.531250 0.285871
vt 0.531250 0.341468
vt 0.596928 0.645942
vt 0.596928 0.726891
vt 0.562500 0.285871
vt 0.593750 0.285871
vt 0.593750 0.285871
vt 0.562500 0.285871
vt 0.160871 0.500000
vt 0.216468 0.500000
vt 0.216468 0.562500
vt 0.160871 0.562500
vt 0.702582 0.500000
vt 0.783532 0.500000
vt 0.783532 0.562500
vt 0.702582 0.562500
vt 0.702582 0.656378
vt 0.783531 0.656378
vt 0.783532 0.687756
vt 0.702582 0.687756
vt 0.153580 0.593750
vt 0.153580 0.562500
vt 0.153580 0.562500
vt 0.153580 0.593750
vt 0.702582 0.593750
vt 0.783531 0.593750
vt 0.783532 0.625000
vt 0.702582 0.625000
vt 0.160871 0.687756
vt 0.153580 0.687756
vt 0.153580 0.687756
vt 0.160871 0.687756
vt 0.609375 0.285871
vt 0.625000 0.285871
vt 0.625000 0.341468
vt 0.609375 0.341468
vt 0.216468 0.687756
vt 0.216468 0.750000
vt 0.160871 0.750000
vt 0.482759 0.285871
vt 0.500000 0.285871
vt 0.500000 0.341468
vt 0.482759 0.341469
vt 0.548437 0.645942
vt 0.565678 0.645942
vt 0.565678 0.726891
vt 0.548437 0.726891
vt 0.783532 0.750000
vt 0.702582 0.750000
vt 0.675053 0.645942
vt 0.690678 0.645942
vt 0.690678 0.726891
vt 0.675053 0.726891
vt 0.524693 0.645942
vt 0.524693 0.726891
vt 0.459015 0.285871
vt 0.459015 0.341468
vt 0.524693 0.597981
vt 0.524693 0.607534
vt 0.459015 0.432937
vt 0.459015 0.460825
vt 0.531250 0.250000
vt 0.500000 0.250000
vt 0.500000 0.250000
vt 0.531250 0.250000
vt 0.459015 0.470378
vt 0.715714 0.639941
vt 0.713986 0.640222
vt 0.524693 0.635422
vt 0.524693 0.635422
vt 0.548437 0.635422
vt 0.459015 0.427378
vt 0.609375 0.187500
vt 0.609375 0.187500
vt 0.459015 0.495577
vt 0.459015 0.500000
vt 0.524693 0.813236
vt 0.524693 0.818359
vt 0.593750 0.341468
vt 0.387786 0.093622
vt 0.387786 0.093622
vt 0.500000 0.093622
vt 0.482759 0.093622
vt 0.482759 0.062244
vt 0.482759 0.000000
vt 0.500000 1.000000
vt 0.500000 0.062244
vt 0.531250 1.000000
vt 0.562500 1.000000
vt 0.562500 1.000000
vt 0.531250 1.000000
vt 0.593750 1.000000
vt 0.593750 1.000000
vt 0.440678 0.813236
vt 0.453464 0.813236
vt 0.453464 0.818359
vt 0.440678 0.818359
vt 0.375000 0.495577
vt 0.387786 0.495577
vt 0.387786 0.500000
vt 0.375000 0.187500
vt 0.387786 0.187500
vt 0.387786 0.250000
vt 0.375000 0.250000
vt 0.375000 0.427378
vt 0.387786 0.427378
vt 0.387786 0.432937
vt 0.375000 0.432937
vt 0.440678 0.607534
vt 0.453464 0.607534
vt 0.453464 0.635422
vt 0.440678 0.635422
vt 0.706392 0.608526
vt 0.709709 0.624207
vt 0.707688 0.623718
vt 0.704047 0.609081
vt 0.375000 0.460825
vt 0.387786 0.460825
vt 0.387786 0.470378
vt 0.375000 0.470378
vt 0.375000 0.093622
vt 0.387786 0.093622
vt 0.387786 0.125000
vt 0.375000 0.125000
vt 0.375000 0.000000
vt 0.387786 0.000000
vt 0.387786 0.062244
vt 0.375000 0.062244
vt 0.375000 0.156250
vt 0.387786 0.156250
vt 0.440678 0.597981
vt 0.453464 0.597981
vt 0.375000 0.285871
vt 0.387786 0.285871
vt 0.387786 0.341468
vt 0.375000 0.341468
vt 0.440678 0.645942
vt 0.453464 0.645942
vt 0.453464 0.726891
vt 0.440678 0.726891
vt 0.531250 0.156250
vt 0.562500 0.156250
vt 0.562500 0.187500
vt 0.531250 0.187500
vt 0.531250 0.000000
vt 0.562500 0.000000
vt 0.562500 0.062244
vt 0.531250 0.062244
vt 0.531250 0.156250
vt 0.562500 0.156250
vt 0.593750 0.156250
vt 0.593750 0.187500
vt 0.593750 0.000000
vt 0.593750 0.062244
vt 0.411529 0.093622
vt 0.435272 0.093622
vt 0.435272 0.093622
vt 0.411529 0.093622
vt 0.459015 0.156250
vt 0.482759 0.156250
vt 0.482759 0.187500
vt 0.459015 0.187500
vt 0.459015 0.000000
vt 0.459015 0.062244
vt 0.459015 0.117155
vt 0.482759 0.117155
vt 0.482759 0.125000
vt 0.459015 0.125000
vt 0.482759 0.250000
vt 0.459015 0.250000
vt 0.609375 0.156250
vt 0.593750 0.093622
vt 0.593750 0.125000
vt 0.482759 0.250000
vt 0.387786 0.156250
vt 0.387786 0.125000
vt 0.387786 0.125000
vt 0.387786 0.156250
vt 0.459015 1.000000
vt 0.482759 1.000000
vt 0.482759 1.000000
vt 0.459015 1.000000
vt 0.387786 0.187500
vt 0.387786 0.187500
vt 0.609375 1.000000
vt 0.609375 1.000000
vt 0.482759 0.000000
vt 0.500000 1.000000
vt 0.609375 0.156250
vt 0.482759 0.125000
vt 0.482759 0.187500
vt 0.500000 0.187500
vt 0.500000 0.125000
vt 0.500000 0.062244
vt 0.500000 0.000000
vt 0.482759 0.062244
vt 0.459015 0.093622
vt 0.562500 0.093622
vt 0.531250 0.093622
vt 0.500000 0.156250
vt 0.482759 0.140625
vt 0.482759 0.132812
vt 0.482759 0.109311
vt 0.500000 0.125000
vt 0.153580 0.656378
vt 0.153580 0.656378
vt 0.500000 0.187500
vt 0.459015 0.140625
vt 0.593750 0.093622
vt 0.562500 0.093622
vt 0.411529 0.125000
vt 0.411529 0.125000
vt 0.216468 0.656378
vt 0.216468 0.687756
vt 0.216468 0.656378
vt 0.531250 0.125000
vt 0.500000 0.000000
vt 0.593750 0.125000
vt 0.411529 0.062244
vt 0.435272 0.062244
vt 0.435272 0.093622
vt 0.411529 0.093622
vt 0.411529 1.000000
vt 0.435272 1.000000
vt 0.435272 1.000000
vt 0.411529 1.000000
vt 0.411529 0.187500
vt 0.435272 0.187500
vt 0.435272 0.250000
vt 0.531250 0.093622
vt 0.411529 0.000000
vt 0.435272 0.000000
vt 0.411529 0.156250
vt 0.435272 0.156250
vt 0.477207 0.813236
vt 0.500950 0.813236
vt 0.500950 0.818359
vt 0.477207 0.818359
vt 0.411529 0.495577
vt 0.435272 0.495577
vt 0.435272 0.500000
vt 0.411529 0.500000
vt 0.411529 0.427378
vt 0.435272 0.427378
vt 0.435272 0.432937
vt 0.411529 0.432937
vt 0.477207 0.607534
vt 0.500950 0.607534
vt 0.500950 0.635422
vt 0.477207 0.635422
vt 0.711711 0.629452
vt 0.713713 0.634696
vt 0.711887 0.634720
vt 0.709787 0.629219
vt 0.411529 0.460825
vt 0.435272 0.460825
vt 0.435272 0.470378
vt 0.411529 0.470378
vt 0.477207 0.597981
vt 0.500950 0.597981
vt 0.411529 0.285871
vt 0.435272 0.285871
vt 0.435272 0.341468
vt 0.411529 0.341468
vt 0.477207 0.645942
vt 0.500950 0.645942
vt 0.500950 0.726891
vt 0.477207 0.726891
vt 0.459015 0.250000
vt 0.435272 0.250000
vt 0.459015 0.156250
vt 0.435272 0.156250
vt 0.435272 0.156250
vt 0.459015 0.156250
vt 0.411529 0.156250
vt 0.411529 0.156250
vt 0.548437 0.607534
vt 0.524693 0.607534
vt 0.411529 0.125000
vt 0.387786 1.000000
vt 0.387786 1.000000
vt 0.593750 0.156250
vt 0.593750 0.156250
vt 0.593750 0.125000
vt 0.531250 0.156250
vt 0.562500 0.156250
vt 0.531250 0.125000
vt 0.531250 0.093622
vt 0.531250 0.125000
vt 0.593750 0.093622
vt 0.459015 0.093622
vt 0.459015 0.093622
vt 0.435272 0.093622
vt 0.459015 0.140625
vt 0.459015 0.156250
vt 0.459015 0.140625
vt 0.411529 0.156250
vt 0.435272 0.156250
vt 0.411529 0.125000
vt 0.459015 0.117155
vt 0.459015 0.125000
vt 0.459015 0.125000
vt 0.459015 0.117155
vt 0.459015 0.093622
vt 0.459015 0.140625
vt 0.453464 0.810005
vt 0.477207 0.810005
vt 0.411529 0.250000
vt 0.411529 0.255123
vt 0.387786 0.255123
vt 0.435272 0.250000
vt 0.459015 0.250000
vt 0.459015 0.255123
vt 0.435272 0.255123
vt 0.500950 0.810005
vt 0.524693 0.810005
vt 0.565678 0.810005
vt 0.596928 0.810005
vt 0.531250 0.250000
vt 0.531250 0.255123
vt 0.500000 0.255123
vt 0.866646 0.562500
vt 0.866646 0.593750
vt 0.125000 0.562500
vt 0.130123 0.562500
vt 0.130123 0.593750
vt 0.125000 0.593750
vt 0.935555 0.443359
vt 0.935555 0.474737
vt 0.935555 0.474737
vt 0.935555 0.443359
vt 0.125000 0.625000
vt 0.130123 0.625000
vt 0.130123 0.656378
vt 0.125000 0.656378
vt 0.375000 0.255123
vt 0.440678 0.810005
vt 0.659428 0.810005
vt 0.675053 0.810005
vt 0.593750 0.250000
vt 0.609375 0.255123
vt 0.593750 0.255123
vt 0.548437 0.810005
vt 0.482759 0.255123
vt 0.125000 0.687756
vt 0.130123 0.687756
vt 0.130123 0.750000
vt 0.125000 0.750000
vt 0.625000 0.255123
vt 0.125000 0.500000
vt 0.130123 0.500000
vt 0.562500 0.250000
vt 0.562500 0.255123
vt 0.628178 0.810005
vt 0.866646 0.500000
vt 0.866646 0.656378
vt 0.866646 0.687756
vt 0.932324 0.474737
vt 0.912098 0.474737
vt 0.912098 0.474737
vt 0.932324 0.474737
vt 0.932324 0.506116
vt 0.935555 0.506116
vt 0.935555 0.568359
vt 0.932324 0.568359
vt 0.690678 0.810005
vt 0.675053 0.782489
vt 0.690678 0.782489
vt 0.690678 0.789779
vt 0.675053 0.789779
vt 0.839129 0.687756
vt 0.846420 0.687756
vt 0.846420 0.750000
vt 0.839129 0.750000
vt 0.596928 0.789779
vt 0.565678 0.789779
vt 0.565678 0.789779
vt 0.596928 0.789779
vt 0.839129 0.593750
vt 0.846420 0.593750
vt 0.846420 0.625000
vt 0.839129 0.625000
vt 0.839129 0.656378
vt 0.846420 0.656378
vt 0.839129 0.500000
vt 0.846420 0.500000
vt 0.846420 0.562500
vt 0.839129 0.562500
vt 0.596928 0.782489
vt 0.628178 0.782489
vt 0.628178 0.789779
vt 0.659428 0.782489
vt 0.659428 0.789779
vt 0.524693 0.782489
vt 0.548437 0.782489
vt 0.548437 0.789779
vt 0.524693 0.789779
vt 0.440678 0.782488
vt 0.453464 0.782489
vt 0.453464 0.789779
vt 0.440678 0.789779
vt 0.596928 0.726891
vt 0.565678 0.726891
vt 0.477207 0.782489
vt 0.500950 0.782489
vt 0.500950 0.789779
vt 0.477207 0.789779
vt 0.387786 0.258354
vt 0.411529 0.258354
vt 0.411529 0.278580
vt 0.387786 0.278580
vt 0.435272 0.258354
vt 0.459015 0.258354
vt 0.459015 0.278580
vt 0.435272 0.278580
vt 0.500000 0.258354
vt 0.531250 0.258354
vt 0.531250 0.278580
vt 0.500000 0.278580
vt 0.133354 0.562500
vt 0.133354 0.593750
vt 0.133354 0.625000
vt 0.153580 0.625000
vt 0.133354 0.656378
vt 0.375000 0.258354
vt 0.375000 0.278580
vt 0.593750 0.258354
vt 0.609375 0.258354
vt 0.609375 0.278580
vt 0.593750 0.278580
vt 0.482759 0.258354
vt 0.482759 0.278580
vt 0.133354 0.687756
vt 0.153580 0.750000
vt 0.133354 0.750000
vt 0.625000 0.258354
vt 0.625000 0.278580
vt 0.133354 0.500000
vt 0.153580 0.500000
vt 0.562500 0.258354
vt 0.562500 0.278580
vt 0.869877 0.625000
vt 0.869877 0.593750
vt 0.846420 0.625000
vt 0.846420 0.656378
vt 0.866646 0.593750
vt 0.846420 0.593750
vt 0.866646 0.625000
vt 0.866646 0.656378
vt 0.866646 0.750000
vt 0.869877 0.593750
vt 0.866646 0.593750
vt 0.869877 0.656378
vt 0.866646 0.656378
vt 0.869877 0.656378
vt 0.866646 0.625064
vt 0.869877 0.625064
vt 0.411529 0.473935
vt 0.387786 0.473935
vt 0.712662 0.624922
vt 0.714521 0.629792
vt 0.716379 0.634661
vt 0.718238 0.639531
vt 0.459015 0.473935
vt 0.435272 0.473935
vt 0.717191 0.648016
vt 0.717874 0.655308
vt 0.531250 0.473935
vt 0.500000 0.473935
vt 0.645870 0.562500
vt 0.645871 0.593750
vt 0.348935 0.562500
vt 0.348935 0.593750
vt 0.645871 0.625000
vt 0.645871 0.656378
vt 0.348935 0.625000
vt 0.348935 0.656378
vt 0.709817 0.607716
vt 0.375000 0.473935
vt 0.609375 0.473935
vt 0.593750 0.473935
vt 0.717363 0.675689
vt 0.718111 0.699998
vt 0.482759 0.473935
vt 0.717180 0.644305
vt 0.562500 0.473935
vt 0.718555 0.662614
vt 0.645871 0.500000
vt 0.348935 0.500000
vt 0.348935 0.687756
vt 0.645871 0.687756
vt 0.645871 0.750000
vt 0.718183 0.714502
vt 0.348935 0.750000
vt 0.625000 0.473935
vt 0.731560 0.695916
vt 0.731161 0.708631
vt 0.728393 0.709768
vt 0.728709 0.696787
vt 0.625000 0.687756
vt 0.629423 0.687756
vt 0.629423 0.750000
vt 0.625000 0.750000
vt 0.720262 0.643621
vt 0.720271 0.646182
vt 0.719618 0.646571
vt 0.719609 0.643766
vt 0.625000 0.593750
vt 0.629423 0.593750
vt 0.629423 0.625000
vt 0.625000 0.625000
vt 0.625000 0.656378
vt 0.629423 0.656378
vt 0.629423 0.500000
vt 0.629423 0.562500
vt 0.625000 0.562500
vt 0.720295 0.652736
vt 0.720328 0.659293
vt 0.719953 0.659997
vt 0.719783 0.653281
vt 0.728879 0.672015
vt 0.726441 0.672789
vt 0.728376 0.637881
vt 0.726227 0.638231
vt 0.723580 0.604460
vt 0.724526 0.627796
vt 0.722011 0.627187
vt 0.720663 0.605150
vt 0.725809 0.631158
vt 0.727092 0.634519
vt 0.724822 0.634549
vt 0.723417 0.630868
vt 0.387786 0.490166
vt 0.411529 0.490166
vt 0.435272 0.490166
vt 0.459015 0.490166
vt 0.500000 0.490166
vt 0.531250 0.490166
vt 0.365166 0.562500
vt 0.365166 0.593750
vt 0.365166 0.625000
vt 0.365166 0.656378
vt 0.375000 0.490166
vt 0.593750 0.490167
vt 0.609375 0.490166
vt 0.482759 0.490166
vt 0.562500 0.490166
vt 0.365166 0.500000
vt 0.365166 0.687756
vt 0.365166 0.750000
vt 0.625000 0.490166
vt 0.609375 0.479129
vt 0.625000 0.479129
vt 0.625000 0.484756
vt 0.609375 0.484756
vt 0.354129 0.687756
vt 0.359756 0.687756
vt 0.359756 0.750000
vt 0.354129 0.750000
vt 0.482759 0.479129
vt 0.500000 0.479129
vt 0.500000 0.484756
vt 0.482759 0.484756
vt 0.354129 0.593750
vt 0.359756 0.593750
vt 0.359756 0.625000
vt 0.354129 0.625000
vt 0.354129 0.656378
vt 0.359756 0.656378
vt 0.354129 0.500000
vt 0.359756 0.500000
vt 0.359756 0.562500
vt 0.354130 0.562500
vt 0.531250 0.479129
vt 0.562500 0.479129
vt 0.562500 0.484756
vt 0.531250 0.484756
vt 0.593750 0.479130
vt 0.593750 0.484756
vt 0.459015 0.479129
vt 0.459015 0.484756
vt 0.375000 0.479129
vt 0.387786 0.479129
vt 0.387786 0.484756
vt 0.375000 0.484756
vt 0.411529 0.479129
vt 0.435272 0.479129
vt 0.435272 0.484756
vt 0.411529 0.484756
vt 0.725213 0.697852
vt 0.725023 0.711256
vt 0.721665 0.712819
vt 0.721726 0.698907
vt 0.634834 0.687756
vt 0.640244 0.687756
vt 0.640244 0.750000
vt 0.634834 0.750000
vt 0.718810 0.643944
vt 0.718820 0.647047
vt 0.718022 0.647523
vt 0.718011 0.644121
vt 0.634834 0.593750
vt 0.640244 0.593750
vt 0.640244 0.625000
vt 0.634834 0.625000
vt 0.634834 0.656378
vt 0.640244 0.656378
vt 0.634834 0.500000
vt 0.640244 0.500000
vt 0.640244 0.562500
vt 0.634834 0.562500
vt 0.719155 0.653949
vt 0.719493 0.660859
vt 0.719034 0.661720
vt 0.718527 0.654615
vt 0.723457 0.673748
vt 0.720469 0.674704
vt 0.723599 0.638659
vt 0.720971 0.639086
vt 0.717095 0.605994
vt 0.718936 0.626442
vt 0.715860 0.625697
vt 0.713528 0.606838
vt 0.720490 0.630514
vt 0.722045 0.634586
vt 0.719267 0.634623
vt 0.717564 0.630160
vt 0.307937 0.656378
vt 0.335825 0.656378
vt 0.335825 0.687756
vt 0.307937 0.687756
vt 0.307937 0.593750
vt 0.335825 0.593750
vt 0.335825 0.625000
vt 0.307937 0.625000
vt 0.307937 0.562500
vt 0.335825 0.562500
vt 0.160871 0.656378
vt 0.160871 0.593750
vt 0.216468 0.593750
vt 0.216468 0.625000
vt 0.160871 0.625000
vt 0.160871 0.562500
vt 0.216468 0.562500
vt 0.216468 0.593750
vt 0.216468 0.625000
vt 0.153580 0.625000
vt 0.562500 0.093622
vt 0.562500 0.125000
vt 0.459015 0.156250
vt 0.459015 0.140625
vt 0.459015 0.093622
vt 0.435272 0.093622
vt 0.411529 0.156250
vt 0.435272 0.156250
vt 0.459015 0.125000
vt 0.459015 0.117155
vt 0.411529 0.125000
vt 0.411529 0.093622
vt 0.459015 0.132812
vt 0.459015 0.125000
vt 0.459015 0.125000
vt 0.459015 0.132812
vt 0.459015 0.140625
vt 0.459015 0.156250
vt 0.459015 0.156250
vt 0.459015 0.140625
vt 0.411529 0.093622
vt 0.459015 0.125000
vt 0.459015 0.117155
vt 0.459015 0.156250
vt 0.459015 0.140625
vt 0.459015 0.125000
vt 0.459015 0.132812
vt 0.459015 0.156250
vt 0.459015 0.156250
vt 0.459015 0.156250
vt 0.459015 0.117155
vt 0.459015 0.125000
vt 0.459015 0.125000
vt 0.459015 0.117155
vt 0.459015 0.093622
vt 0.459015 0.093622
vt 0.459015 0.093622
vt 0.459015 0.093622
vt 0.459015 0.109311
vt 0.459015 0.093622
vt 0.459015 0.109311
vt 0.459015 0.109311
vt 0.459015 0.132812
vt 0.459015 0.109311
vt 0.459015 0.132812
vt 0.459015 0.140625
vt 0.459015 0.132812
vt 0.459015 0.132812
vt 0.459015 0.132812
vt 0.459015 0.132812
vt 0.459015 0.132812
vt 0.459015 0.109311
vt 0.459015 0.109311
vt 0.459015 0.117155
vt 0.459015 0.117155
vt 0.459015 0.109311
vt 0.459015 0.093622
vt 0.459015 0.109311
vt 0.459015 0.109311
vt 0.459015 0.117155
vt 0.459015 0.117155
vt 0.459015 0.125000
vt 0.459015 0.132812
vt 0.459015 0.156250
vt 0.459015 0.156250
vt 0.459015 0.156250
vt 0.459015 0.156250
vt 0.459015 0.093622
vt 0.459015 0.093622
vt 0.459015 0.093622
vt 0.459015 0.093622
vt 0.459015 0.156250
vt 0.459015 0.156250
vt 0.459015 0.093622
vt 0.459015 0.093622
vt 0.548437 0.782489
vt 0.565678 0.782489
vt 0.548437 0.789779
vt 0.596928 0.782489
vt 0.548437 0.726891
vt 0.482759 0.971420
vt 0.482759 0.964129
vt 0.482759 0.964129
vt 0.482759 0.971420
vt 0.593750 0.278580
vt 0.562500 0.278580
vt 0.531250 0.285871
vt 0.562500 0.285871
vt 0.531250 0.278580
vt 0.593750 0.285871
vt 0.593750 0.341468
vt 0.562500 0.341468
vt 0.562500 0.341468
vt 0.307937 0.625000
vt 0.307937 0.656378
vt 0.307937 0.656378
vt 0.307937 0.625000
vt 0.307937 0.656378
vt 0.307937 0.625000
vt 0.307937 0.625000
vt 0.307937 0.656378
vt 0.307937 0.593750
vt 0.307937 0.593750
vt 0.307937 0.593750
vt 0.307937 0.593750
vt 0.307937 0.593750
vt 0.307937 0.625000
vt 0.307937 0.656378
vt 0.307937 0.656378
vt 0.307937 0.625000
vt 0.307937 0.593750
vt 0.387786 0.422418
vt 0.411529 0.422418
vt 0.477207 0.640981
vt 0.453464 0.640981
vt 0.524693 0.640981
vt 0.500950 0.640981
vt 0.435272 0.422418
vt 0.459015 0.422418
vt 0.500000 0.422418
vt 0.531250 0.422418
vt 0.596928 0.640981
vt 0.565678 0.640981
vt 0.297418 0.562500
vt 0.297418 0.593750
vt 0.697622 0.562500
vt 0.697622 0.593750
vt 0.302378 0.656378
vt 0.302378 0.625000
vt 0.697622 0.625000
vt 0.697622 0.656378
vt 0.440678 0.640981
vt 0.375000 0.422418
vt 0.593750 0.422418
vt 0.609375 0.422418
vt 0.675053 0.640981
vt 0.659428 0.640981
vt 0.482759 0.422418
vt 0.548437 0.640981
vt 0.690678 0.640981
vt 0.697622 0.687756
vt 0.697622 0.750000
vt 0.697622 0.500000
vt 0.628178 0.640981
vt 0.562500 0.422418
vt 0.297418 0.500000
vt 0.297418 0.656378
vt 0.297418 0.687756
vt 0.297418 0.656378
vt 0.625000 0.422418
vt 0.297418 0.750000
vt 0.297418 0.625000
vt 0.297418 0.656378
vt 0.302378 0.656378
vt 0.297418 0.625000
vt 0.297418 0.593750
vt 0.297418 0.593750
vt 0.297418 0.625000
vt 0.302378 0.593750
vt 0.302378 0.593750
vt 0.302378 0.593750
vt 0.297418 0.593750
vt 0.297418 0.625000
vt 0.297418 0.656378
vt 0.302378 0.625000
vt 0.302378 0.625000
vt 0.302378 0.656378
vt 0.500950 0.607534
vt 0.500950 0.635422
vt 0.386981 0.257809
vt 0.394856 0.255300
vt 0.491265 0.361755
vt 0.491110 0.361880
vt 0.279374 0.383591
vt 0.297318 0.330634
vt 0.487519 0.367578
vt 0.487026 0.371011
vt 0.491379 0.378439
vt 0.491459 0.379716
vt 0.489492 0.379754
vt 0.489024 0.378855
vt 0.490698 0.366671
vt 0.490526 0.368114
vt 0.488088 0.365961
vt 0.517066 0.222182
vt 0.564780 0.237247
vt 0.493854 0.361289
vt 0.493385 0.361508
vt 0.711842 0.494376
vt 0.698282 0.522394
vt 0.499093 0.378516
vt 0.499404 0.377704
vt 0.433357 0.604844
vt 0.324820 0.561655
vt 0.662618 0.275493
vt 0.676552 0.290342
vt 0.498903 0.366541
vt 0.498030 0.365016
vt 0.755743 0.243977
vt 0.767296 0.259134
vt 0.393046 0.693946
vt 0.249733 0.657258
vt 0.803135 0.557684
vt 0.791699 0.600413
vt 0.556527 0.127091
vt 0.670789 0.188563
vt 0.186065 0.402259
vt 0.202391 0.319397
vt 0.271811 0.234744
vt 0.281355 0.230357
vt 0.217483 0.089227
vt 0.233767 0.072504
vt 0.000097 0.480443
vt 0.028957 0.318538
vt 0.571969 0.005422
vt 0.683622 0.023520
vt 0.949443 0.738849
vt 0.931129 0.803555
vt 0.358531 0.928257
vt 0.155650 0.884415
vt 0.904248 0.180987
vt 0.937501 0.221518
vt 0.647120 0.913539
vt 0.552065 0.929892
vt 0.527812 0.698106
vt 0.592733 0.687084
vt 0.394045 0.013226
vt 0.453172 0.001545
vt 0.466481 0.123862
vt 0.422933 0.131843
vt 0.476948 0.221263
vt 0.456929 0.224237
vt 0.518392 0.608115
vt 0.560175 0.601737
vt 0.494447 0.379720
vt 0.496005 0.379454
vt 0.492542 0.361627
vt 0.492090 0.361699
vt 0.494327 0.366542
vt 0.494599 0.367913
vt 0.493264 0.368093
vt 0.493135 0.366727
vt 0.495742 0.377989
vt 0.494271 0.378190
vt 0.437772 0.230781
vt 0.491697 0.361756
vt 0.378966 0.146517
vt 0.337690 0.031263
vt 0.455266 0.933474
vt 0.461749 0.700774
vt 0.475975 0.610551
vt 0.492868 0.379781
vt 0.491928 0.366772
vt 0.491916 0.368162
vt 0.492787 0.378326
vt 0.497390 0.379082
vt 0.497124 0.377754
vt 0.495963 0.367614
vt 0.495523 0.366210
vt 0.600477 0.587406
vt 0.658293 0.666300
vt 0.740375 0.888667
vt 0.513180 0.000097
vt 0.510552 0.122280
vt 0.497026 0.219899
vt 0.492995 0.361568
vt 0.521066 0.539004
vt 0.481561 0.527074
vt 0.422053 0.842938
vt 0.192215 0.846180
vt 0.499837 0.649797
vt 0.526557 0.620122
vt 0.151082 0.476284
vt 0.239677 0.316842
vt 0.641333 0.648565
vt 0.649656 0.514571
vt 0.721070 0.457739
vt 0.721070 0.675735
vt 0.397001 0.987625
vt 0.089677 0.999915
vt 0.535288 0.580826
vt 0.132562 0.656428
vt 0.425409 0.635092
vt 0.459392 0.662175
vt 0.401238 0.192204
vt 0.583751 0.354056
vt 0.406893 0.598160
vt 0.441051 0.531326
vt 0.413431 0.559676
vt 0.566250 0.759195
vt 0.499982 0.369871
vt 0.500271 0.373456
vt 0.496874 0.373529
vt 0.496551 0.370479
vt 0.492017 0.370973
vt 0.492274 0.373962
vt 0.490715 0.374134
vt 0.490467 0.371039
vt 0.495021 0.370693
vt 0.495330 0.373658
vt 0.493806 0.373806
vt 0.493524 0.370858
vt 0.999903 0.374735
vt 0.999903 0.534323
vt 0.816767 0.422809
vt 0.800820 0.337065
vt 0.095627 0.766597
vt 0.033018 0.635865
vt 0.188399 0.489135
vt 0.211637 0.576224
vt 0.279453 0.443675
vt 0.291701 0.510613
vt 0.717939 0.397394
vt 0.705369 0.338522
vt 0.487353 0.374618
vt 0.488400 0.377670
vt 0.305682 0.537072
vt 0.229712 0.617903
vt 0.124406 0.825023
vt 0.499773 0.376539
vt 0.497013 0.376439
vt 0.492632 0.376895
vt 0.491175 0.377077
vt 0.495573 0.376572
vt 0.494107 0.376734
vt 0.965539 0.675594
vt 0.812167 0.513071
vt 0.719971 0.465564
vt 0.496778 0.363416
vt 0.494902 0.364606
vt 0.491989 0.365135
vt 0.490996 0.365007
vt 0.493944 0.364933
vt 0.492974 0.365107
vt 0.852101 0.131938
vt 0.738633 0.225547
vt 0.052765 0.272177
vt 0.210441 0.302217
vt 0.307757 0.313209
vt 0.639500 0.258975
vt 0.489000 0.364209
vt 0.491689 0.362071
vt 0.573016 0.238022
vt 0.494074 0.361412
vt 0.681102 0.190828
vt 0.703200 0.036437
vt 0.493068 0.361922
vt 0.492601 0.362008
vt 0.492128 0.362062
vt 0.493490 0.361793
vt 0.178368 0.125884
vt 0.254242 0.246501
vt 0.367786 0.265315
vt 0.490635 0.362271
vt 0.337036 0.137009
vt 0.282224 0.160932
vt 0.227598 0.004402
vt 0.384406 0.000103
vt 0.176247 0.351650
vt 0.189100 0.366481
vt 0.129846 0.497609
vt 0.082137 0.465289
vt 0.251131 0.180852
vt 0.220652 0.205157
vt 0.107511 0.072791
vt 0.164581 0.033301
vt 0.242291 0.339384
vt 0.302943 0.296885
vt 0.430147 0.440179
vt 0.284896 0.510969
vt 0.354295 0.240994
vt 0.528072 0.307059
vt 0.191988 0.232032
vt 0.167233 0.258909
vt 0.017062 0.180033
vt 0.057457 0.121937
vt 0.383440 0.190243
vt 0.528072 0.132375
vt 0.139615 0.296411
vt 0.000103 0.348844
vt 0.357425 0.159211
vt 0.435042 0.027314
vt 0.799665 0.389743
vt 0.816519 0.329682
vt 0.999897 0.376523
vt 0.901265 0.518288
vt 0.703543 0.329535
vt 0.717361 0.357388
vt 0.599579 0.466480
vt 0.562002 0.408684
vt 0.808131 0.260870
vt 0.779166 0.194484
vt 0.904633 0.048516
vt 0.999897 0.201022
vt 0.686690 0.203052
vt 0.677094 0.214958
vt 0.543254 0.169011
vt 0.557287 0.136453
vt 0.707707 0.182385
vt 0.596748 0.077149
vt 0.730517 0.163531
vt 0.652142 0.030378
vt 0.728212 0.374134
vt 0.635526 0.502774
vt 0.792729 0.388731
vt 0.811337 0.553757
vt 0.751786 0.150616
vt 0.720062 0.000103
vt 0.760521 0.382041
vt 0.782836 0.386857
vt 0.736232 0.551464
vt 0.664699 0.523306
vt 0.678157 0.235934
vt 0.531836 0.214845
vt 0.683146 0.266147
vt 0.691743 0.298403
vt 0.538467 0.345650
vt 0.528278 0.280116
vt 0.587171 0.845761
vt 0.004968 0.430355
vt 0.172922 0.171011
vt 0.493829 0.362461
vt 0.494316 0.363371
vt 0.493588 0.363656
vt 0.493289 0.362678
vt 0.492713 0.362801
vt 0.492835 0.363809
vt 0.492069 0.363832
vt 0.492128 0.362833
vt 0.378442 0.183711
vt 0.371562 0.175435
vt 0.472168 0.057884
vt 0.503616 0.092384
vt 0.149955 0.315619
vt 0.162728 0.334206
vt 0.048518 0.431084
vt 0.021046 0.391957
vt 0.326756 0.292260
vt 0.347341 0.276501
vt 0.489902 0.363005
vt 0.223200 0.280675
vt 0.237809 0.261742
vt 0.093103 0.213565
vt 0.136684 0.165862
vt 0.491565 0.362763
vt 0.491311 0.363715
vt 0.593456 0.241283
vt 0.615919 0.247895
vt 0.495613 0.362361
vt 0.494689 0.361745
vt 0.700865 0.198616
vt 0.720253 0.210073
vt 0.749504 0.064027
vt 0.799047 0.094365
vt 0.659980 0.217327
vt 0.000085 0.734041
vt 0.414577 0.000085
vt 0.460181 0.601358
vt 0.464791 0.597737
vt 0.491513 0.636707
vt 0.460648 0.644930
vt 0.462772 0.585917
vt 0.458857 0.593690
vt 0.420106 0.595808
vt 0.425336 0.565599
vt 0.470349 0.590362
vt 0.474449 0.582360
vt 0.519731 0.582329
vt 0.513043 0.613318
vt 0.473138 0.574613
vt 0.468202 0.578673
vt 0.447318 0.543475
vt 0.478226 0.540045
vt 0.457045 0.599805
vt 0.434893 0.624936
vt 0.476028 0.576483
vt 0.507669 0.549663
vn -1.0000 0.0000 0.0000
vn 0.0840 0.0181 -0.9963
vn -0.0149 0.1930 0.9811
vn 0.7392 -0.6735 -0.0000
vn -0.0222 0.9998 0.0000
vn -0.0166 0.0000 0.9999
vn 0.6167 0.0000 -0.7872
vn 0.0000 0.0000 -1.0000
vn 0.0000 0.0000 1.0000
vn 0.0000 1.0000 0.0000
vn 0.0000 -1.0000 0.0000
vn 0.0000 0.1930 0.9812
vn 0.0000 0.2080 -0.9781
vn 0.2516 0.1774 0.9514
vn 0.8771 0.4241 -0.2254
vn 0.6167 0.0000 0.7872
vn 0.9649 -0.2627 0.0000
vn 0.8951 -0.0138 0.4456
vn 0.5134 0.1573 0.8436
vn 0.4521 0.0162 -0.8918
vn 0.4088 0.1673 0.8972
vn 0.3040 0.0173 -0.9525
vn 0.0032 0.9781 0.2079
vn 0.9999 0.0031 -0.0145
vn -0.0370 -0.9993 0.0000
vn 0.9993 -0.0370 0.0000
vn 0.0083 -0.0003 -1.0000
vn -0.0148 0.2080 -0.9780
vn -0.0167 0.0000 -0.9999
vn 1.0000 0.0000 0.0000
vn 0.3178 0.1738 0.9321
vn 0.1754 0.0179 -0.9843
vn 1.0000 -0.0049 0.0000
vn -0.9993 0.0370 0.0000
vn 0.5706 0.0149 -0.8211
vn 0.5993 0.1467 0.7869
vn -0.6494 0.7605 0.0000
vn 0.6045 -0.7966 0.0000
vn -0.9998 -0.0222 0.0000
vn -0.0041 -0.0001 1.0000
vn 0.9999 0.0031 0.0156
vn -0.9999 -0.0031 -0.0156
vn 0.9998 0.0222 0.0000
vn -0.0042 -0.0001 -1.0000
vn -0.0042 0.0000 -1.0000
vn -0.0041 0.0000 1.0000
vn -0.0165 0.8012 0.5982
vn -0.0166 0.8012 -0.5982
vn 0.5963 0.1272 0.7926
vn 0.5974 0.1584 -0.7862
vn 0.1329 0.9911 0.0000
vn 0.2866 0.1893 -0.9392
vn 0.3038 0.1509 0.9407
vn 0.3878 0.1821 -0.9036
vn 0.3985 0.1453 0.9056
vn 0.5035 0.1707 -0.8470
vn 0.5073 0.1365 0.8509
vn 0.1949 0.9441 0.2659
vn 0.3592 0.9200 -0.1565
vn 0.2350 0.1540 0.9597
vn 0.2131 0.1930 -0.9578
vn 0.1353 0.0167 0.9907
vn 0.3153 0.9435 -0.1015
vn 0.0808 0.9967 0.0000
vn 0.2231 0.9662 0.1290
vn 0.4666 0.0149 0.8843
vn 0.3336 0.0159 0.9426
vn 0.2181 0.0164 0.9758
vn 0.5742 0.0138 0.8186
vn 0.5775 0.0466 -0.8150
vn 0.2007 0.0559 -0.9781
vn 0.3235 0.0540 -0.9447
vn 0.4646 0.0505 -0.8841
vn 0.1127 0.0567 -0.9920
vn 0.1697 0.1337 -0.9764
vn 0.4876 0.1185 -0.8650
vn 0.3607 0.1266 -0.9240
vn 0.2499 0.1314 -0.9593
vn 0.5897 0.1096 -0.8002
vn 0.1879 0.0885 0.9782
vn 0.3629 0.9233 -0.1260
vn 0.1459 0.9893 0.0000
vn 0.2542 0.9502 0.1804
vn 0.4890 0.0786 0.8688
vn 0.3685 0.0837 0.9258
vn 0.2637 0.0869 0.9607
vn 0.5868 0.0729 0.8065
vn 0.5807 0.0430 0.8130
vn 0.9987 0.0515 0.0000
vn 0.2408 0.0512 0.9692
vn 0.3511 0.0494 0.9350
vn 0.4779 0.0464 0.8772
vn 0.8943 0.3898 0.2199
vn 0.8284 0.5398 -0.1496
vn 0.1614 0.0521 0.9855
vn 0.1421 0.0963 -0.9852
vn 0.4768 0.0855 -0.8749
vn 0.3430 0.0914 -0.9349
vn 0.2262 0.0948 -0.9695
vn 0.5841 0.0790 -0.8078
vn 0.5942 0.1374 -0.7925
vn 0.2710 0.1645 -0.9484
vn 0.3764 0.1583 -0.9129
vn 0.4969 0.1483 -0.8551
vn 0.1945 0.1676 -0.9665
vn 0.2127 0.1228 0.9694
vn 0.8039 0.5665 -0.1811
vn 0.9968 0.0805 0.0000
vn 0.8731 0.3734 0.3136
vn 0.4988 0.1090 0.8598
vn 0.3845 0.1161 0.9158
vn 0.2849 0.1205 0.9510
vn 0.5920 0.1013 0.7995
vn -0.3216 -0.9469 0.0000
vn 0.0084 -0.0003 1.0000
vn 0.9999 0.0000 0.0159
vn 0.0130 0.9954 -0.0949
vn -0.0014 -0.9955 0.0951
vn -0.9999 0.0000 -0.0159
vn -0.9999 -0.0031 0.0145
vn -0.0032 -0.9781 -0.2079
vn -0.0120 0.9780 0.2081
vn 0.0120 -0.9780 -0.2081
vn -0.9648 -0.2629 0.0102
vn 0.9793 0.2023 -0.0108
vn 0.0017 0.9999 0.0100
vn -0.0152 -0.0036 -0.9999
vn 0.9788 0.2045 -0.0108
vn 0.0152 0.0036 0.9999
vn -0.9643 -0.2648 0.0101
vn -0.1733 -0.9849 -0.0017
vn 0.0008 0.0053 1.0000
vn 0.1129 0.9936 0.0020
vn -0.0009 -0.0053 -1.0000
vn 0.1120 0.9937 0.0020
vn -0.1726 -0.9850 -0.0017
vn -0.2830 -0.3689 0.8853
vn -0.2591 0.9658 0.0000
vn -0.2845 0.9587 0.0000
vn 0.5750 -0.8182 0.0000
vn 0.2830 0.3689 -0.8853
vn 0.2404 -0.9707 0.0000
vn -0.0195 0.0000 0.9998
vn -0.2309 -0.9730 0.0000
vn -0.0195 0.0000 -0.9998
vn -0.0818 0.9966 0.0000
vn 0.0785 0.0000 -0.9969
vn 0.1335 0.9911 0.0000
vn -0.4855 -0.8743 0.0000
vn 0.0785 0.0000 0.9969
vn 0.0123 0.0000 0.9999
vn 0.1679 -0.9858 0.0000
vn 0.0123 0.0000 -0.9999
vn 0.2554 0.9668 0.0000
vn 0.9954 -0.0954 0.0000
vn -0.4005 0.9163 0.0000
vn 0.1364 0.4017 0.9055
vn -0.9963 0.0865 0.0000
vn 0.9743 -0.2252 0.0000
vn 0.1363 0.4012 -0.9058
usemtl metal
s off
f 212/1/1 75/2/1 4/3/1 196/4/1
f 663/5/2 654/6/2 8/7/2 197/8/2
f 523/9/3 505/10/3 2/11/3 193/12/3
f 675/13/4 70/14/4 5/15/4 655/16/4
f 516/17/5 69/18/5 2/19/5 505/20/5
f 521/21/6 506/22/6 9/23/6 172/24/6
f 662/25/7 656/26/7 11/27/7 170/28/7
f 188/29/1 77/30/1 10/31/1 169/32/1
f 1021/33/8 1006/34/8 18/35/8 173/36/8
f 190/37/9 93/38/9 17/39/9 174/40/9
f 100/41/10 61/42/10 16/43/10 92/44/10
f 1016/45/11 62/46/11 15/47/11 1005/48/11
f 214/49/12 92/50/12 16/51/12 199/52/12
f 1023/53/13 1004/54/13 14/55/13 200/56/13
f 638/57/14 624/58/14 23/59/14 201/60/14
f 628/61/15 63/62/15 23/63/15 624/64/15
f 636/65/16 625/66/16 24/67/16 175/68/16
f 189/69/8 96/70/8 21/71/8 176/72/8
f 99/73/11 64/74/11 20/75/11 95/76/11
f 213/77/13 94/78/13 19/79/13 202/80/13
f 340/81/11 329/82/11 51/83/11 97/84/11
f 645/85/17 328/86/17 50/87/17 626/88/17
f 1029/89/11 327/90/11 49/91/11 1015/92/11
f 339/93/10 326/94/10 48/95/10 98/96/10
f 185/97/1 71/98/1 47/99/1 184/100/1
f 529/101/5 334/102/5 44/103/5 515/104/5
f 683/105/4 335/106/4 45/107/4 674/108/4
f 313/109/1 288/110/1 44/111/1 208/112/1
f 193/113/1 2/114/1 69/115/1 209/116/1
f 172/117/1 9/118/1 71/98/1 185/97/1
f 304/119/11 298/120/11 64/74/11 99/73/11
f 643/121/17 297/122/17 63/62/17 628/61/17
f 1027/123/11 296/124/11 62/46/11 1016/45/11
f 303/125/10 295/126/10 61/42/10 100/41/10
f 527/127/5 288/128/5 69/18/5 516/17/5
f 682/129/4 289/130/4 70/14/4 675/13/4
f 671/131/4 7/132/4 76/133/4 676/134/4
f 512/135/5 4/136/5 75/137/5 517/138/5
f 94/139/10 14/140/10 83/141/10 101/142/10
f 1012/143/11 13/144/11 84/145/11 1017/146/11
f 620/147/18 19/148/18 85/149/18 631/150/18
f 91/151/11 22/152/11 86/153/11 102/154/11
f 184/100/1 47/99/1 77/30/1 188/29/1
f 348/155/1 334/156/1 75/2/1 212/1/1
f 13/144/11 91/151/11 102/154/11 84/145/11
f 19/148/10 94/139/10 101/142/10 85/149/10
f 297/122/10 303/125/10 100/41/10 63/62/10
f 328/86/10 339/93/10 98/96/10 50/87/10
f 200/56/13 14/55/13 94/78/13 213/77/13
f 62/46/11 99/73/11 95/76/11 15/47/11
f 173/36/8 18/35/8 96/70/8 189/69/8
f 201/157/12 23/158/12 92/50/12 214/49/12
f 63/62/10 100/41/10 92/44/10 23/63/10
f 175/159/9 24/160/9 93/38/9 190/37/9
f 365/161/12 115/162/12 130/163/12 375/164/12
f 364/165/13 114/166/13 129/167/13 374/168/13
f 323/169/10 287/170/10 256/171/10 320/172/10
f 283/173/13 276/174/13 250/175/13 255/176/13
f 374/168/13 129/167/13 116/177/13 366/178/13
f 647/179/19 632/180/19 115/181/19 365/182/19
f 1031/183/13 1010/184/13 114/166/13 364/165/13
f 375/164/12 130/163/12 113/185/12 363/186/12
f 531/187/3 510/188/3 109/189/3 376/190/3
f 667/191/20 660/192/20 111/193/20 361/194/20
f 274/195/10 275/196/10 257/197/10 265/198/10
f 115/162/12 139/199/12 152/200/12 130/163/12
f 114/166/13 138/201/13 151/202/13 129/167/13
f 486/203/8 150/204/8 266/205/8 473/206/8
f 125/207/11 147/208/11 259/209/11 268/210/11
f 129/167/13 151/202/13 140/211/13 116/177/13
f 632/180/21 634/212/21 139/213/21 115/181/21
f 1010/184/13 1011/214/13 138/201/13 114/166/13
f 130/163/12 152/200/12 137/215/12 113/185/12
f 510/188/3 511/216/3 131/217/3 109/189/3
f 660/192/22 661/218/22 135/219/22 111/193/22
f 276/174/13 278/220/13 241/221/13 250/175/13
f 1044/222/12 1045/223/12 168/224/12 166/225/12
f 380/226/23 935/227/23 971/228/23 970/229/23
f 1051/230/12 1044/222/12 166/225/12 379/231/12
f 928/232/24 929/233/24 968/234/24 966/235/24
f 939/236/25 153/237/25 164/238/25 942/239/25
f 1055/240/10 156/241/10 163/242/10 1060/243/10
f 1066/244/10 309/245/10 162/246/10 1059/247/10
f 567/248/26 560/249/26 807/250/26 809/251/26
f 1067/252/10 345/253/10 160/254/10 1058/255/10
f 941/256/27 559/257/27 806/258/27 953/259/27
f 931/260/28 922/261/28 156/262/28 215/263/28
f 941/256/25 161/264/25 157/265/25 923/266/25
f 930/267/29 924/268/29 158/269/29 191/270/29
f 1046/271/9 1040/272/9 155/273/9 192/274/9
f 1059/247/10 162/246/10 154/275/10 1039/276/10
f 1047/277/12 1039/278/12 154/279/12 216/280/12
f 1053/281/9 1046/271/9 192/274/9 445/282/9
f 937/283/29 930/267/29 191/270/29 444/284/29
f 433/285/9 175/159/9 190/37/9 443/286/9
f 431/287/8 173/36/8 189/69/8 442/288/8
f 387/289/13 279/290/13 242/291/13 381/292/13
f 442/288/8 189/69/8 176/72/8 434/293/8
f 651/294/16 636/65/16 175/68/16 433/295/16
f 174/40/30 432/296/30 1092/297/30 1091/298/30
f 1034/299/8 1021/33/8 173/36/8 431/287/8
f 282/300/10 283/173/10 255/176/10 258/301/10
f 669/302/7 662/25/7 170/28/7 429/303/7
f 534/304/6 521/21/6 172/24/6 423/305/6
f 1045/223/12 1047/277/12 216/280/12 168/224/12
f 929/233/28 931/260/28 215/263/28 167/306/28
f 139/199/12 201/157/12 214/49/12 152/200/12
f 138/201/13 200/56/13 213/77/13 151/202/13
f 322/307/11 125/207/11 268/210/11 321/308/11
f 316/309/1 319/310/1 263/311/1 260/312/1 246/313/1 244/314/1
f 386/315/12 285/316/12 249/317/12 385/318/12
f 151/202/13 213/77/13 202/80/13 140/211/13
f 634/212/31 638/57/31 201/60/31 139/213/31
f 1011/214/13 1023/53/13 200/56/13 138/201/13
f 152/200/12 214/49/12 199/52/12 137/215/12
f 511/216/3 523/9/3 193/12/3 131/217/3
f 661/218/32 663/5/32 197/8/32 135/219/32
f 285/316/12 286/319/12 254/320/12 249/317/12
f 513/321/6 524/322/6 238/323/6 1/324/6
f 671/325/7 664/326/7 218/327/7 7/132/7
f 81/328/1 233/329/1 217/330/1 3/331/1
f 1012/332/8 1024/333/8 220/334/8 13/335/8
f 95/336/9 235/337/9 221/338/9 15/339/9
f 621/340/16 641/341/16 222/342/16 20/343/16
f 91/344/8 234/345/8 223/346/8 22/347/8
f 293/348/1 314/349/1 229/350/1 43/351/1
f 1/352/1 238/353/1 230/354/1 59/355/1
f 324/356/1 351/357/1 233/329/1 81/328/1
f 13/335/8 220/334/8 234/345/8 91/344/8
f 20/358/9 222/359/9 235/337/9 95/336/9
f 939/360/29 932/361/29 236/362/29 153/363/29
f 1056/364/9 1048/365/9 237/366/9 157/367/9
f 390/368/1 353/369/1 248/370/1 384/371/1
f 385/372/1 249/373/1 247/374/1 383/375/1
f 353/369/8 390/368/8 494/376/8 490/377/8
f 384/371/1 248/370/1 241/221/1 381/292/1
f 353/369/1 354/378/1 253/379/1 248/370/1
f 249/373/1 254/380/1 252/381/1 247/374/1
f 829/382/9 830/383/9 498/384/9 502/385/9
f 248/370/1 253/379/1 250/175/1 241/221/1
f 453/386/1 355/387/1 262/388/1 449/389/1
f 426/390/1 260/312/1 263/311/1 448/391/1
f 885/392/1 884/393/1 261/394/1 447/395/1
f 449/389/1 262/388/1 264/396/1 446/397/1
f 354/378/1 356/398/1 258/301/1 253/379/1
f 254/380/1 265/198/1 257/197/1 252/381/1
f 318/399/1 320/172/1 256/171/1 251/400/1
f 253/379/1 258/301/1 255/176/1 250/175/1
f 264/396/8 242/291/8 279/290/8 146/401/8
f 358/402/11 128/403/11 267/404/11 357/405/11
f 450/406/9 272/407/9 260/408/9 426/409/9
f 150/204/11 273/410/11 269/411/11 266/205/11
f 286/319/12 274/412/12 265/413/12 254/320/12
f 246/313/9 260/408/9 272/414/9 284/415/9
f 359/416/10 282/300/10 258/301/10 356/398/10
f 124/417/33 270/418/33 146/401/33 279/290/33 280/419/33 281/420/33 277/421/33 284/422/33 272/414/33 271/423/33
f 252/381/1 257/197/1 320/172/1 318/399/1
f 448/391/1 263/311/1 319/310/1 451/424/1
f 247/374/1 252/381/1 318/399/1 317/425/1
f 383/375/1 247/374/1 317/425/1 388/426/1
f 59/355/1 230/354/1 314/349/1 293/348/1
f 352/427/1 355/387/1 854/428/1 879/429/1 261/394/1 884/393/1 864/430/1 319/310/1 316/309/1 245/431/1
f 128/403/11 322/307/11 321/308/11 267/404/11
f 559/257/26 566/432/26 808/433/26 806/258/26
f 1058/255/10 160/254/10 309/245/10 1066/244/10
f 275/196/10 323/169/10 320/172/10 257/197/10
f 50/87/10 98/96/10 303/125/10 297/122/10
f 674/108/4 45/107/4 289/130/4 682/129/4
f 515/104/5 44/103/5 288/128/5 527/127/5
f 98/96/10 48/95/10 295/126/10 303/125/10
f 1015/92/11 49/91/11 296/124/11 1027/123/11
f 626/88/17 50/87/17 297/122/17 643/121/17
f 97/84/11 51/83/11 298/120/11 304/119/11
f 209/116/1 69/115/1 288/110/1 313/109/1
f 242/291/1 264/396/1 262/388/1 355/387/1 352/427/1 243/434/1
f 287/170/10 359/416/10 356/398/10 256/171/10
f 273/410/11 358/402/11 357/405/11 269/411/11
f 251/400/1 256/171/1 356/398/1 354/378/1
f 855/435/1 854/428/1 355/387/1 453/386/1
f 317/425/9 318/399/9 489/436/9 488/437/9
f 828/438/11 829/382/11 502/385/11 501/439/11
f 43/351/1 229/350/1 351/357/1 324/356/1
f 310/440/34 161/264/34 801/441/34 800/442/34
f 1060/243/10 163/242/10 345/253/10 1067/252/10
f 85/149/10 101/142/10 339/93/10 328/86/10
f 208/112/1 44/111/1 334/156/1 348/155/1
f 676/134/4 76/133/4 335/106/4 683/105/4
f 517/138/5 75/137/5 334/102/5 529/101/5
f 101/142/10 83/141/10 326/94/10 339/93/10
f 1017/146/11 84/145/11 327/90/11 1029/89/11
f 631/150/17 85/149/17 328/86/17 645/85/17
f 102/154/11 86/153/11 329/82/11 340/81/11
f 245/431/1 382/443/1 390/368/1 352/427/1
f 244/314/1 383/375/1 388/426/1 316/309/1
f 243/434/1 384/371/1 381/292/1 242/291/1
f 316/309/1 388/426/1 382/443/1 245/431/1
f 246/444/1 385/372/1 383/375/1 244/314/1
f 352/427/1 390/368/1 384/371/1 243/434/1
f 284/415/12 386/315/12 385/318/12 246/313/12
f 278/220/13 387/289/13 381/292/13 241/221/13
f 924/268/28 935/227/28 380/226/28 158/269/28
f 1040/272/12 1051/230/12 379/231/12 155/273/12
f 656/26/35 667/191/35 361/194/35 11/27/35
f 506/22/3 531/187/3 376/190/3 9/23/3
f 93/38/12 375/164/12 363/186/12 17/39/12
f 1006/34/13 1031/183/13 364/165/13 18/35/13
f 625/66/36 647/179/36 365/182/36 24/67/36
f 96/70/13 374/168/13 366/178/13 21/71/13
f 18/35/13 364/165/13 374/168/13 96/70/13
f 24/160/12 365/161/12 375/164/12 93/38/12
f 318/399/10 251/400/10 487/445/10 489/436/10
f 475/446/1 415/447/1 419/448/1 478/449/1
f 477/450/9 417/451/9 413/452/9 485/453/9
f 476/454/1 416/455/1 414/456/1 473/206/1
f 388/426/9 317/425/9 488/437/9 493/457/9
f 485/458/1 413/459/1 415/447/1 475/446/1
f 480/460/1 421/461/1 416/455/1 476/454/1
f 537/462/6 532/463/6 392/464/6 482/465/6
f 670/466/7 668/467/7 396/468/7 456/469/7
f 1037/470/8 1032/471/8 398/472/8 458/473/8
f 470/474/9 410/475/9 399/476/9 459/477/9
f 652/478/16 649/479/16 400/480/16 460/481/16
f 469/482/8 409/483/8 401/484/8 461/485/8
f 458/473/8 398/472/8 409/483/8 469/482/8
f 460/486/9 400/487/9 410/475/9 470/474/9
f 938/488/29 936/489/29 411/490/29 471/491/29
f 1054/492/9 1052/493/9 412/494/9 472/495/9
f 427/496/8 418/497/8 414/456/8 446/397/8
f 146/401/8 427/496/8 446/397/8 264/396/8
f 832/498/8 827/499/8 500/500/8 499/501/8
f 415/447/1 448/391/1 451/424/1 419/448/1
f 417/451/9 450/406/9 426/409/9 413/452/9
f 416/455/1 449/389/1 446/397/1 414/456/1
f 833/502/11 828/438/11 501/439/11 503/503/11
f 413/459/1 426/390/1 448/391/1 415/447/1
f 421/461/1 453/386/1 449/389/1 416/455/1
f 532/463/6 534/304/6 423/305/6 392/464/6
f 668/467/7 669/302/7 429/303/7 396/468/7
f 1032/471/8 1034/299/8 431/287/8 398/472/8
f 443/286/1 190/37/1 1090/504/1 1094/505/1
f 649/479/16 651/294/16 433/295/16 400/480/16
f 409/483/8 442/288/8 434/293/8 401/484/8
f 398/472/8 431/287/8 442/288/8 409/483/8
f 400/487/9 433/285/9 443/286/9 410/475/9
f 936/489/29 937/283/29 444/284/29 411/490/29
f 1052/493/9 1053/281/9 445/282/9 412/494/9
f 1048/365/9 1054/492/9 472/495/9 237/366/9
f 932/361/29 938/488/29 471/491/29 236/362/29
f 222/359/9 460/486/9 470/474/9 235/337/9
f 220/334/8 458/473/8 469/482/8 234/345/8
f 234/345/8 469/482/8 461/485/8 223/346/8
f 641/341/16 652/478/16 460/481/16 222/342/16
f 235/337/9 470/474/9 459/477/9 221/338/9
f 1024/333/8 1037/470/8 458/473/8 220/334/8
f 664/326/7 670/466/7 456/469/7 218/327/7
f 524/322/6 537/462/6 482/465/6 238/323/6
f 357/405/1 480/460/1 476/454/1 269/411/1
f 259/209/1 485/458/1 475/446/1 268/210/1
f 321/308/1 478/449/1 474/506/1 267/404/1
f 269/411/1 476/454/1 473/206/1 266/205/1
f 147/507/9 477/450/9 485/453/9 259/508/9
f 268/210/1 475/446/1 478/449/1 321/308/1
f 267/404/1 474/506/1 480/460/1 357/405/1
f 418/497/8 486/203/8 473/206/8 414/456/8
f 487/445/37 491/509/37 815/510/37 810/511/37
f 490/377/8 494/376/8 818/512/8 814/513/8
f 492/514/38 493/457/38 817/515/38 816/516/38
f 489/436/37 487/445/37 810/511/37 813/517/37
f 498/384/9 497/518/9 836/519/9 837/520/9
f 856/521/10 499/501/10 838/522/10 859/523/10
f 500/500/8 503/503/8 842/524/8 839/525/8
f 503/503/11 501/439/11 840/526/11 842/524/11
f 354/378/8 353/369/8 490/377/8 491/509/8
f 890/527/10 831/528/10 495/529/10 886/530/10
f 382/443/11 388/426/11 493/457/11 492/514/11
f 827/499/8 833/502/8 503/503/8 500/500/8
f 251/400/10 354/378/10 491/509/10 487/445/10
f 830/383/9 834/531/9 497/518/9 498/384/9
f 858/532/10 832/498/10 499/501/10 856/521/10
f 390/368/11 382/443/11 492/514/11 494/376/11
f 588/533/6 594/534/6 537/462/6 524/322/6
f 217/330/29 455/535/29 536/536/29 525/537/29
f 395/538/29 428/539/29 535/540/29 533/541/29
f 592/542/6 593/543/6 534/304/6 532/463/6
f 455/535/29 395/538/29 533/541/29 536/536/29
f 594/534/6 592/542/6 532/463/6 537/462/6
f 580/544/3 591/545/3 531/187/3 506/22/3
f 10/31/28 360/546/28 530/547/28 514/548/28
f 599/549/5 517/138/5 529/101/5 606/550/5
f 81/551/25 509/552/25 528/553/25 324/554/25
f 515/555/39 527/556/39 573/557/39 572/558/39
f 43/559/25 507/560/25 526/561/25 293/562/25
f 3/331/29 217/330/29 525/537/29 504/563/29
f 596/564/6 588/533/6 524/322/6 513/321/6
f 585/565/3 587/566/3 523/9/3 511/216/3
f 134/567/28 196/4/28 522/568/28 519/569/28
f 593/543/6 586/570/6 521/21/6 534/304/6
f 428/539/29 169/32/29 520/571/29 535/540/29
f 169/32/29 10/31/29 514/548/29 520/571/29
f 59/572/25 508/573/25 513/574/25 1/575/25
f 196/4/28 4/3/28 512/576/28 522/568/28
f 324/554/25 528/553/25 507/560/25 43/559/25
f 293/562/25 526/561/25 508/573/25 59/572/25
f 3/577/25 504/578/25 509/552/25 81/551/25
f 360/546/28 110/579/28 518/580/28 530/547/28
f 110/579/28 134/567/28 519/569/28 518/580/28
f 584/581/3 585/565/3 511/216/3 510/188/3
f 591/545/3 584/581/3 510/188/3 531/187/3
f 595/582/5 512/135/5 517/138/5 599/549/5
f 605/583/5 527/127/5 516/17/5 598/584/5
f 605/585/40 549/586/40 576/587/40 612/588/40
f 586/570/6 580/544/6 506/22/6 521/21/6
f 598/589/5 516/590/5 505/591/5 579/592/5
f 587/566/3 579/593/3 505/10/3 523/9/3
f 946/594/3 940/595/3 556/596/3 564/597/3
f 926/598/5 542/599/5 556/600/5 940/601/5
f 568/602/41 557/603/41 919/604/41 921/605/41
f 934/606/5 550/607/5 541/608/5 925/609/5
f 933/610/5 549/611/5 542/599/5 926/598/5
f 922/612/5 538/613/5 543/614/5 927/615/5
f 948/616/3 943/617/3 561/618/3 568/602/3
f 943/617/3 944/619/3 562/620/3 561/618/3
f 950/621/6 945/622/6 563/623/6 570/624/6
f 944/619/3 946/594/3 564/597/3 562/620/3
f 923/625/6 947/626/6 565/627/6 539/628/6
f 925/609/5 541/608/5 549/611/5 933/610/5
f 927/615/5 543/614/5 550/607/5 934/606/5
f 155/273/42 379/231/42 916/629/42 917/630/42
f 951/631/6 949/632/6 569/633/6 571/634/6
f 949/632/6 950/621/6 570/624/6 569/633/6
f 947/626/6 951/631/6 571/634/6 565/627/6
f 604/635/29 610/636/29 554/637/29 548/638/29
f 608/639/29 609/640/29 553/641/29 552/642/29
f 610/636/29 608/639/29 552/642/29 554/637/29
f 597/643/28 607/644/28 551/645/28 540/646/28
f 583/647/25 560/249/25 567/248/25 590/648/25
f 581/649/25 558/650/25 566/432/25 589/651/25
f 578/652/29 604/635/29 548/638/29 555/653/29
f 601/654/28 603/655/28 547/656/28 545/657/28
f 609/640/29 602/658/29 546/659/29 553/641/29
f 602/658/29 597/643/29 540/646/29 546/659/29
f 582/660/25 559/257/25 539/661/25 596/662/25
f 603/655/28 595/663/28 538/664/28 547/656/28
f 590/648/25 567/248/25 558/650/25 581/649/25
f 589/651/25 566/432/25 559/257/25 582/660/25
f 578/665/25 555/666/25 560/249/25 583/647/25
f 607/644/28 600/667/28 544/668/28 551/645/28
f 600/667/28 601/654/28 545/657/28 544/668/28
f 529/101/39 515/104/39 572/669/39 574/670/39
f 549/611/43 541/608/43 575/671/43 576/672/43
f 606/550/44 529/101/44 574/670/44 613/673/44
f 541/608/43 550/607/43 577/674/43 575/671/43
f 550/607/44 606/550/44 613/673/44 577/674/44
f 577/674/5 613/673/5 611/675/5 575/671/5
f 575/671/5 611/675/5 612/676/5 576/672/5
f 518/580/28 519/569/28 601/654/28 600/667/28
f 530/547/28 518/580/28 600/667/28 607/644/28
f 504/578/25 578/665/25 583/647/25 509/552/25
f 526/561/25 589/651/25 582/660/25 508/573/25
f 528/553/25 590/648/25 581/649/25 507/560/25
f 522/568/28 512/576/28 595/663/28 603/655/28
f 508/573/25 582/660/25 596/662/25 513/574/25
f 520/571/29 514/548/29 597/643/29 602/658/29
f 535/540/29 520/571/29 602/658/29 609/640/29
f 519/569/28 522/568/28 603/655/28 601/654/28
f 504/563/29 525/537/29 604/635/29 578/652/29
f 507/560/25 581/649/25 589/651/25 526/561/25
f 509/552/25 583/647/25 590/648/25 528/553/25
f 514/548/28 530/547/28 607/644/28 597/643/28
f 536/536/29 533/541/29 608/639/29 610/636/29
f 533/541/29 535/540/29 609/640/29 608/639/29
f 525/537/29 536/536/29 610/636/29 604/635/29
f 564/597/3 556/596/3 579/593/3 587/566/3
f 542/599/5 598/584/5 579/677/5 556/600/5
f 563/623/6 557/603/6 580/544/6 586/570/6
f 527/556/40 605/585/40 612/588/40 573/557/40
f 549/611/5 605/583/5 598/584/5 542/599/5
f 538/613/5 595/582/5 599/549/5 543/614/5
f 568/602/3 561/618/3 584/581/3 591/545/3
f 561/618/3 562/620/3 585/565/3 584/581/3
f 570/624/6 563/623/6 586/570/6 593/543/6
f 562/620/3 564/597/3 587/566/3 585/565/3
f 539/628/6 565/627/6 588/533/6 596/564/6
f 543/614/5 599/549/5 606/550/5 550/607/5
f 557/603/3 568/602/3 591/545/3 580/544/3
f 571/634/6 569/633/6 592/542/6 594/534/6
f 569/633/6 570/624/6 593/543/6 592/542/6
f 565/627/6 571/634/6 594/534/6 588/533/6
f 613/673/45 574/670/45 615/678/45 617/679/45
f 573/680/46 612/676/46 616/681/46 614/682/46
f 619/683/47 617/679/47 615/678/47 618/684/47
f 616/681/48 619/683/48 618/684/48 614/682/48
f 613/673/30 617/679/30 619/683/30 611/675/30
f 611/675/30 619/683/30 616/681/30 612/676/30
f 574/670/1 572/669/1 618/684/1 615/678/1
f 572/669/1 573/680/1 614/682/1 618/684/1
f 223/346/7 461/485/7 653/685/7 640/686/7
f 766/687/16 772/688/16 652/478/16 641/341/16
f 770/689/16 771/690/16 651/294/16 649/479/16
f 401/484/7 434/293/7 650/691/7 648/692/7
f 772/688/16 770/689/16 649/479/16 652/478/16
f 461/485/7 401/484/7 648/692/7 653/685/7
f 758/693/49 769/694/49 647/179/49 625/66/49
f 21/71/50 366/178/50 646/695/50 622/696/50
f 778/697/51 631/150/51 645/85/51 785/698/51
f 86/153/4 630/699/4 644/700/4 329/82/4
f 776/701/51 626/88/51 643/121/51 784/702/51
f 51/83/4 627/703/4 642/704/4 298/120/4
f 774/705/16 766/687/16 641/341/16 621/340/16
f 22/347/7 223/346/7 640/686/7 623/706/7
f 140/211/52 202/80/52 639/707/52 635/708/52
f 763/709/53 765/710/53 638/57/53 634/212/53
f 434/293/7 176/72/7 637/711/7 650/691/7
f 771/690/16 764/712/16 636/65/16 651/294/16
f 116/177/54 140/211/54 635/708/54 633/713/54
f 762/714/55 763/709/55 634/212/55 632/180/55
f 366/178/56 116/177/56 633/713/56 646/695/56
f 769/694/57 762/714/57 632/180/57 647/179/57
f 773/715/58 620/147/58 631/150/58 778/697/58
f 22/152/4 623/716/4 630/699/4 86/153/4
f 298/120/4 642/704/4 629/717/4 64/74/4
f 784/702/51 643/121/51 628/61/51 777/718/51
f 329/82/4 644/700/4 627/703/4 51/83/4
f 785/698/51 645/85/51 626/88/51 776/701/51
f 764/712/16 758/693/16 625/66/16 636/65/16
f 777/718/59 628/61/59 624/64/59 757/719/59
f 765/710/60 757/720/60 624/58/60 638/57/60
f 176/72/7 21/71/7 622/696/7 637/711/7
f 64/74/4 629/717/4 621/721/4 20/75/4
f 202/80/61 19/79/61 620/722/61 639/707/61
f 198/723/62 6/724/62 672/725/62 680/726/62
f 60/727/63 658/728/63 672/729/63 6/730/63
f 171/731/16 12/732/16 673/733/16 679/734/16
f 325/735/64 666/736/64 657/737/64 46/738/64
f 294/739/64 665/740/64 658/728/64 60/727/64
f 8/7/65 654/741/65 659/742/65 82/743/65
f 362/744/66 112/745/66 677/746/66 684/747/66
f 112/745/67 136/748/67 678/749/67 677/746/67
f 430/750/16 171/731/16 679/734/16 686/751/16
f 136/748/68 198/723/68 680/726/68 678/749/68
f 5/752/16 219/753/16 681/754/16 655/755/16
f 46/738/64 657/737/64 665/740/64 294/739/64
f 82/743/64 659/742/64 666/736/64 325/735/64
f 12/732/69 362/744/69 684/747/69 673/733/69
f 457/756/16 397/757/16 685/758/16 687/759/16
f 397/757/16 430/750/16 686/751/16 685/758/16
f 219/753/16 457/756/16 687/759/16 681/754/16
f 732/760/7 738/761/7 670/466/7 664/326/7
f 736/762/7 737/763/7 669/302/7 668/467/7
f 738/761/7 736/762/7 668/467/7 670/466/7
f 724/764/70 735/765/70 667/191/70 656/26/70
f 744/766/4 676/134/4 683/105/4 751/767/4
f 742/768/4 674/108/4 682/129/4 750/769/4
f 739/770/7 732/760/7 664/326/7 671/325/7
f 729/771/71 731/772/71 663/5/71 661/218/71
f 737/763/7 730/773/7 662/25/7 669/302/7
f 728/774/72 729/771/72 661/218/72 660/192/72
f 735/765/73 728/774/73 660/192/73 667/191/73
f 739/775/4 671/131/4 676/134/4 744/766/4
f 750/769/4 682/129/4 675/13/4 743/776/4
f 751/767/4 683/105/4 674/108/4 742/768/4
f 730/773/7 724/764/7 656/26/7 662/25/7
f 743/776/4 675/13/4 655/16/4 723/777/4
f 731/772/74 722/778/74 654/6/74 663/5/74
f 782/779/75 773/780/75 705/781/75 714/782/75
f 760/783/4 692/784/4 706/785/4 774/786/4
f 781/787/7 775/788/7 707/789/7 713/790/7
f 768/791/4 700/792/4 691/793/4 759/794/4
f 767/795/4 699/796/4 692/784/4 760/783/4
f 756/797/4 688/798/4 693/799/4 761/800/4
f 786/801/76 779/802/76 711/803/76 718/804/76
f 779/802/77 780/805/77 712/806/77 711/803/77
f 788/807/7 781/787/7 713/790/7 720/808/7
f 780/805/78 782/779/78 714/782/78 712/806/78
f 756/809/7 783/810/7 715/811/7 688/812/7
f 759/794/4 691/793/4 699/796/4 767/795/4
f 761/800/4 693/799/4 700/792/4 768/791/4
f 775/788/79 786/801/79 718/804/79 707/789/79
f 789/813/7 787/814/7 719/815/7 721/816/7
f 787/814/7 788/807/7 720/808/7 719/815/7
f 783/810/7 789/813/7 721/816/7 715/811/7
f 748/817/80 740/818/80 689/819/80 697/820/80
f 726/821/81 709/822/81 689/823/81 740/824/81
f 747/825/16 741/826/16 690/827/16 696/828/16
f 734/829/82 717/830/82 708/831/82 725/832/82
f 733/833/82 716/834/82 709/822/82 726/821/82
f 722/835/83 705/836/83 710/837/83 727/838/83
f 752/839/84 745/840/84 694/841/84 701/842/84
f 745/840/85 746/843/85 695/844/85 694/841/85
f 754/845/16 747/825/16 696/828/16 703/846/16
f 746/843/86 748/817/86 697/820/86 695/844/86
f 723/847/16 749/848/16 698/849/16 706/850/16
f 725/832/82 708/831/82 716/834/82 733/833/82
f 727/838/82 710/837/82 717/830/82 734/829/82
f 741/826/87 752/839/87 701/842/87 690/827/87
f 755/851/16 753/852/16 702/853/16 704/854/16
f 753/852/16 754/845/16 703/846/16 702/853/16
f 749/848/16 755/851/16 704/854/16 698/849/16
f 681/754/16 687/759/16 755/851/16 749/848/16
f 685/758/16 686/751/16 754/845/16 753/852/16
f 687/759/16 685/758/16 753/852/16 755/851/16
f 673/733/88 684/747/88 752/839/88 741/826/88
f 659/742/89 727/838/89 734/829/89 666/736/89
f 657/737/89 725/832/89 733/833/89 665/740/89
f 655/755/16 681/754/16 749/848/16 723/847/16
f 678/749/90 680/726/90 748/817/90 746/843/90
f 686/751/16 679/734/16 747/825/16 754/845/16
f 677/746/91 678/749/91 746/843/91 745/840/91
f 684/747/92 677/746/92 745/840/92 752/839/92
f 654/741/93 722/835/93 727/838/93 659/742/93
f 665/740/89 733/833/89 726/821/89 658/728/89
f 666/736/89 734/829/89 725/832/89 657/737/89
f 679/734/16 673/733/16 741/826/16 747/825/16
f 658/728/94 726/821/94 740/824/94 672/729/94
f 680/726/95 672/725/95 740/818/95 748/817/95
f 714/782/96 705/781/96 722/778/96 731/772/96
f 692/784/4 743/776/4 723/777/4 706/785/4
f 713/790/7 707/789/7 724/764/7 730/773/7
f 700/792/4 751/767/4 742/768/4 691/793/4
f 699/796/4 750/769/4 743/776/4 692/784/4
f 688/798/4 739/775/4 744/766/4 693/799/4
f 718/804/97 711/803/97 728/774/97 735/765/97
f 711/803/98 712/806/98 729/771/98 728/774/98
f 720/808/7 713/790/7 730/773/7 737/763/7
f 712/806/99 714/782/99 731/772/99 729/771/99
f 688/812/7 715/811/7 732/760/7 739/770/7
f 691/793/4 742/768/4 750/769/4 699/796/4
f 693/799/4 744/766/4 751/767/4 700/792/4
f 707/789/100 718/804/100 735/765/100 724/764/100
f 721/816/7 719/815/7 736/762/7 738/761/7
f 719/815/7 720/808/7 737/763/7 736/762/7
f 715/811/7 721/816/7 738/761/7 732/760/7
f 640/686/7 653/685/7 789/813/7 783/810/7
f 648/692/7 650/691/7 788/807/7 787/814/7
f 653/685/7 648/692/7 787/814/7 789/813/7
f 622/696/101 646/695/101 786/801/101 775/788/101
f 630/699/4 761/800/4 768/791/4 644/700/4
f 627/703/4 759/794/4 767/795/4 642/704/4
f 623/706/7 640/686/7 783/810/7 756/809/7
f 635/708/102 639/707/102 782/779/102 780/805/102
f 650/691/7 637/711/7 781/787/7 788/807/7
f 633/713/103 635/708/103 780/805/103 779/802/103
f 646/695/104 633/713/104 779/802/104 786/801/104
f 623/716/4 756/797/4 761/800/4 630/699/4
f 642/704/4 767/795/4 760/783/4 629/717/4
f 644/700/4 768/791/4 759/794/4 627/703/4
f 637/711/7 622/696/7 775/788/7 781/787/7
f 629/717/4 760/783/4 774/786/4 621/721/4
f 639/707/105 620/722/105 773/780/105 782/779/105
f 697/820/106 689/819/106 757/720/106 765/710/106
f 709/822/107 777/718/107 757/719/107 689/823/107
f 696/828/16 690/827/16 758/693/16 764/712/16
f 717/830/108 785/698/108 776/701/108 708/831/108
f 716/834/108 784/702/108 777/718/108 709/822/108
f 705/836/109 773/715/109 778/697/109 710/837/109
f 701/842/110 694/841/110 762/714/110 769/694/110
f 694/841/111 695/844/111 763/709/111 762/714/111
f 703/846/16 696/828/16 764/712/16 771/690/16
f 695/844/112 697/820/112 765/710/112 763/709/112
f 706/850/16 698/849/16 766/687/16 774/705/16
f 708/831/108 776/701/108 784/702/108 716/834/108
f 710/837/108 778/697/108 785/698/108 717/830/108
f 690/827/113 701/842/113 769/694/113 758/693/113
f 704/854/16 702/853/16 770/689/16 772/688/16
f 702/853/16 703/846/16 771/690/16 770/689/16
f 698/849/16 704/854/16 772/688/16 766/687/16
f 793/855/114 798/856/114 795/857/114 794/858/114
f 790/859/114 799/860/114 792/861/114 791/862/114
f 791/862/114 792/861/114 798/856/114 793/855/114
f 797/863/114 796/864/114 799/860/114 790/859/114
f 955/865/25 800/442/25 801/441/25 953/259/25
f 956/866/25 802/867/25 803/868/25 952/869/25
f 952/869/25 803/868/25 800/442/25 955/865/25
f 954/870/25 804/871/25 802/867/25 956/866/25
f 346/872/34 159/873/34 803/868/34 802/867/34
f 159/873/34 310/440/34 800/442/34 803/868/34
f 566/432/26 558/650/26 805/874/26 808/433/26
f 942/239/115 164/238/115 804/871/115 954/870/115
f 558/650/26 567/248/26 809/251/26 805/874/26
f 164/238/34 346/872/34 802/867/34 804/871/34
f 817/515/11 812/875/11 811/876/11 816/516/11
f 812/875/11 813/517/11 810/511/11 811/876/11
f 811/876/11 810/511/11 815/510/11 814/513/11
f 816/516/11 811/876/11 814/513/11 818/512/11
f 488/437/9 489/436/9 813/517/9 812/875/9
f 494/376/38 492/514/38 816/516/38 818/512/38
f 493/457/9 488/437/9 812/875/9 817/515/9
f 491/509/8 490/377/8 814/513/8 815/510/8
f 855/435/10 453/386/10 819/877/10 857/878/10
f 419/448/9 451/424/9 826/879/9 824/880/9
f 421/461/8 480/460/8 821/881/8 820/882/8
f 885/392/10 447/395/10 825/883/10 889/884/10
f 480/460/11 474/506/11 822/885/11 821/881/11
f 453/386/8 421/461/8 820/882/8 819/877/8
f 474/506/11 478/449/11 823/886/11 822/885/11
f 478/449/9 419/448/9 824/880/9 823/886/9
f 883/887/1 850/888/1 847/889/1 877/890/1
f 824/880/9 826/879/9 834/531/9 830/383/9
f 820/882/8 821/881/8 833/502/8 827/499/8
f 862/891/30 848/892/30 843/893/30 860/894/30
f 821/881/11 822/885/11 828/438/11 833/502/11
f 819/877/8 820/882/8 827/499/8 832/498/8
f 822/885/11 823/886/11 829/382/11 828/438/11
f 823/886/9 824/880/9 830/383/9 829/382/9
f 501/439/11 502/385/11 841/895/11 840/526/11
f 502/385/9 498/384/9 837/520/9 841/895/9
f 886/530/10 495/529/10 835/896/10 887/897/10
f 499/501/8 500/500/8 839/525/8 838/522/8
f 860/894/10 843/893/10 496/898/10 861/899/10
f 877/890/1 847/889/1 896/900/1 897/901/1
f 851/902/1 496/898/1 902/903/1 903/904/1
f 893/905/30 849/906/30 846/907/30 891/908/30
f 853/909/11 852/910/11 906/911/11 907/912/11
f 872/913/1 853/909/1 844/914/1 871/915/1
f 839/525/1 842/524/1 840/526/1 841/895/1 837/520/1 836/519/1 869/916/1 887/897/1 835/896/1 882/917/1 859/523/1 838/522/1
f 868/918/1 834/531/1 853/909/1 872/913/1
f 834/531/9 826/879/9 852/910/9 853/909/9
f 889/884/30 825/883/30 849/906/30 893/905/30
f 819/877/8 832/498/8 851/902/8 848/892/8
f 857/878/30 819/877/30 848/892/30 862/891/30
f 875/919/1 831/528/1 850/888/1 883/887/1
f 832/498/1 858/532/1 863/920/1 851/902/1
f 874/921/30 857/878/30 862/891/30 878/922/30
f 876/923/10 860/894/10 861/899/10 877/890/10
f 878/922/30 862/891/30 860/894/30 876/923/30
f 851/902/1 863/920/1 861/899/1 496/898/1
f 880/924/10 855/435/10 857/878/10 874/921/10
f 875/919/10 858/532/10 856/521/10 881/925/10
f 881/925/10 856/521/10 859/523/10 882/917/10
f 880/924/1 879/429/1 854/428/1 855/435/1
f 826/879/30 867/926/30 873/927/30 852/910/30
f 890/527/1 868/918/1 872/913/1 888/928/1
f 888/928/1 872/913/1 871/915/1 892/929/1
f 852/910/30 873/927/30 870/930/30 845/931/30
f 845/931/10 870/930/10 871/915/10 844/914/10
f 497/518/10 866/932/10 869/916/10 836/519/10
f 451/424/10 865/933/10 867/926/10 826/879/10
f 834/531/10 868/918/10 866/932/10 497/518/10
f 451/424/1 319/310/1 864/430/1 865/933/1
f 447/395/1 261/394/1 879/429/1 880/924/1
f 495/529/10 881/925/10 882/917/10 835/896/10
f 831/528/10 875/919/10 881/925/10 495/529/10
f 447/395/10 880/924/10 874/921/10 825/883/10
f 849/906/30 878/922/30 876/923/30 846/907/30
f 892/929/9 891/908/9 898/934/9 899/935/9
f 825/883/30 874/921/30 878/922/30 849/906/30
f 858/532/1 875/919/1 883/887/1 863/920/1
f 863/920/1 883/887/1 877/890/1 861/899/1
f 850/888/1 888/928/1 892/929/1 847/889/1
f 831/528/1 890/527/1 888/928/1 850/888/1
f 867/926/30 889/884/30 893/905/30 873/927/30
f 873/927/30 893/905/30 891/908/30 870/930/30
f 870/930/10 891/908/10 892/929/10 871/915/10
f 866/932/10 886/530/10 887/897/10 869/916/10
f 865/933/10 885/392/10 889/884/10 867/926/10
f 868/918/10 890/527/10 886/530/10 866/932/10
f 865/933/1 864/430/1 884/393/1 885/392/1
f 898/934/10 895/936/10 896/900/10 899/935/10
f 895/936/10 894/937/10 897/901/10 896/900/10
f 847/889/1 892/929/1 899/935/1 896/900/1
f 846/907/30 876/923/30 894/937/30 895/936/30
f 876/923/8 877/890/8 897/901/8 894/937/8
f 891/908/30 846/907/30 895/936/30 898/934/30
f 900/938/8 903/904/8 902/903/8 901/939/8
f 843/893/30 901/939/30 913/940/30 909/941/30
f 843/893/30 848/892/30 900/938/30 901/939/30
f 848/892/11 851/902/11 903/904/11 900/938/11
f 907/912/9 906/911/9 905/942/9 904/943/9
f 844/914/1 853/909/1 907/912/1 904/943/1
f 852/910/30 845/931/30 905/942/30 906/911/30
f 904/943/9 905/942/9 915/944/9 914/945/9
f 908/946/10 909/941/10 913/940/10 912/947/10
f 911/948/10 910/949/10 914/945/10 915/944/10
f 905/942/30 845/931/30 911/948/30 915/944/30
f 902/903/1 496/898/1 908/946/1 912/947/1
f 496/898/9 843/893/9 909/941/9 908/946/9
f 844/914/1 904/943/1 914/945/1 910/949/1
f 901/939/8 902/903/8 912/947/8 913/940/8
f 845/931/8 844/914/8 910/949/8 911/948/8
f 958/950/6 957/951/6 919/604/6 920/952/6
f 957/951/3 959/953/3 921/605/3 919/604/3
f 557/603/116 563/623/116 920/952/116 919/604/116
f 945/622/117 192/274/117 918/954/117 958/950/117
f 948/616/118 568/602/118 921/605/118 959/953/118
f 192/274/119 155/273/119 917/630/119 918/954/119
f 379/231/118 948/616/118 959/953/118 916/629/118
f 563/955/117 945/956/117 958/957/117 920/958/117
f 917/630/3 916/629/3 959/953/3 957/951/3
f 918/954/6 917/630/6 957/951/6 958/950/6
f 560/249/115 942/239/115 954/870/115 807/250/115
f 807/250/25 954/870/25 956/866/25 809/251/25
f 805/874/25 952/869/25 955/865/25 808/433/25
f 809/251/25 956/866/25 952/869/25 805/874/25
f 808/433/25 955/865/25 953/259/25 806/258/25
f 237/366/6 472/495/6 951/631/6 947/626/6
f 412/494/6 445/282/6 950/621/6 949/632/6
f 472/495/6 412/494/6 949/632/6 951/631/6
f 163/242/5 927/615/5 934/606/5 345/253/5
f 160/254/5 925/609/5 933/610/5 309/245/5
f 157/367/6 237/366/6 947/626/6 923/625/6
f 168/224/3 216/280/3 946/594/3 944/619/3
f 445/282/6 192/274/6 945/622/6 950/621/6
f 166/225/3 168/224/3 944/619/3 943/617/3
f 379/231/3 166/225/3 943/617/3 948/616/3
f 156/241/5 922/612/5 927/615/5 163/242/5
f 309/245/5 933/610/5 926/598/5 162/246/5
f 345/253/5 934/606/5 925/609/5 160/254/5
f 162/246/5 926/598/5 940/601/5 154/275/5
f 216/280/3 154/279/3 940/595/3 946/594/3
f 548/638/29 554/637/29 938/488/29 932/361/29
f 552/642/29 553/641/29 937/283/29 936/489/29
f 554/637/29 552/642/29 936/489/29 938/488/29
f 540/646/28 551/645/28 935/227/28 924/268/28
f 555/653/29 548/638/29 932/361/29 939/360/29
f 545/657/28 547/656/28 931/260/28 929/233/28
f 553/641/29 546/659/29 930/267/29 937/283/29
f 546/659/29 540/646/29 924/268/29 930/267/29
f 559/257/25 941/256/25 923/266/25 539/661/25
f 547/656/28 538/664/28 922/261/28 931/260/28
f 161/264/27 941/256/27 953/259/27 801/441/27
f 555/666/25 939/236/25 942/239/25 560/249/25
f 544/668/120 545/657/120 962/959/120 960/960/120
f 928/232/24 935/227/24 965/961/24 963/962/24
f 961/963/28 960/960/28 963/962/28 965/961/28
f 960/960/28 962/959/28 964/964/28 963/962/28
f 935/227/121 551/645/121 961/963/121 965/961/121
f 929/233/24 928/232/24 963/962/24 964/964/24
f 545/657/122 929/233/122 964/964/122 962/959/122
f 551/645/120 544/668/120 960/960/120 961/963/120
f 966/235/28 968/234/28 969/965/28 967/966/28
f 971/228/28 966/235/28 967/966/28 970/229/28
f 165/967/120 380/226/120 970/229/120 967/966/120
f 929/233/123 167/306/123 969/965/123 968/234/123
f 935/227/24 928/232/24 966/235/24 971/228/24
f 167/306/120 165/967/120 967/966/120 969/965/120
f 1001/968/124 1000/969/124 996/970/124 992/971/124
f 999/972/125 998/973/125 993/974/125 995/975/125
f 993/974/126 994/976/126 997/977/126 992/971/126
f 995/975/126 993/974/126 992/971/126 996/970/126
f 1003/978/127 1002/979/127 997/977/127 994/976/127
f 998/973/128 1003/978/128 994/976/128 993/974/128
f 1000/969/129 999/972/129 995/975/129 996/970/129
f 1002/979/130 1001/968/130 992/971/130 997/977/130
f 986/980/131 991/981/131 1001/968/131 1002/979/131
f 984/982/132 978/983/132 999/972/132 1000/969/132
f 977/984/133 980/985/133 1003/978/133 998/973/133
f 980/985/134 986/980/134 1002/979/134 1003/978/134
f 978/983/135 977/984/135 998/973/135 999/972/135
f 991/981/136 984/982/136 1000/969/136 1001/968/136
f 1065/986/8 1071/987/8 1037/470/8 1024/333/8
f 221/338/9 459/477/9 1036/988/9 1025/989/9
f 399/476/9 432/296/9 1035/990/9 1033/991/9
f 1069/992/8 1070/993/8 1034/299/8 1032/471/8
f 459/477/9 399/476/9 1033/991/9 1036/988/9
f 1071/987/8 1069/992/8 1032/471/8 1037/470/8
f 1057/994/13 1068/995/13 1031/183/13 1006/34/13
f 17/39/12 363/186/12 1030/996/12 1014/997/12
f 1043/998/11 1017/146/11 1029/89/11 1050/999/11
f 83/141/10 1009/1000/10 1028/1001/10 326/94/10
f 1015/92/30 1027/123/30 1073/1002/30 1072/1003/30
f 48/95/10 1007/1004/10 1026/1005/10 295/126/10
f 15/339/9 221/338/9 1025/989/9 1005/1006/9
f 1038/1007/8 1065/986/8 1024/333/8 1012/332/8
f 1062/1008/13 1064/1009/13 1023/53/13 1011/214/13
f 137/215/12 199/52/12 1022/1010/12 1019/1011/12
f 1070/993/8 1063/1012/8 1021/33/8 1034/299/8
f 432/296/9 174/40/9 1020/1013/9 1035/990/9
f 199/52/12 16/51/12 1013/1014/12 1022/1010/12
f 61/42/10 1008/1015/10 1013/1016/10 16/43/10
f 174/40/9 17/39/9 1014/997/9 1020/1013/9
f 326/94/10 1028/1001/10 1007/1004/10 48/95/10
f 295/126/10 1026/1005/10 1008/1015/10 61/42/10
f 14/140/10 1004/1017/10 1009/1000/10 83/141/10
f 363/186/12 113/185/12 1018/1018/12 1030/996/12
f 113/185/12 137/215/12 1019/1011/12 1018/1018/12
f 1061/1019/13 1062/1008/13 1011/214/13 1010/184/13
f 1068/995/13 1061/1019/13 1010/184/13 1031/183/13
f 1038/1020/11 1012/143/11 1017/146/11 1043/998/11
f 1049/1021/11 1027/123/11 1016/45/11 1042/1022/11
f 1027/123/9 1049/1021/9 1076/1023/9 1073/1002/9
f 1064/1009/13 1055/1024/13 1004/54/13 1023/53/13
f 1042/1022/11 1016/45/11 1005/48/11 1056/1025/11
f 1063/1012/8 1057/994/8 1006/34/8 1021/33/8
f 191/270/8 158/269/8 1057/994/8 1063/1012/8
f 161/264/11 1042/1022/11 1056/1025/11 157/265/11
f 215/263/13 156/262/13 1055/1024/13 1064/1009/13
f 346/872/11 1050/999/11 1041/1026/11 159/873/11
f 310/440/11 1049/1021/11 1042/1022/11 161/264/11
f 153/237/11 1038/1020/11 1043/998/11 164/238/11
f 380/226/13 165/967/13 1061/1019/13 1068/995/13
f 165/967/13 167/306/13 1062/1008/13 1061/1019/13
f 444/284/8 191/270/8 1063/1012/8 1070/993/8
f 167/306/13 215/263/13 1064/1009/13 1062/1008/13
f 153/363/8 236/362/8 1065/986/8 1038/1007/8
f 159/873/11 1041/1026/11 1049/1021/11 310/440/11
f 164/238/11 1043/998/11 1050/999/11 346/872/11
f 158/269/13 380/226/13 1068/995/13 1057/994/13
f 471/491/8 411/490/8 1069/992/8 1071/987/8
f 411/490/8 444/284/8 1070/993/8 1069/992/8
f 236/362/8 471/491/8 1071/987/8 1065/986/8
f 1025/989/9 1036/988/9 1054/492/9 1048/365/9
f 1033/991/9 1035/990/9 1053/281/9 1052/493/9
f 1036/988/9 1033/991/9 1052/493/9 1054/492/9
f 1014/997/12 1030/996/12 1051/230/12 1040/272/12
f 1009/1000/10 1060/243/10 1067/252/10 1028/1001/10
f 1007/1004/10 1058/255/10 1066/244/10 1026/1005/10
f 1005/1006/9 1025/989/9 1048/365/9 1056/364/9
f 1019/1011/12 1022/1010/12 1047/277/12 1045/223/12
f 1035/990/9 1020/1013/9 1046/271/9 1053/281/9
f 1022/1010/12 1013/1014/12 1039/278/12 1047/277/12
f 1008/1015/10 1059/247/10 1039/276/10 1013/1016/10
f 1020/1013/9 1014/997/9 1040/272/9 1046/271/9
f 1028/1001/10 1067/252/10 1058/255/10 1007/1004/10
f 1026/1005/10 1066/244/10 1059/247/10 1008/1015/10
f 1004/1017/10 1055/240/10 1060/243/10 1009/1000/10
f 1030/996/12 1018/1018/12 1044/222/12 1051/230/12
f 1018/1018/12 1019/1011/12 1045/223/12 1044/222/12
f 1073/1002/137 1076/1023/137 1082/1027/137 1079/1028/137
f 1075/1029/138 1077/1030/138 1083/1031/138 1081/1032/138
f 1029/89/30 1015/92/30 1072/1003/30 1074/1033/30
f 1049/1021/1 1041/1026/1 1075/1029/1 1076/1023/1
f 1050/999/8 1029/89/8 1074/1033/8 1077/1030/8
f 1041/1026/1 1050/999/1 1077/1030/1 1075/1029/1
f 1083/1031/8 1080/1034/8 1086/1035/8 1089/1036/8
f 1082/1027/139 1081/1032/139 1087/1037/139 1088/1038/139
f 1074/1033/140 1072/1003/140 1078/1039/140 1080/1034/140
f 1076/1023/138 1075/1029/138 1081/1032/138 1082/1027/138
f 1077/1030/141 1074/1033/141 1080/1034/141 1083/1031/141
f 1072/1003/140 1073/1002/140 1079/1028/140 1078/1039/140
f 1087/1037/1 1084/1040/1 1085/1041/1 1088/1038/1
f 1089/1036/1 1086/1035/1 1084/1040/1 1087/1037/1
f 1078/1039/142 1079/1028/142 1085/1041/142 1084/1040/142
f 1081/1032/139 1083/1031/139 1089/1036/139 1087/1037/139
f 1079/1028/9 1082/1027/9 1088/1038/9 1085/1041/9
f 1080/1034/142 1078/1039/142 1084/1040/142 1086/1035/142
f 1094/505/9 1090/504/9 1091/298/9 1092/297/9
f 1095/1042/9 1094/505/9 1092/297/9 1093/1043/9
f 432/296/30 399/476/30 1093/1043/30 1092/297/30
f 410/475/1 443/286/1 1094/505/1 1095/1042/1
f 399/476/10 410/475/10 1095/1042/10 1093/1043/10
f 190/37/11 174/40/11 1091/298/11 1090/504/11
usemtl wood
f 239/1044/143 33/1045/143 27/1046/143 225/1047/143
f 377/1048/143 31/1049/143 30/1050/143 368/1051/143
f 210/1052/30 65/1053/30 29/1054/30 204/1055/30
f 186/1056/30 66/1057/30 30/1050/30 178/1058/30
f 89/1059/144 34/1060/144 26/1061/144 78/1062/144
f 205/1063/145 35/1064/145 28/1065/145 203/1066/145
f 73/1067/146 32/1068/146 29/1054/146 65/1053/146
f 179/1069/145 36/1070/145 25/1071/145 177/1072/145
f 182/1073/147 38/1074/147 36/1070/147 179/1069/147
f 74/1075/148 37/1076/148 32/1068/148 73/1067/148
f 206/1077/147 42/1078/147 35/1064/147 205/1063/147
f 90/1079/149 41/1080/149 34/1060/149 89/1059/149
f 378/1081/150 39/1082/150 31/1049/150 377/1048/150
f 240/1083/150 40/1084/150 33/1045/150 239/1044/150
f 219/1085/151 5/1086/151 40/1084/151 240/1083/151
f 362/1087/151 12/1088/151 39/1082/151 378/1081/151
f 76/1089/152 7/1090/152 41/1080/152 90/1079/152
f 197/1091/153 8/1092/153 42/1078/153 206/1077/153
f 60/1093/154 6/1094/154 37/1076/154 74/1075/154
f 170/1095/153 11/1096/153 38/1074/153 182/1073/153
f 325/1097/154 46/1098/154 58/1099/154 338/1100/154
f 289/1101/152 45/1102/152 57/1103/152 302/1104/152
f 302/1104/149 57/1103/149 56/1105/149 301/1106/149
f 338/1100/148 58/1099/148 55/1107/148 337/1108/148
f 337/1108/146 55/1107/146 53/1109/146 330/1110/146
f 301/1106/144 56/1105/144 52/1111/144 290/1112/144
f 347/1113/30 331/1114/30 54/1115/30 183/1116/30
f 349/1117/30 330/1110/30 53/1109/30 207/1118/30
f 33/1045/144 67/1119/144 72/1120/144 27/1046/144
f 40/1084/149 68/1121/149 67/1119/149 33/1045/149
f 5/1086/152 70/1122/152 68/1121/152 40/1084/152
f 294/1123/154 60/1093/154 74/1075/154 292/1124/154
f 292/1124/148 74/1075/148 73/1067/148 291/1125/148
f 291/1125/146 73/1067/146 65/1053/146 299/1126/146
f 311/1127/30 300/1128/30 66/1057/30 186/1056/30
f 312/1129/30 299/1126/30 65/1053/30 210/1052/30
f 203/1066/30 28/1065/30 87/1130/30 211/1131/30
f 177/1072/30 25/1071/30 88/1132/30 187/1133/30
f 35/1064/146 79/1134/146 87/1130/146 28/1065/146
f 42/1078/148 80/1135/148 79/1134/148 35/1064/148
f 8/1092/154 82/1136/154 80/1135/154 42/1078/154
f 335/1137/152 76/1089/152 90/1079/152 333/1138/152
f 333/1138/149 90/1079/149 89/1059/149 332/1139/149
f 332/1139/144 89/1059/144 78/1062/144 336/1140/144
f 989/1141/9 983/1142/9 106/1143/9 107/1144/9
f 987/1145/155 982/1146/155 105/1147/155 342/1148/155
f 104/1149/156 341/1150/156 790/1151/156 791/1152/156
f 107/1144/157 106/1143/157 794/1153/157 795/1154/157
f 985/1155/155 989/1141/155 107/1144/155 306/1156/155
f 990/1157/8 988/1158/8 108/1159/8 103/1160/8
f 986/1161/158 990/1157/158 103/1160/158 341/1150/158
f 984/1162/158 991/1163/158 104/1149/158 305/1164/158
f 367/1165/30 117/1166/30 127/1167/30 373/1168/30
f 389/1169/30 307/1170/30 126/1171/30 372/1172/30
f 391/1173/30 343/1174/30 123/1175/30 371/1176/30
f 361/1177/153 111/1178/153 122/1179/153 370/1180/153
f 136/1181/151 112/1182/151 121/1183/151 133/1184/151
f 133/1184/150 121/1183/150 120/1185/150 132/1186/150
f 370/1180/147 122/1179/147 119/1187/147 369/1188/147
f 369/1188/145 119/1187/145 117/1166/145 367/1165/145
f 372/1172/30 126/1171/30 118/1189/30 368/1051/30
f 132/1186/143 120/1185/143 118/1189/143 142/1190/143
f 194/1191/143 132/1186/143 142/1190/143 204/1055/143
f 195/1192/150 133/1184/150 132/1186/150 194/1191/150
f 198/1193/151 136/1181/151 133/1184/151 195/1192/151
f 117/1166/30 141/1194/30 149/1195/30 127/1167/30
f 307/1170/30 308/1196/30 148/1197/30 126/1171/30
f 343/1174/30 344/1198/30 145/1199/30 123/1175/30
f 111/1178/153 135/1200/153 144/1201/153 122/1179/153
f 122/1179/147 144/1201/147 143/1202/147 119/1187/147
f 119/1187/145 143/1202/145 141/1194/145 117/1166/145
f 126/1171/30 148/1197/30 142/1190/30 118/1189/30
f 435/1203/30 177/1072/30 187/1133/30 441/1204/30
f 452/1205/30 311/1127/30 186/1056/30 440/1206/30
f 454/1207/30 347/1113/30 183/1116/30 439/1208/30
f 429/1209/153 170/1095/153 182/1073/153 438/1210/153
f 12/1088/151 171/1211/151 181/1212/151 39/1082/151
f 39/1082/150 181/1212/150 180/1213/150 31/1049/150
f 438/1210/147 182/1073/147 179/1069/147 437/1214/147
f 437/1214/145 179/1069/145 177/1072/145 435/1203/145
f 440/1206/30 186/1056/30 178/1058/30 436/1215/30
f 31/1049/143 180/1213/143 178/1058/143 30/1050/143
f 6/1094/151 198/1193/151 195/1192/151 37/1076/151
f 37/1076/150 195/1192/150 194/1191/150 32/1068/150
f 32/1068/143 194/1191/143 204/1055/143 29/1054/143
f 141/1194/30 203/1066/30 211/1131/30 149/1195/30
f 308/1196/30 312/1129/30 210/1052/30 148/1197/30
f 344/1198/30 349/1117/30 207/1118/30 145/1199/30
f 135/1200/153 197/1091/153 206/1077/153 144/1201/153
f 144/1201/147 206/1077/147 205/1063/147 143/1202/147
f 143/1202/145 205/1063/145 203/1066/145 141/1194/145
f 148/1197/30 210/1052/30 204/1055/30 142/1190/30
f 72/1120/30 231/1216/30 225/1047/30 27/1046/30
f 34/1060/145 226/1217/145 224/1218/145 26/1061/145
f 41/1080/147 227/1219/147 226/1217/147 34/1060/147
f 7/1090/153 218/1220/153 227/1219/153 41/1080/153
f 336/1140/30 350/1221/30 228/1222/30 52/1111/30
f 290/1112/30 315/1223/30 231/1216/30 72/1120/30
f 26/1061/30 224/1218/30 232/1224/30 78/1062/30
f 457/1225/151 219/1085/151 240/1083/151 484/1226/151
f 484/1226/150 240/1083/150 239/1044/150 483/1227/150
f 483/1227/143 239/1044/143 225/1047/143 463/1228/143
f 217/1229/11 233/1230/11 273/1231/11 150/1232/11
f 423/1233/9 172/1234/9 272/1235/9 450/1236/9
f 351/1237/11 229/1238/11 128/1239/11 358/1240/11
f 185/1241/10 184/1242/10 124/1243/10 271/1244/10
f 184/1242/10 188/1245/10 270/1246/10 124/1243/10
f 314/1247/11 230/1248/11 125/1249/11 322/1250/11
f 188/1245/10 169/1251/10 146/1252/10 270/1246/10
f 230/1248/11 238/1253/11 147/1254/11 125/1249/11
f 455/1255/8 217/1229/8 150/1232/8 486/1256/8
f 172/1234/10 185/1241/10 271/1244/10 272/1235/10
f 10/1257/11 77/1258/11 280/1259/11 279/1260/11
f 348/1261/10 212/1262/10 282/1263/10 359/1264/10
f 47/1265/11 71/1266/11 277/1267/11 281/1268/11
f 131/1269/12 193/1270/12 274/1271/12 286/1272/12
f 109/1273/12 131/1269/12 286/1272/12 285/1274/12
f 376/1275/12 109/1273/12 285/1274/12 386/1276/12
f 212/1262/10 196/1277/10 283/1278/10 282/1263/10
f 77/1258/11 47/1265/11 281/1268/11 280/1259/11
f 360/1279/13 10/1257/13 279/1260/13 387/1280/13
f 71/1266/11 9/1281/11 284/1282/11 277/1267/11
f 134/1283/13 110/1284/13 278/1285/13 276/1286/13
f 193/1270/10 209/1287/10 275/1288/10 274/1271/10
f 196/1277/13 134/1283/13 276/1286/13 283/1278/13
f 313/1289/10 208/1290/10 287/1291/10 323/1292/10
f 209/1287/10 313/1289/10 323/1292/10 275/1288/10
f 229/1238/11 314/1247/11 322/1250/11 128/1239/11
f 52/1111/30 228/1222/30 315/1223/30 290/1112/30
f 145/1199/30 207/1118/30 312/1129/30 308/1196/30
f 439/1208/30 183/1116/30 311/1127/30 452/1205/30
f 123/1175/30 145/1199/30 308/1196/30 307/1170/30
f 371/1176/30 123/1175/30 307/1170/30 389/1169/30
f 983/1142/158 984/1162/158 305/1164/158 106/1143/158
f 982/1146/155 985/1155/155 306/1156/155 105/1147/155
f 305/1164/156 104/1149/156 791/1152/156 793/1293/156
f 207/1118/30 53/1109/30 299/1126/30 312/1129/30
f 183/1116/30 54/1115/30 300/1128/30 311/1127/30
f 55/1107/146 291/1125/146 299/1126/146 53/1109/146
f 58/1099/148 292/1124/148 291/1125/148 55/1107/148
f 46/1098/154 294/1123/154 292/1124/154 58/1099/154
f 67/1119/144 301/1106/144 290/1112/144 72/1120/144
f 68/1121/149 302/1104/149 301/1106/149 67/1119/149
f 70/1122/152 289/1101/152 302/1104/152 68/1121/152
f 208/1290/10 348/1261/10 359/1264/10 287/1291/10
f 233/1230/11 351/1237/11 358/1240/11 273/1231/11
f 78/1062/30 232/1224/30 350/1221/30 336/1140/30
f 149/1195/30 211/1131/30 349/1117/30 344/1198/30
f 441/1204/30 187/1133/30 347/1113/30 454/1207/30
f 127/1167/30 149/1195/30 344/1198/30 343/1174/30
f 373/1168/30 127/1167/30 343/1174/30 391/1173/30
f 991/1163/158 986/1161/158 341/1150/158 104/1149/158
f 342/1148/159 105/1147/159 792/1294/159 799/1295/159
f 988/1158/155 987/1145/155 342/1148/155 108/1159/155
f 56/1105/144 332/1139/144 336/1140/144 52/1111/144
f 57/1103/149 333/1138/149 332/1139/149 56/1105/149
f 45/1102/152 335/1137/152 333/1138/152 57/1103/152
f 211/1131/30 87/1130/30 330/1110/30 349/1117/30
f 187/1133/30 88/1132/30 331/1114/30 347/1113/30
f 79/1134/146 337/1108/146 330/1110/146 87/1130/146
f 80/1135/148 338/1100/148 337/1108/148 79/1134/148
f 82/1136/154 325/1097/154 338/1100/154 80/1135/154
f 88/1132/30 373/1168/30 391/1173/30 331/1114/30
f 54/1115/30 371/1176/30 389/1169/30 300/1128/30
f 110/1284/13 360/1279/13 387/1280/13 278/1285/13
f 9/1281/12 376/1275/12 386/1276/12 284/1282/12
f 66/1057/30 372/1172/30 368/1051/30 30/1050/30
f 36/1070/145 369/1188/145 367/1165/145 25/1071/145
f 38/1074/147 370/1180/147 369/1188/147 36/1070/147
f 11/1096/153 361/1177/153 370/1180/153 38/1074/153
f 331/1114/30 391/1173/30 371/1176/30 54/1115/30
f 300/1128/30 389/1169/30 372/1172/30 66/1057/30
f 25/1071/30 367/1165/30 373/1168/30 88/1132/30
f 112/1182/151 362/1087/151 378/1081/151 121/1183/151
f 121/1183/150 378/1081/150 377/1048/150 120/1185/150
f 120/1185/143 377/1048/143 368/1051/143 118/1189/143
f 468/1296/30 408/1297/30 422/1298/30 481/1299/30
f 466/1300/30 406/1301/30 420/1302/30 479/1303/30
f 428/1304/8 395/1305/8 418/1306/8 427/1307/8
f 482/1308/9 392/1309/9 417/1310/9 477/1311/9
f 424/1312/143 393/1313/143 403/1314/143 436/1215/143
f 425/1315/150 394/1316/150 393/1313/150 424/1312/150
f 430/1317/151 397/1318/151 394/1316/151 425/1315/151
f 467/1319/30 407/1320/30 403/1314/30 463/1228/30
f 464/1321/145 404/1322/145 402/1323/145 462/1324/145
f 465/1325/147 405/1326/147 404/1322/147 464/1321/147
f 456/1327/153 396/1328/153 405/1326/153 465/1325/153
f 481/1299/30 422/1298/30 406/1301/30 466/1300/30
f 479/1303/30 420/1302/30 407/1320/30 467/1319/30
f 462/1324/30 402/1323/30 408/1297/30 468/1296/30
f 171/1211/151 430/1317/151 425/1315/151 181/1212/151
f 181/1212/150 425/1315/150 424/1312/150 180/1213/150
f 180/1213/143 424/1312/143 436/1215/143 178/1058/143
f 169/1251/8 428/1304/8 427/1307/8 146/1252/8
f 408/1297/30 441/1204/30 454/1207/30 422/1298/30
f 406/1301/30 439/1208/30 452/1205/30 420/1302/30
f 392/1309/9 423/1233/9 450/1236/9 417/1310/9
f 407/1320/30 440/1206/30 436/1215/30 403/1314/30
f 404/1322/145 437/1214/145 435/1203/145 402/1323/145
f 405/1326/147 438/1210/147 437/1214/147 404/1322/147
f 396/1328/153 429/1209/153 438/1210/153 405/1326/153
f 422/1298/30 454/1207/30 439/1208/30 406/1301/30
f 420/1302/30 452/1205/30 440/1206/30 407/1320/30
f 402/1323/30 435/1203/30 441/1204/30 408/1297/30
f 224/1218/30 462/1324/30 468/1296/30 232/1224/30
f 315/1223/30 479/1303/30 467/1319/30 231/1216/30
f 350/1221/30 481/1299/30 466/1300/30 228/1222/30
f 218/1220/153 456/1327/153 465/1325/153 227/1219/153
f 227/1219/147 465/1325/147 464/1321/147 226/1217/147
f 226/1217/145 464/1321/145 462/1324/145 224/1218/145
f 231/1216/30 467/1319/30 463/1228/30 225/1047/30
f 238/1253/9 482/1308/9 477/1311/9 147/1254/9
f 228/1222/30 466/1300/30 479/1303/30 315/1223/30
f 232/1224/30 468/1296/30 481/1299/30 350/1221/30
f 395/1305/8 455/1255/8 486/1256/8 418/1306/8
f 393/1313/143 483/1227/143 463/1228/143 403/1314/143
f 394/1316/150 484/1226/150 483/1227/150 393/1313/150
f 397/1318/151 457/1225/151 484/1226/151 394/1316/151
f 341/1150/156 103/1160/156 797/1329/156 790/1151/156
f 105/1147/159 306/1156/159 798/1330/159 792/1294/159
f 103/1160/160 108/1159/160 796/1331/160 797/1329/160
f 108/1159/159 342/1148/159 799/1295/159 796/1331/159
f 306/1156/159 107/1144/159 795/1154/159 798/1330/159
f 106/1143/156 305/1164/156 793/1293/156 794/1153/156
f 102/1332/155 340/1333/155 981/1334/155 973/1335/155
f 49/1336/158 327/1337/158 980/1338/158 977/1339/158
f 97/1340/155 304/1341/155 979/1342/155 972/1343/155
f 62/1344/158 296/1345/158 978/1346/158 974/1347/158
f 296/1345/158 49/1336/158 977/1339/158 978/1346/158
f 327/1337/158 84/1348/158 976/1349/158 980/1338/158
f 84/1348/8 102/1332/8 973/1335/8 976/1349/8
f 304/1341/155 99/1350/155 975/1351/155 979/1342/155
f 340/1333/155 97/1340/155 972/1343/155 981/1334/155
f 99/1350/9 62/1344/9 974/1347/9 975/1351/9
f 973/1335/155 981/1334/155 987/1145/155 988/1158/155
f 972/1343/155 979/1342/155 985/1155/155 982/1146/155
f 974/1347/158 978/1346/158 984/1162/158 983/1142/158
f 980/1338/158 976/1349/158 990/1157/158 986/1161/158
f 976/1349/8 973/1335/8 988/1158/8 990/1157/8
f 979/1342/155 975/1351/155 989/1141/155 985/1155/155
f 981/1334/155 972/1343/155 982/1146/155 987/1145/155
f 975/1351/9 974/1347/9 983/1142/9 989/1141/9
o clip_Cube.003
v -0.392464 -0.342967 0.038455
v -0.257683 -0.107547 0.038455
v -0.392464 -0.342967 -0.038455
v -0.257683 -0.107547 -0.038455
v -0.230973 -0.511044 0.038455
v -0.024643 -0.112204 0.038455
v -0.230973 -0.511044 -0.038455
v -0.024643 -0.112204 -0.038455
v -0.274772 -0.225257 0.038455
v -0.274772 -0.225257 -0.038455
v -0.077506 -0.311624 -0.038455
v -0.077506 -0.311624 0.038455
v -0.314162 -0.284112 -0.038455
v -0.134783 -0.411334 -0.038455
v -0.134783 -0.411334 0.038455
v -0.314162 -0.284112 0.038455
v -0.248483 -0.166402 0.038455
v -0.248483 -0.166402 -0.038455
v -0.033330 -0.211914 -0.038455
v -0.033330 -0.211914 0.038455
v -0.311718 -0.427006 -0.038455
v -0.141163 -0.109876 -0.038455
v -0.311718 -0.427006 0.038455
v -0.141163 -0.109876 0.038455
v -0.176139 -0.268441 0.038455
v -0.176139 -0.268441 -0.038455
v -0.224473 -0.347723 -0.038455
v -0.224473 -0.347723 0.038455
v -0.140907 -0.189158 0.038455
v -0.140907 -0.189158 -0.038455
v -0.352091 -0.384986 -0.038455
v -0.199423 -0.108712 0.038455
v -0.225455 -0.246849 0.038455
v -0.269317 -0.315918 0.038455
v -0.194695 -0.177780 0.038455
v -0.199423 -0.108712 -0.038455
v -0.352091 -0.384986 0.038455
v -0.225455 -0.246849 -0.038455
v -0.269317 -0.315918 -0.038455
v -0.194695 -0.177780 -0.038455
v -0.082903 -0.111040 -0.038455
v -0.271345 -0.469025 0.038455
v -0.126823 -0.290032 -0.038455
v -0.179628 -0.379529 -0.038455
v -0.087118 -0.200536 -0.038455
v -0.271345 -0.469025 -0.038455
v -0.082903 -0.111040 0.038455
v -0.126823 -0.290032 0.038455
v -0.179628 -0.379529 0.038455
v -0.087118 -0.200536 0.038455
v -0.372278 -0.363977 -0.038455
v -0.228553 -0.108129 0.038455
v -0.228553 -0.108129 -0.038455
v -0.372278 -0.363977 0.038455
v -0.250114 -0.236053 -0.038455
v -0.291740 -0.300015 -0.038455
v -0.221589 -0.172091 -0.038455
v -0.170293 -0.109294 -0.038455
v -0.331905 -0.405996 0.038455
v -0.331905 -0.405996 -0.038455
v -0.170293 -0.109294 0.038455
v -0.291532 -0.448015 -0.038455
v -0.112033 -0.110458 0.038455
v -0.112033 -0.110458 -0.038455
v -0.291532 -0.448015 0.038455
v -0.053773 -0.111622 -0.038455
v -0.251159 -0.490034 0.038455
v -0.251159 -0.490034 -0.038455
v -0.053773 -0.111622 0.038455
v -0.375190 -0.329983 -0.038455
v -0.209752 -0.489047 -0.038455
v -0.209752 -0.489047 0.038455
v -0.375190 -0.329983 0.038455
v -0.292471 -0.409515 0.038455
v -0.292471 -0.409515 -0.038455
v -0.333830 -0.369749 -0.038455
v -0.333830 -0.369749 0.038455
v -0.251112 -0.449281 0.038455
v -0.251112 -0.449281 -0.038455
v -0.354510 -0.349866 -0.038455
v -0.354510 -0.349866 0.038455
v -0.313151 -0.389632 0.038455
v -0.313151 -0.389632 -0.038455
v -0.271791 -0.429398 -0.038455
v -0.271791 -0.429398 0.038455
v -0.230432 -0.469164 0.038455
v -0.230432 -0.469164 -0.038455
v -0.255098 -0.124085 0.038455
v -0.255098 -0.124085 -0.038455
v -0.027084 -0.140221 -0.038455
v -0.027084 -0.140221 0.038455
v -0.141091 -0.132153 0.038455
v -0.141091 -0.132153 -0.038455
v -0.198094 -0.128119 -0.038455
v -0.198094 -0.128119 0.038455
v -0.084087 -0.136187 0.038455
v -0.084087 -0.136187 -0.038455
v -0.226596 -0.126102 -0.038455
v -0.226596 -0.126102 0.038455
v -0.169593 -0.130136 0.038455
v -0.169593 -0.130136 -0.038455
v -0.112589 -0.134170 -0.038455
v -0.112589 -0.134170 0.038455
v -0.055586 -0.138204 0.038455
v -0.055586 -0.138204 -0.038455
v -0.382371 -0.353472 -0.038455
v -0.243118 -0.107838 0.038455
v -0.262443 -0.230655 0.038455
v -0.302951 -0.292064 0.038455
v -0.235036 -0.169247 0.038455
v -0.243118 -0.107838 -0.038455
v -0.382371 -0.353472 0.038455
v -0.262443 -0.230655 -0.038455
v -0.302951 -0.292064 -0.038455
v -0.235036 -0.169247 -0.038455
v -0.364850 -0.339925 -0.038455
v -0.364850 -0.339925 0.038455
v -0.240847 -0.125093 -0.038455
v -0.240847 -0.125093 0.038455
v -0.213988 -0.108420 -0.038455
v -0.362184 -0.374482 0.038455
v -0.362184 -0.374482 -0.038455
v -0.213988 -0.108420 0.038455
v -0.237784 -0.241451 0.038455
v -0.280528 -0.307966 0.038455
v -0.208142 -0.174936 0.038455
v -0.344170 -0.359808 0.038455
v -0.344170 -0.359808 -0.038455
v -0.212345 -0.127111 0.038455
v -0.212345 -0.127111 -0.038455
v -0.341998 -0.395491 -0.038455
v -0.184858 -0.109003 0.038455
v -0.213126 -0.252247 0.038455
v -0.258106 -0.323869 0.038455
v -0.181248 -0.180625 0.038455
v -0.184858 -0.109003 -0.038455
v -0.341998 -0.395491 0.038455
v -0.213126 -0.252247 -0.038455
v -0.258106 -0.323869 -0.038455
v -0.181248 -0.180625 -0.038455
v -0.323491 -0.379691 -0.038455
v -0.323491 -0.379691 0.038455
v -0.183843 -0.129128 -0.038455
v -0.183843 -0.129128 0.038455
v -0.155728 -0.109585 -0.038455
v -0.321812 -0.416501 0.038455
v -0.188468 -0.263043 -0.038455
v -0.235684 -0.339772 -0.038455
v -0.154354 -0.186314 -0.038455
v -0.321812 -0.416501 -0.038455
v -0.155728 -0.109585 0.038455
v -0.188468 -0.263043 0.038455
v -0.235684 -0.339772 0.038455
v -0.154354 -0.186314 0.038455
v -0.302811 -0.399574 0.038455
v -0.302811 -0.399574 -0.038455
v -0.155342 -0.131145 0.038455
v -0.155342 -0.131145 -0.038455
v -0.301625 -0.437510 -0.038455
v -0.126598 -0.110167 0.038455
v -0.163810 -0.273839 0.038455
v -0.213261 -0.355675 0.038455
v -0.127459 -0.192003 0.038455
v -0.126598 -0.110167 -0.038455
v -0.301625 -0.437510 0.038455
v -0.163810 -0.273839 -0.038455
v -0.213261 -0.355675 -0.038455
v -0.127459 -0.192003 -0.038455
v -0.282131 -0.419457 -0.038455
v -0.282131 -0.419457 0.038455
v -0.126840 -0.133162 -0.038455
v -0.126840 -0.133162 0.038455
v -0.097468 -0.110749 -0.038455
v -0.281439 -0.458520 0.038455
v -0.139152 -0.284634 -0.038455
v -0.190839 -0.371577 -0.038455
v -0.100565 -0.197692 -0.038455
v -0.281439 -0.458520 -0.038455
v -0.097468 -0.110749 0.038455
v -0.139152 -0.284634 0.038455
v -0.190839 -0.371577 0.038455
v -0.100565 -0.197692 0.038455
v -0.261452 -0.439340 0.038455
v -0.261452 -0.439340 -0.038455
v -0.098338 -0.135179 0.038455
v -0.098338 -0.135179 -0.038455
v -0.261252 -0.479530 -0.038455
v -0.068338 -0.111331 0.038455
v -0.114493 -0.295430 0.038455
v -0.168417 -0.387480 0.038455
v -0.073671 -0.203381 0.038455
v -0.068338 -0.111331 -0.038455
v -0.261252 -0.479530 0.038455
v -0.114493 -0.295430 -0.038455
v -0.168417 -0.387480 -0.038455
v -0.073671 -0.203381 -0.038455
v -0.240772 -0.459223 -0.038455
v -0.240772 -0.459223 0.038455
v -0.069837 -0.137196 -0.038455
v -0.069837 -0.137196 0.038455
v -0.039208 -0.111913 -0.038455
v -0.241066 -0.500539 0.038455
v -0.089835 -0.306226 -0.038455
v -0.145995 -0.403383 -0.038455
v -0.046777 -0.209070 -0.038455
v -0.241066 -0.500539 -0.038455
v -0.039208 -0.111913 0.038455
v -0.089835 -0.306226 0.038455
v -0.145995 -0.403383 0.038455
v -0.046777 -0.209070 0.038455
v -0.220092 -0.479106 0.038455
v -0.220092 -0.479106 -0.038455
v -0.041335 -0.139213 0.038455
v -0.041335 -0.139213 -0.038455
v -0.237784 -0.241451 -0.030221
v -0.225455 -0.246849 -0.030221
v -0.280528 -0.307966 -0.030221
v -0.269317 -0.315918 -0.030221
v -0.208142 -0.174936 -0.030221
v -0.194695 -0.177780 -0.030221
v -0.198094 -0.128119 -0.030221
v -0.237784 -0.241451 0.028473
v -0.250114 -0.236053 0.028473
v -0.280528 -0.307966 0.028473
v -0.291740 -0.300015 0.028473
v -0.208142 -0.174936 0.028473
v -0.221589 -0.172091 0.028473
v -0.221589 -0.172091 -0.030221
v -0.250114 -0.236053 -0.030221
v -0.291740 -0.300015 -0.030221
v -0.226596 -0.126102 -0.030221
v -0.226596 -0.126102 0.028473
v -0.213126 -0.252247 -0.030221
v -0.200797 -0.257645 -0.030221
v -0.258106 -0.323869 -0.030221
v -0.246895 -0.331820 -0.030221
v -0.181248 -0.180625 -0.030221
v -0.167801 -0.183469 -0.030221
v -0.188468 -0.263043 0.028473
v -0.200797 -0.257645 0.028473
v -0.235684 -0.339772 0.028473
v -0.246895 -0.331820 0.028473
v -0.154354 -0.186314 0.028473
v -0.167801 -0.183469 0.028473
v -0.169593 -0.130136 0.028473
v -0.169593 -0.130136 -0.030221
v -0.139152 -0.284634 0.028473
v -0.151481 -0.279237 0.028473
v -0.190839 -0.371577 0.028473
v -0.202050 -0.363626 0.028473
v -0.100565 -0.197692 0.028473
v -0.114012 -0.194847 0.028473
v -0.163810 -0.273839 -0.030221
v -0.151481 -0.279237 -0.030221
v -0.213261 -0.355675 -0.030221
v -0.202050 -0.363626 -0.030221
v -0.127459 -0.192003 -0.030221
v -0.114012 -0.194847 -0.030221
v -0.112589 -0.134170 -0.030221
v -0.112589 -0.134170 0.028473
v -0.114493 -0.295430 -0.030221
v -0.102164 -0.300828 -0.030221
v -0.168417 -0.387480 -0.030221
v -0.157206 -0.395431 -0.030221
v -0.073671 -0.203381 -0.030221
v -0.060224 -0.206225 -0.030221
v -0.089835 -0.306226 0.028473
v -0.102164 -0.300828 0.028473
v -0.145995 -0.403383 0.028473
v -0.157206 -0.395431 0.028473
v -0.046777 -0.209070 0.028473
v -0.060224 -0.206225 0.028473
v -0.055586 -0.138204 0.028473
v -0.055586 -0.138204 -0.030221
v -0.333830 -0.369749 -0.030221
v -0.354510 -0.349866 -0.030221
v -0.354510 -0.349866 0.028473
v -0.313151 -0.389632 0.028473
v -0.313151 -0.389632 -0.030221
v -0.271791 -0.429398 -0.030221
v -0.271791 -0.429398 0.028473
v -0.230432 -0.469164 0.028473
v -0.230432 -0.469164 -0.030221
v -0.240772 -0.459223 -0.030221
v -0.220092 -0.479106 0.028473
v -0.261452 -0.439340 0.028473
v -0.282131 -0.419457 -0.030221
v -0.323491 -0.379691 -0.030221
v -0.302811 -0.399574 0.028473
v -0.344170 -0.359808 0.028473
v -0.344170 -0.359808 -0.030221
v -0.069837 -0.137196 -0.030221
v -0.041335 -0.139213 0.028473
v -0.098338 -0.135179 0.028473
v -0.126840 -0.133162 -0.030221
v -0.183843 -0.129128 -0.030221
v -0.155342 -0.131145 0.028473
v -0.212345 -0.127111 0.028473
v -0.212345 -0.127111 -0.030221
v -0.262443 -0.230655 0.028473
v -0.302951 -0.292064 0.028473
v -0.235036 -0.169247 0.028473
v -0.364850 -0.339925 0.028473
v -0.240847 -0.125093 0.028473
v -0.213126 -0.252247 0.028473
v -0.258106 -0.323869 0.028473
v -0.181248 -0.180625 0.028473
v -0.323491 -0.379691 0.028473
v -0.183843 -0.129128 0.028473
v -0.188468 -0.263043 -0.030221
v -0.235684 -0.339772 -0.030221
v -0.154354 -0.186314 -0.030221
v -0.302811 -0.399574 -0.030221
v -0.155342 -0.131145 -0.030221
v -0.163810 -0.273839 0.028473
v -0.213261 -0.355675 0.028473
v -0.127459 -0.192003 0.028473
v -0.282131 -0.419457 0.028473
v -0.126840 -0.133162 0.028473
v -0.139152 -0.284634 -0.030221
v -0.190839 -0.371577 -0.030221
v -0.100565 -0.197692 -0.030221
v -0.261452 -0.439340 -0.030221
v -0.098338 -0.135179 -0.030221
v -0.114493 -0.295430 0.028473
v -0.168417 -0.387480 0.028473
v -0.073671 -0.203381 0.028473
v -0.240772 -0.459223 0.028473
v -0.069837 -0.137196 0.028473
v -0.089835 -0.306226 -0.030221
v -0.145995 -0.403383 -0.030221
v -0.046777 -0.209070 -0.030221
v -0.220092 -0.479106 -0.030221
v -0.041335 -0.139213 -0.030221
v -0.392464 -0.342967 0.000000
v -0.257683 -0.107547 0.000000
v -0.230973 -0.511044 0.000000
v -0.024643 -0.112204 0.000000
v -0.077506 -0.311624 0.000000
v -0.274772 -0.225257 0.000000
v -0.314162 -0.284112 0.000000
v -0.134783 -0.411334 0.000000
v -0.033330 -0.211914 0.000000
v -0.248483 -0.166402 0.000000
v -0.311718 -0.427006 0.000000
v -0.352091 -0.384986 0.000000
v -0.271345 -0.469025 0.000000
v -0.372278 -0.363977 0.000000
v -0.331905 -0.405996 0.000000
v -0.291532 -0.448015 0.000000
v -0.251159 -0.490034 0.000000
v -0.209752 -0.489047 0.000000
v -0.375190 -0.329983 0.000000
v -0.027084 -0.140221 0.000000
v -0.255098 -0.124085 0.000000
v -0.382371 -0.353472 0.000000
v -0.243118 -0.107838 0.000000
v -0.362184 -0.374482 0.000000
v -0.341998 -0.395491 0.000000
v -0.321812 -0.416501 0.000000
v -0.301625 -0.437510 0.000000
v -0.281439 -0.458520 0.000000
v -0.261252 -0.479530 0.000000
v -0.039208 -0.111913 0.000000
v -0.241066 -0.500539 0.000000
v -0.392464 -0.342967 0.019228
v -0.024643 -0.112204 0.019228
v -0.077506 -0.311624 0.019228
v -0.134783 -0.411334 0.019228
v -0.033330 -0.211914 0.019228
v -0.311718 -0.427006 0.019228
v -0.352091 -0.384986 0.019228
v -0.271345 -0.469025 0.019228
v -0.372278 -0.363977 0.019228
v -0.331905 -0.405996 0.019228
v -0.291532 -0.448015 0.019228
v -0.251159 -0.490034 0.019228
v -0.209752 -0.489047 0.019228
v -0.027084 -0.140221 0.019228
v -0.382371 -0.353472 0.019228
v -0.243118 -0.107838 0.019228
v -0.362184 -0.374482 0.019228
v -0.341998 -0.395491 0.019228
v -0.321812 -0.416501 0.019228
v -0.301625 -0.437510 0.019228
v -0.281439 -0.458520 0.019228
v -0.261252 -0.479530 0.019228
v -0.039208 -0.111913 0.019228
v -0.241066 -0.500539 0.019228
v -0.257683 -0.107547 0.019228
v -0.230973 -0.511044 0.019228
v -0.274772 -0.225257 0.019228
v -0.314162 -0.284112 0.019228
v -0.248483 -0.166402 0.019228
v -0.375190 -0.329983 0.019228
v -0.255098 -0.124085 0.019228
v -0.257683 -0.107547 -0.019228
v -0.230973 -0.511044 -0.019228
v -0.274772 -0.225257 -0.019228
v -0.314162 -0.284112 -0.019228
v -0.248483 -0.166402 -0.019228
v -0.375190 -0.329983 -0.019228
v -0.255098 -0.124085 -0.019228
v -0.392464 -0.342967 -0.019228
v -0.024643 -0.112204 -0.019228
v -0.077506 -0.311624 -0.019228
v -0.134783 -0.411334 -0.019228
v -0.033330 -0.211914 -0.019228
v -0.311718 -0.427006 -0.019228
v -0.352091 -0.384986 -0.019228
v -0.271345 -0.469025 -0.019228
v -0.372278 -0.363977 -0.019228
v -0.331905 -0.405996 -0.019228
v -0.291532 -0.448015 -0.019228
v -0.251159 -0.490034 -0.019228
v -0.209752 -0.489047 -0.019228
v -0.027084 -0.140221 -0.019228
v -0.382371 -0.353472 -0.019228
v -0.243118 -0.107838 -0.019228
v -0.362184 -0.374482 -0.019228
v -0.341998 -0.395491 -0.019228
v -0.321812 -0.416501 -0.019228
v -0.301625 -0.437510 -0.019228
v -0.281439 -0.458520 -0.019228
v -0.261252 -0.479530 -0.019228
v -0.039208 -0.111913 -0.019228
v -0.241066 -0.500539 -0.019228
v -0.257683 -0.107547 -0.028841
v -0.230973 -0.511044 -0.028841
v -0.274772 -0.225257 -0.028841
v -0.314162 -0.284112 -0.028841
v -0.248483 -0.166402 -0.028841
v -0.375190 -0.329983 -0.028841
v -0.255098 -0.124085 -0.028841
v -0.392464 -0.342967 -0.028841
v -0.024643 -0.112204 -0.028841
v -0.077506 -0.311624 -0.028841
v -0.134783 -0.411334 -0.028841
v -0.033330 -0.211914 -0.028841
v -0.141163 -0.109876 -0.028841
v -0.311718 -0.427006 -0.028841
v -0.352091 -0.384986 -0.028841
v -0.199423 -0.108712 -0.028841
v -0.082903 -0.111040 -0.028841
v -0.271345 -0.469025 -0.028841
v -0.372278 -0.363977 -0.028841
v -0.228553 -0.108129 -0.028841
v -0.170293 -0.109294 -0.028841
v -0.331905 -0.405996 -0.028841
v -0.291532 -0.448015 -0.028841
v -0.112033 -0.110458 -0.028841
v -0.053773 -0.111622 -0.028841
v -0.251159 -0.490034 -0.028841
v -0.209752 -0.489047 -0.028841
v -0.027084 -0.140221 -0.028841
v -0.382371 -0.353472 -0.028841
v -0.243118 -0.107838 -0.028841
v -0.213988 -0.108420 -0.028841
v -0.362184 -0.374482 -0.028841
v -0.341998 -0.395491 -0.028841
v -0.184858 -0.109003 -0.028841
v -0.155728 -0.109585 -0.028841
v -0.321812 -0.416501 -0.028841
v -0.301625 -0.437510 -0.028841
v -0.126598 -0.110167 -0.028841
v -0.097468 -0.110749 -0.028841
v -0.281439 -0.458520 -0.028841
v -0.261252 -0.479530 -0.028841
v -0.068338 -0.111331 -0.028841
v -0.039208 -0.111913 -0.028841
v -0.241066 -0.500539 -0.028841
v -0.392464 -0.342967 0.028841
v -0.024643 -0.112204 0.028841
v -0.077506 -0.311624 0.028841
v -0.134783 -0.411334 0.028841
v -0.033330 -0.211914 0.028841
v -0.141163 -0.109876 0.028841
v -0.311718 -0.427006 0.028841
v -0.352091 -0.384986 0.028841
v -0.199423 -0.108712 0.028841
v -0.082903 -0.111040 0.028841
v -0.271345 -0.469025 0.028841
v -0.372278 -0.363977 0.028841
v -0.228553 -0.108129 0.028841
v -0.170293 -0.109294 0.028841
v -0.331905 -0.405996 0.028841
v -0.291532 -0.448015 0.028841
v -0.112033 -0.110458 0.028841
v -0.053773 -0.111622 0.028841
v -0.251159 -0.490034 0.028841
v -0.209752 -0.489047 0.028841
v -0.027084 -0.140221 0.028841
v -0.382371 -0.353472 0.028841
v -0.243118 -0.107838 0.028841
v -0.213988 -0.108420 0.028841
v -0.362184 -0.374482 0.028841
v -0.341998 -0.395491 0.028841
v -0.184858 -0.109003 0.028841
v -0.155728 -0.109585 0.028841
v -0.321812 -0.416501 0.028841
v -0.301625 -0.437510 0.028841
v -0.126598 -0.110167 0.028841
v -0.097468 -0.110749 0.028841
v -0.281439 -0.458520 0.028841
v -0.261252 -0.479530 0.028841
v -0.068338 -0.111331 0.028841
v -0.039208 -0.111913 0.028841
v -0.241066 -0.500539 0.028841
v -0.257683 -0.107547 0.028841
v -0.230973 -0.511044 0.028841
v -0.274772 -0.225257 0.028841
v -0.314162 -0.284112 0.028841
v -0.248483 -0.166402 0.028841
v -0.375190 -0.329983 0.028841
v -0.255098 -0.124085 0.028841
v -0.141531 -0.129032 -0.019224
v -0.141860 -0.128824 0.000000
v -0.199473 -0.122939 -0.020280
v -0.199802 -0.122730 -0.001057
v -0.083588 -0.135126 -0.018167
v -0.083917 -0.134917 0.001057
v -0.228445 -0.119892 -0.020809
v -0.228773 -0.119683 -0.001585
v -0.170502 -0.125985 -0.019752
v -0.170831 -0.125777 -0.000528
v -0.112560 -0.132079 -0.018695
v -0.112888 -0.131871 0.000528
v -0.054617 -0.138173 -0.017638
v -0.054946 -0.137964 0.001585
v -0.242930 -0.118368 -0.021073
v -0.243259 -0.118160 -0.001850
v -0.213959 -0.121415 -0.020545
v -0.214288 -0.121207 -0.001321
v -0.184988 -0.124462 -0.020016
v -0.185316 -0.124253 -0.000793
v -0.156017 -0.127509 -0.019488
v -0.156345 -0.127300 -0.000264
v -0.127045 -0.130556 -0.018959
v -0.127374 -0.130347 0.000264
v -0.098074 -0.133603 -0.018431
v -0.098403 -0.133394 0.000793
v -0.069103 -0.136650 -0.017902
v -0.069432 -0.136441 0.001321
v -0.040132 -0.139696 -0.017374
v -0.040460 -0.139488 0.001850
v -0.142188 -0.128615 0.019224
v -0.200131 -0.122521 0.018167
v -0.084246 -0.134709 0.020280
v -0.229102 -0.119474 0.017638
v -0.171160 -0.125568 0.018695
v -0.113217 -0.131662 0.019752
v -0.055275 -0.137756 0.020809
v -0.243588 -0.117951 0.017374
v -0.214616 -0.120998 0.017902
v -0.185645 -0.124045 0.018431
v -0.156674 -0.127092 0.018959
v -0.127703 -0.130138 0.019488
v -0.098731 -0.133185 0.020016
v -0.069760 -0.136232 0.020545
v -0.040789 -0.139279 0.021073
v -0.141367 -0.129137 -0.028835
v -0.199309 -0.123043 -0.029892
v -0.083424 -0.135230 -0.027778
v -0.228280 -0.119996 -0.030421
v -0.170338 -0.126090 -0.029364
v -0.112395 -0.132184 -0.028307
v -0.054453 -0.138277 -0.027250
v -0.242766 -0.118473 -0.030685
v -0.213795 -0.121520 -0.030156
v -0.184823 -0.124566 -0.029628
v -0.155852 -0.127613 -0.029100
v -0.126881 -0.130660 -0.028571
v -0.097910 -0.133707 -0.028043
v -0.068938 -0.136754 -0.027514
v -0.039967 -0.139801 -0.026986
v -0.142353 -0.128511 0.028835
v -0.200295 -0.122417 0.027778
v -0.084410 -0.134604 0.029892
v -0.229266 -0.119370 0.027250
v -0.171324 -0.125464 0.028307
v -0.113381 -0.131558 0.029364
v -0.055439 -0.137651 0.030421
v -0.243752 -0.117847 0.026986
v -0.214781 -0.120894 0.027514
v -0.185809 -0.123940 0.028043
v -0.156838 -0.126987 0.028571
v -0.127867 -0.130034 0.029100
v -0.098896 -0.133081 0.029628
v -0.069925 -0.136128 0.030156
v -0.040953 -0.139175 0.030685
vt 0.607438 0.218750
vt 0.625000 0.218750
vt 0.625000 0.250000
vt 0.607438 0.250000
vt 0.607438 0.484375
vt 0.625000 0.484375
vt 0.625000 0.500000
vt 0.607438 0.500000
vt 0.607438 0.718750
vt 0.625000 0.718750
vt 0.625000 0.750000
vt 0.607438 0.750000
vt 0.607438 0.984375
vt 0.625000 0.984375
vt 0.625000 1.000000
vt 0.607438 1.000000
vt 0.359375 0.718750
vt 0.375000 0.718750
vt 0.375000 0.750000
vt 0.359375 0.750000
vt 0.859375 0.718750
vt 0.875000 0.718750
vt 0.875000 0.750000
vt 0.859375 0.750000
vt 0.437500 0.984375
vt 0.500000 0.984375
vt 0.500000 1.000000
vt 0.437500 1.000000
vt 0.437500 0.718750
vt 0.500000 0.718750
vt 0.500000 0.750000
vt 0.437500 0.750000
vt 0.437500 0.484375
vt 0.500000 0.484375
vt 0.500000 0.500000
vt 0.437500 0.500000
vt 0.437500 0.218750
vt 0.500000 0.218750
vt 0.500000 0.250000
vt 0.437500 0.250000
vt 0.388788 0.218750
vt 0.388788 0.250000
vt 0.388788 0.484375
vt 0.388788 0.500000
vt 0.388788 0.718750
vt 0.388788 0.750000
vt 0.388788 0.984375
vt 0.388788 1.000000
vt 0.562500 0.984375
vt 0.562500 1.000000
vt 0.562500 0.718750
vt 0.562500 0.750000
vt 0.562500 0.484375
vt 0.562500 0.500000
vt 0.562500 0.218750
vt 0.562500 0.250000
vt 0.500000 0.359375
vt 0.562500 0.359375
vt 0.562500 0.375000
vt 0.500000 0.375000
vt 0.500000 0.859375
vt 0.562500 0.859375
vt 0.562500 0.875000
vt 0.500000 0.875000
vt 0.388788 0.859375
vt 0.437500 0.859375
vt 0.437500 0.875000
vt 0.388788 0.875000
vt 0.388788 0.359375
vt 0.437500 0.359375
vt 0.437500 0.375000
vt 0.388788 0.375000
vt 0.734375 0.718750
vt 0.750000 0.718750
vt 0.750000 0.750000
vt 0.734375 0.750000
vt 0.234375 0.718750
vt 0.250000 0.718750
vt 0.250000 0.750000
vt 0.234375 0.750000
vt 0.607438 0.859375
vt 0.625000 0.859375
vt 0.625000 0.875000
vt 0.607438 0.875000
vt 0.607438 0.359375
vt 0.625000 0.359375
vt 0.625000 0.375000
vt 0.607438 0.375000
vt 0.607438 0.296875
vt 0.625000 0.296875
vt 0.625000 0.312500
vt 0.607438 0.312500
vt 0.171875 0.718750
vt 0.187500 0.718750
vt 0.187500 0.750000
vt 0.171875 0.750000
vt 0.388788 0.296875
vt 0.388788 0.281250
vt 0.388788 0.281250
vt 0.388788 0.296875
vt 0.437500 0.312500
vt 0.388788 0.312500
vt 0.388788 0.312500
vt 0.437500 0.312500
vt 0.607438 0.328125
vt 0.607438 0.343750
vt 0.607438 0.343750
vt 0.607438 0.328125
vt 0.500000 0.921875
vt 0.562500 0.921875
vt 0.562500 0.937500
vt 0.500000 0.937500
vt 0.388788 0.921875
vt 0.437500 0.921875
vt 0.437500 0.937500
vt 0.388788 0.937500
vt 0.796875 0.718750
vt 0.812500 0.718750
vt 0.812500 0.750000
vt 0.796875 0.750000
vt 0.607438 0.921875
vt 0.625000 0.921875
vt 0.625000 0.937500
vt 0.607438 0.937500
vt 0.607438 0.796875
vt 0.625000 0.796875
vt 0.625000 0.812500
vt 0.607438 0.812500
vt 0.671875 0.718750
vt 0.687500 0.718750
vt 0.687500 0.750000
vt 0.671875 0.750000
vt 0.437500 0.796875
vt 0.500000 0.796875
vt 0.500000 0.812500
vt 0.437500 0.812500
vt 0.388788 0.796875
vt 0.388788 0.812500
vt 0.562500 0.796875
vt 0.562500 0.812500
vt 0.500000 0.421875
vt 0.562500 0.421875
vt 0.562500 0.437500
vt 0.500000 0.437500
vt 0.388788 0.421875
vt 0.437500 0.421875
vt 0.437500 0.437500
vt 0.388788 0.437500
vt 0.296875 0.718750
vt 0.312500 0.718750
vt 0.312500 0.750000
vt 0.296875 0.750000
vt 0.607438 0.421875
vt 0.625000 0.421875
vt 0.625000 0.437500
vt 0.607438 0.437500
vt 0.500000 0.265625
vt 0.562500 0.265625
vt 0.562500 0.281250
vt 0.500000 0.281250
vt 0.388788 0.265625
vt 0.437500 0.265625
vt 0.437500 0.281250
vt 0.140625 0.718750
vt 0.156250 0.718750
vt 0.156250 0.750000
vt 0.140625 0.750000
vt 0.607438 0.265625
vt 0.625000 0.265625
vt 0.625000 0.281250
vt 0.607438 0.281250
vt 0.437500 0.484375
vt 0.500000 0.484375
vt 0.607438 0.390625
vt 0.607438 0.406250
vt 0.607438 0.406250
vt 0.607438 0.390625
vt 0.388788 0.968750
vt 0.388788 0.968750
vt 0.388788 0.984375
vt 0.828125 0.718750
vt 0.843750 0.718750
vt 0.843750 0.750000
vt 0.828125 0.750000
vt 0.607438 0.953125
vt 0.625000 0.953125
vt 0.625000 0.968750
vt 0.607438 0.968750
vt 0.607438 0.890625
vt 0.625000 0.890625
vt 0.625000 0.906250
vt 0.607438 0.906250
vt 0.765625 0.718750
vt 0.781250 0.718750
vt 0.781250 0.750000
vt 0.765625 0.750000
vt 0.388788 0.484375
vt 0.607438 0.828125
vt 0.607438 0.843750
vt 0.607438 0.843750
vt 0.607438 0.828125
vt 0.500000 0.421875
vt 0.562500 0.421875
vt 0.625000 0.328125
vt 0.625000 0.343750
vt 0.203125 0.718750
vt 0.218750 0.718750
vt 0.218750 0.750000
vt 0.203125 0.750000
vt 0.437500 0.796875
vt 0.500000 0.796875
vt 0.562500 0.484375
vt 0.625000 0.390625
vt 0.625000 0.406250
vt 0.265625 0.718750
vt 0.281250 0.718750
vt 0.281250 0.750000
vt 0.265625 0.750000
vt 0.607438 0.765625
vt 0.607438 0.781250
vt 0.607438 0.781250
vt 0.607438 0.765625
vt 0.388788 0.421875
vt 0.437500 0.421875
vt 0.388788 0.796875
vt 0.625000 0.828125
vt 0.625000 0.843750
vt 0.703125 0.718750
vt 0.718750 0.718750
vt 0.718750 0.750000
vt 0.703125 0.750000
vt 0.500000 0.765625
vt 0.562500 0.765625
vt 0.562500 0.765625
vt 0.500000 0.765625
vt 0.607438 0.453125
vt 0.607438 0.468750
vt 0.607438 0.468750
vt 0.607438 0.453125
vt 0.500000 0.859375
vt 0.562500 0.859375
vt 0.562500 0.796875
vt 0.388788 0.765625
vt 0.437500 0.765625
vt 0.437500 0.765625
vt 0.388788 0.765625
vt 0.640625 0.718750
vt 0.656250 0.718750
vt 0.656250 0.750000
vt 0.640625 0.750000
vt 0.625000 0.765625
vt 0.625000 0.781250
vt 0.388788 0.859375
vt 0.437500 0.859375
vt 0.500000 0.453125
vt 0.562500 0.453125
vt 0.562500 0.453125
vt 0.500000 0.453125
vt 0.328125 0.718750
vt 0.343750 0.718750
vt 0.343750 0.750000
vt 0.328125 0.750000
vt 0.625000 0.453125
vt 0.625000 0.468750
vt 0.375000 0.453125
vt 0.388788 0.453125
vt 0.388788 0.468750
vt 0.375000 0.468750
vt 0.375000 0.765625
vt 0.388788 0.781250
vt 0.375000 0.781250
vt 0.375000 0.828125
vt 0.388788 0.828125
vt 0.388788 0.843750
vt 0.375000 0.843750
vt 0.375000 0.390625
vt 0.388788 0.390625
vt 0.388788 0.406250
vt 0.375000 0.406250
vt 0.375000 0.328125
vt 0.388788 0.328125
vt 0.388788 0.343750
vt 0.375000 0.343750
vt 0.375000 0.890625
vt 0.388788 0.890625
vt 0.388788 0.906250
vt 0.375000 0.906250
vt 0.375000 0.953125
vt 0.388788 0.953125
vt 0.375000 0.968750
vt 0.375000 0.265625
vt 0.375000 0.281250
vt 0.375000 0.421875
vt 0.375000 0.437500
vt 0.375000 0.796875
vt 0.375000 0.812500
vt 0.375000 0.921875
vt 0.375000 0.937500
vt 0.375000 0.296875
vt 0.375000 0.312500
vt 0.375000 0.359375
vt 0.375000 0.375000
vt 0.375000 0.859375
vt 0.375000 0.875000
vt 0.375000 0.984375
vt 0.375000 1.000000
vt 0.375000 0.484375
vt 0.375000 0.500000
vt 0.375000 0.218750
vt 0.375000 0.250000
vt 0.500000 0.359375
vt 0.562500 0.359375
vt 0.437500 0.453125
vt 0.437500 0.453125
vt 0.388788 0.453125
vt 0.562500 0.312500
vt 0.500000 0.312500
vt 0.500000 0.312500
vt 0.562500 0.312500
vt 0.388788 0.359375
vt 0.437500 0.359375
vt 0.500000 0.921875
vt 0.562500 0.921875
vt 0.388788 0.953125
vt 0.125000 0.718750
vt 0.125000 0.750000
vt 0.388788 0.921875
vt 0.437500 0.921875
vt 0.388788 0.890625
vt 0.388788 0.906250
vt 0.437500 0.828125
vt 0.500000 0.828125
vt 0.500000 0.828125
vt 0.437500 0.828125
vt 0.562500 0.953125
vt 0.500000 0.953125
vt 0.437500 0.953125
vt 0.388788 0.328125
vt 0.388788 0.343750
vt 0.388788 0.828125
vt 0.388788 0.390625
vt 0.388788 0.406250
vt 0.562500 0.328125
vt 0.500000 0.328125
vt 0.437500 0.328125
vt 0.607438 0.312500
vt 0.437500 0.390625
vt 0.500000 0.390625
vt 0.500000 0.390625
vt 0.437500 0.390625
vt 0.562500 0.828125
vt 0.562500 0.828125
vt 0.562500 0.890625
vt 0.500000 0.890625
vt 0.437500 0.890625
vt 0.388788 0.843750
vt 0.607438 0.484375
vt 0.562500 0.390625
vt 0.388788 0.781250
vt 0.500000 0.890625
vt 0.437500 0.890625
vt 0.562500 0.390625
vt 0.437500 0.984375
vt 0.500000 0.984375
vt 0.607438 0.796875
vt 0.388788 0.468750
vt 0.562500 0.953125
vt 0.500000 0.953125
vt 0.500000 0.328125
vt 0.437500 0.328125
vt 0.562500 0.890625
vt 0.437500 0.296875
vt 0.500000 0.296875
vt 0.562500 0.296875
vt 0.562500 0.968750
vt 0.500000 0.968750
vt 0.437500 0.953125
vt 0.437500 0.968750
vt 0.500000 0.906250
vt 0.437500 0.906250
vt 0.562500 0.906250
vt 0.500000 0.343750
vt 0.437500 0.343750
vt 0.562500 0.328125
vt 0.562500 0.343750
vt 0.500000 0.406250
vt 0.437500 0.406250
vt 0.562500 0.406250
vt 0.500000 0.843750
vt 0.437500 0.843750
vt 0.562500 0.843750
vt 0.562500 0.781250
vt 0.500000 0.781250
vt 0.437500 0.781250
vt 0.562500 0.468750
vt 0.500000 0.468750
vt 0.437500 0.468750
vt 0.607438 0.890625
vt 0.607438 0.906250
vt 0.607438 0.953125
vt 0.607438 0.968750
vt 0.607438 0.296875
vt 0.607438 0.984375
vt 0.562500 0.984375
vt 0.562500 0.281250
vt 0.607438 0.281250
vt 0.500000 0.281250
vt 0.437500 0.281250
vt 0.607438 0.921875
vt 0.607438 0.359375
vt 0.607438 0.859375
vt 0.607438 0.421875
vt 0.343750 0.562500
vt 0.359375 0.562500
vt 0.359375 0.625000
vt 0.343750 0.625000
vt 0.625000 0.562500
vt 0.640625 0.562500
vt 0.640625 0.625000
vt 0.625000 0.625000
vt 0.312500 0.562500
vt 0.328125 0.562500
vt 0.328125 0.625000
vt 0.312500 0.625000
vt 0.281250 0.562500
vt 0.296875 0.562500
vt 0.296875 0.625000
vt 0.281250 0.625000
vt 0.250000 0.562500
vt 0.265625 0.562500
vt 0.265625 0.625000
vt 0.250000 0.625000
vt 0.218750 0.562500
vt 0.234375 0.562500
vt 0.234375 0.625000
vt 0.218750 0.625000
vt 0.187500 0.562500
vt 0.203125 0.562500
vt 0.203125 0.625000
vt 0.187500 0.625000
vt 0.156250 0.562500
vt 0.171875 0.562500
vt 0.171875 0.625000
vt 0.156250 0.625000
vt 0.125000 0.562500
vt 0.140625 0.562500
vt 0.140625 0.625000
vt 0.125000 0.625000
vt 0.562500 0.062500
vt 0.607438 0.062500
vt 0.607438 0.125000
vt 0.562500 0.125000
vt 0.562500 0.562500
vt 0.607438 0.562500
vt 0.607438 0.625000
vt 0.562500 0.625000
vt 0.375000 0.062500
vt 0.388788 0.062500
vt 0.388788 0.125000
vt 0.375000 0.125000
vt 0.375000 0.562500
vt 0.388788 0.562500
vt 0.388788 0.625000
vt 0.375000 0.625000
vt 0.500000 0.062500
vt 0.500000 0.125000
vt 0.500000 0.562500
vt 0.500000 0.625000
vt 0.437500 0.562500
vt 0.437500 0.625000
vt 0.437500 0.062500
vt 0.437500 0.125000
vt 0.859375 0.562500
vt 0.875000 0.562500
vt 0.875000 0.625000
vt 0.859375 0.625000
vt 0.625000 0.062500
vt 0.625000 0.125000
vt 0.607438 0.031250
vt 0.625000 0.031250
vt 0.437500 0.031250
vt 0.500000 0.031250
vt 0.388788 0.031250
vt 0.562500 0.031250
vt 0.375000 0.031250
vt 0.359375 0.687500
vt 0.343750 0.687500
vt 0.640625 0.687500
vt 0.625000 0.687500
vt 0.328125 0.687500
vt 0.312500 0.687500
vt 0.296875 0.687500
vt 0.281250 0.687500
vt 0.265625 0.687500
vt 0.250000 0.687500
vt 0.234375 0.687500
vt 0.218750 0.687500
vt 0.203125 0.687500
vt 0.187500 0.687500
vt 0.171875 0.687500
vt 0.156250 0.687500
vt 0.828125 0.718750
vt 0.843750 0.718750
vt 0.140625 0.687500
vt 0.125000 0.687500
vt 0.607438 0.687500
vt 0.562500 0.687500
vt 0.388788 0.687500
vt 0.375000 0.687500
vt 0.828125 0.531250
vt 0.843750 0.531250
vt 0.843750 0.531250
vt 0.828125 0.531250
vt 0.781250 0.718750
vt 0.796875 0.718750
vt 0.781250 0.531250
vt 0.796875 0.531250
vt 0.796875 0.531250
vt 0.781250 0.531250
vt 0.765625 0.718750
vt 0.765625 0.531250
vt 0.765625 0.531250
vt 0.750000 0.718750
vt 0.750000 0.531250
vt 0.750000 0.531250
vt 0.500000 0.687500
vt 0.437500 0.687500
vt 0.875000 0.687500
vt 0.859375 0.687500
vt 0.607438 0.531250
vt 0.625000 0.531250
vt 0.359375 0.531250
vt 0.375000 0.531250
vt 0.859375 0.531250
vt 0.875000 0.531250
vt 0.437500 0.531250
vt 0.500000 0.531250
vt 0.388788 0.531250
vt 0.562500 0.531250
vt 0.703125 0.718750
vt 0.718750 0.718750
vt 0.234375 0.531250
vt 0.250000 0.531250
vt 0.171875 0.531250
vt 0.187500 0.531250
vt 0.703125 0.531250
vt 0.718750 0.531250
vt 0.718750 0.531250
vt 0.703125 0.531250
vt 0.734375 0.718750
vt 0.296875 0.531250
vt 0.312500 0.531250
vt 0.140625 0.531250
vt 0.156250 0.531250
vt 0.734375 0.531250
vt 0.734375 0.531250
vt 0.640625 0.718750
vt 0.656250 0.718750
vt 0.203125 0.531250
vt 0.218750 0.531250
vt 0.265625 0.531250
vt 0.281250 0.531250
vt 0.640625 0.531250
vt 0.656250 0.531250
vt 0.656250 0.531250
vt 0.640625 0.531250
vt 0.687500 0.718750
vt 0.328125 0.531250
vt 0.343750 0.531250
vt 0.125000 0.531250
vt 0.687500 0.531250
vt 0.687500 0.531250
vt 0.859375 0.562500
vt 0.859375 0.531250
vt 0.640625 0.562500
vt 0.859375 0.687500
vt 0.859375 0.625000
vt 0.640625 0.625000
vt 0.640625 0.687500
vt 0.607438 0.187500
vt 0.562500 0.187500
vt 0.388788 0.187500
vt 0.375000 0.187500
vt 0.500000 0.187500
vt 0.437500 0.187500
vt 0.625000 0.187500
vt 0.343750 0.500000
vt 0.359375 0.500000
vt 0.640625 0.500000
vt 0.656250 0.500000
vt 0.671875 0.500000
vt 0.671875 0.531250
vt 0.312500 0.500000
vt 0.328125 0.500000
vt 0.281250 0.500000
vt 0.296875 0.500000
vt 0.687500 0.500000
vt 0.703125 0.500000
vt 0.718750 0.500000
vt 0.734375 0.500000
vt 0.250000 0.500000
vt 0.265625 0.500000
vt 0.218750 0.500000
vt 0.234375 0.500000
vt 0.750000 0.500000
vt 0.765625 0.500000
vt 0.781250 0.500000
vt 0.796875 0.500000
vt 0.187500 0.500000
vt 0.203125 0.500000
vt 0.156250 0.500000
vt 0.171875 0.500000
vt 0.812500 0.500000
vt 0.828125 0.500000
vt 0.812500 0.531250
vt 0.843750 0.500000
vt 0.859375 0.500000
vt 0.125000 0.500000
vt 0.140625 0.500000
vt 0.875000 0.500000
vt 0.562500 0.000000
vt 0.607438 0.000000
vt 0.375000 0.000000
vt 0.388788 0.000000
vt 0.500000 0.000000
vt 0.437500 0.000000
vt 0.625000 0.000000
vt 0.671875 0.718750
vt 0.671875 0.531250
vt 0.812500 0.718750
vt 0.812500 0.531250
vt 0.859375 0.718750
vt 0.656250 0.562500
vt 0.671875 0.562500
vt 0.671875 0.625000
vt 0.656250 0.625000
vt 0.687500 0.562500
vt 0.703125 0.562500
vt 0.703125 0.625000
vt 0.687500 0.625000
vt 0.718750 0.562500
vt 0.734375 0.562500
vt 0.734375 0.625000
vt 0.718750 0.625000
vt 0.750000 0.562500
vt 0.765625 0.562500
vt 0.765625 0.625000
vt 0.750000 0.625000
vt 0.781250 0.562500
vt 0.796875 0.562500
vt 0.796875 0.625000
vt 0.781250 0.625000
vt 0.812500 0.562500
vt 0.828125 0.562500
vt 0.828125 0.625000
vt 0.812500 0.625000
vt 0.843750 0.562500
vt 0.843750 0.625000
vt 0.671875 0.687500
vt 0.656250 0.687500
vt 0.703125 0.687500
vt 0.687500 0.687500
vt 0.734375 0.687500
vt 0.718750 0.687500
vt 0.765625 0.687500
vt 0.750000 0.687500
vt 0.796875 0.687500
vt 0.781250 0.687500
vt 0.828125 0.687500
vt 0.812500 0.687500
vt 0.843750 0.687500
vn -0.9880 -0.1544 0.0000
vn -0.0000 0.0000 -1.0000
vn 0.9962 -0.0868 0.0000
vn -0.0000 0.0000 1.0000
vn -0.7211 -0.6928 0.0000
vn 0.0200 0.9998 0.0000
vn 0.8671 -0.4981 0.0000
vn -0.8310 0.5562 0.0000
vn -0.6008 0.7994 0.0000
vn 0.7197 -0.6943 0.0000
vn 0.9143 -0.4051 0.0000
vn -0.9131 0.4078 0.0000
vn 0.6931 0.7209 0.0000
vn -0.6407 0.7678 0.0000
vn -0.0706 -0.9975 0.0000
vn -0.8658 0.5004 0.0000
vn -0.7147 0.6994 0.0000
vn -0.9140 0.4057 0.0000
vn 0.8628 -0.5055 0.0000
vn -0.9142 0.4052 0.0000
vn -0.6924 0.7215 0.0000
vn 0.7041 -0.7101 0.0000
vn 0.9139 -0.4059 0.0000
vn -0.8596 0.5110 0.0000
vn 0.9141 -0.4054 0.0000
vn 0.6795 -0.7337 0.0000
vn -0.9138 0.4063 0.0000
vn 0.8559 -0.5172 0.0000
vn -0.9135 0.4068 0.0000
vn -0.6652 0.7467 0.0000
vn 0.9136 -0.4066 0.0000
vn -0.8517 0.5241 0.0000
vn 0.6493 -0.7605 0.0000
vn -0.8442 0.5361 0.0000
vn 0.8468 -0.5318 0.0000
vn -0.9977 -0.0683 0.0000
vn -0.9970 0.0777 0.0000
vn 0.9983 -0.0578 0.0000
vn 0.8347 -0.5506 0.0000
vn 0.6117 -0.7911 0.0000
vn -0.9994 0.0356 0.0000
vn -0.9134 0.4071 0.0000
vn 0.9915 0.1305 0.0000
vn 0.9133 -0.4073 0.0000
vn 0.6219 -0.7831 0.0000
vn -0.9962 -0.0876 0.0000
vn 0.8381 -0.5455 0.0000
vn 0.9987 0.0503 0.0000
vn 0.9941 0.1082 0.0000
vn -0.9998 -0.0179 0.0000
vn 0.9999 -0.0105 0.0000
vn -0.8413 0.5406 0.0000
vn -0.6316 0.7753 0.0000
vn 0.9132 -0.4076 0.0000
vn 0.0166 0.1211 -0.9925
vn -0.0162 -0.1155 0.9932
vn 0.0117 0.0421 -0.9990
vn -0.0116 -0.0404 0.9991
vn 0.0105 0.0233 -0.9997
vn -0.0105 -0.0224 0.9997
vn 0.0095 0.0071 -0.9999
vn -0.0095 -0.0067 0.9999
vn 0.0072 -0.0306 -0.9995
vn -0.0072 0.0299 0.9995
vn 0.0079 -0.0196 -0.9998
vn -0.0079 0.0192 0.9998
vn 0.0051 -0.0644 -0.9979
vn -0.0051 0.0632 0.9980
vn 0.0066 -0.0404 -0.9992
vn -0.0066 0.0396 0.9992
vn 0.0087 -0.0071 -0.9999
vn 0.9997 0.0240 0.0084
vn -0.0087 0.0070 0.9999
vn -0.9995 0.0296 -0.0087
vn 0.9995 -0.0315 0.0087
vn -0.9987 0.0509 -0.0088
vn 1.0000 0.0007 0.0085
vn 0.0055 -0.0572 -0.9983
vn -0.9992 0.0387 -0.0088
vn -0.0056 0.0561 0.9984
vn 0.0131 0.0640 -0.9979
vn -0.0129 -0.0614 0.9980
vn 0.0189 0.1589 -0.9871
vn -0.0184 -0.1509 0.9884
vn 0.0060 -0.0493 -0.9988
vn -0.0061 0.0482 0.9988
vn 0.0147 0.0900 -0.9958
vn -0.0144 -0.0861 0.9962
vn 0.9984 -0.0564 0.0088
vn -0.9981 0.0602 -0.0089
vn 0.1048 0.9945 -0.0090
vn 0.1047 0.9945 -0.0090
usemtl metal_clip
s off
f 1529/1352/161 1523/1353/161 1099/1354/161 1184/1355/161
f 1309/1356/162 1296/1357/162 1103/1358/162 1185/1359/162
f 1587/1360/163 1568/1361/163 1101/1362/163 1186/1363/163
f 1214/1364/164 1202/1365/164 1097/1366/164 1183/1367/164
f 1603/1368/165 1605/1369/165 1100/1370/165 1297/1371/165
f 1589/1372/166 1604/1373/166 1097/1374/166 1202/1375/166
f 1204/1376/164 1203/1377/164 1104/1378/164 1111/1379/164
f 1570/1380/167 1569/1381/167 1107/1382/167 1110/1383/167
f 1299/1384/162 1298/1385/162 1106/1386/162 1109/1387/162
f 1526/1388/168 1525/1389/168 1105/1390/168 1108/1391/168
f 1528/1392/169 1526/1388/169 1108/1391/169 1165/1393/169
f 1307/1394/162 1299/1384/162 1109/1387/162 1166/1395/162
f 1586/1396/170 1570/1380/170 1110/1383/170 1167/1397/170
f 1212/1398/164 1204/1376/164 1111/1379/164 1168/1399/164
f 1203/1377/164 1205/1400/164 1112/1401/164 1104/1378/164
f 1569/1381/171 1571/1402/171 1115/1403/171 1107/1382/171
f 1298/1385/162 1300/1404/162 1114/1405/162 1106/1386/162
f 1525/1389/172 1527/1406/172 1113/1407/172 1105/1390/172
f 1242/1408/162 1244/1409/162 1125/1410/162 1121/1411/162
f 1256/1412/164 1258/1413/164 1124/1414/164 1120/1415/164
f 1265/1416/164 1257/1417/164 1123/1418/164 1169/1419/164
f 1251/1420/162 1243/1421/162 1122/1422/162 1170/1423/162
f 1243/1421/162 1242/1408/162 1121/1411/162 1122/1422/162
f 1257/1417/164 1256/1412/164 1120/1415/164 1123/1418/164
f 1597/1424/166 1572/1425/166 1119/1426/166 1255/1427/166
f 1595/1428/165 1573/1429/165 1118/1430/165 1241/1431/165
f 1267/1432/164 1255/1433/164 1119/1434/164 1187/1435/164
f 1253/1436/162 1240/1437/162 1117/1438/162 1188/1439/162
f 1225/1440/162 1215/1441/162 1131/1442/162 1189/1443/162
f 1591/1444/165 1574/1445/165 1132/1446/165 1216/1447/165
f 1223/1448/173 1175/1449/173 1371/1450/173 1386/1451/173
f 1134/1452/174 1171/1453/174 1370/1454/174 1313/1455/174
f 1238/1456/175 1196/1457/175 1341/1458/175 1391/1459/175
f 1228/1460/164 1230/1461/164 1130/1462/164 1128/1463/164
f 1237/1464/164 1229/1465/164 1129/1466/164 1172/1467/164
f 1229/1465/164 1228/1460/164 1128/1463/164 1129/1466/164
f 1593/1468/166 1575/1469/166 1127/1470/166 1227/1471/166
f 1239/1472/164 1227/1473/164 1127/1474/164 1190/1475/164
f 1295/1476/164 1283/1477/164 1142/1478/164 1191/1479/164
f 1601/1480/166 1576/1481/166 1142/1482/166 1283/1483/166
f 1285/1484/164 1284/1485/164 1143/1486/164 1144/1487/164
f 1293/1488/164 1285/1484/164 1144/1487/164 1173/1489/164
f 1284/1485/164 1286/1490/164 1145/1491/164 1143/1486/164
f 1270/1492/162 1272/1493/162 1140/1494/162 1138/1495/162
f 1279/1496/162 1271/1497/162 1139/1498/162 1174/1499/162
f 1271/1497/162 1270/1492/162 1138/1495/162 1139/1498/162
f 1599/1500/165 1577/1501/165 1137/1502/165 1269/1503/165
f 1281/1504/162 1268/1505/162 1136/1506/162 1192/1507/162
f 1208/1508/162 1210/1509/162 1152/1510/162 1150/1511/162
f 1211/1512/162 1209/1513/162 1151/1514/162 1175/1449/162
f 1209/1513/162 1208/1508/162 1150/1511/162 1151/1514/162
f 1588/1515/165 1578/1516/165 1149/1517/165 1207/1518/165
f 1213/1519/162 1206/1520/162 1148/1521/162 1193/1522/162
f 1298/1385/176 1299/1384/176 1426/1523/176 1425/1524/176
f 1266/1525/175 1197/1526/175 1354/1527/175 1390/1528/175
f 1212/1398/173 1176/1529/173 1372/1530/173 1398/1531/173
f 1590/1532/166 1579/1533/166 1147/1534/166 1218/1535/166
f 1224/1536/164 1218/1537/164 1147/1538/164 1194/1539/164
f 1252/1540/164 1246/1541/164 1156/1542/164 1195/1543/164
f 1594/1544/166 1580/1545/166 1156/1546/166 1246/1547/166
f 1299/1384/177 1307/1394/177 1428/1548/177 1426/1523/177
f 1280/1549/175 1198/1550/175 1355/1551/175 1389/1552/175
f 1272/1493/178 1270/1492/178 1415/1553/178 1417/1554/178
f 1238/1456/162 1231/1555/162 1153/1556/162 1196/1457/162
f 1592/1557/165 1581/1558/165 1154/1559/165 1232/1560/165
f 1284/1485/179 1285/1484/179 1421/1561/179 1420/1562/179
f 1171/1453/173 1223/1448/173 1386/1451/173 1370/1454/173
f 1300/1404/180 1298/1385/180 1425/1524/180 1427/1563/180
f 1266/1525/162 1259/1564/162 1159/1565/162 1197/1526/162
f 1596/1566/165 1582/1567/165 1160/1568/165 1260/1569/165
f 1308/1570/175 1199/1571/175 1368/1572/175 1388/1573/175
f 1271/1497/181 1279/1496/181 1418/1574/181 1416/1575/181
f 1285/1484/182 1293/1488/182 1423/1576/182 1421/1561/182
f 1280/1549/164 1274/1577/164 1158/1578/164 1198/1550/164
f 1598/1579/166 1583/1580/166 1158/1581/166 1274/1582/166
f 1303/1583/180 1305/1584/180 1366/1585/180 1362/1586/180
f 1294/1587/175 1200/1588/175 1369/1589/175 1387/1590/175
f 1258/1413/183 1256/1412/183 1410/1591/183 1412/1592/183
f 1270/1492/184 1271/1497/184 1416/1575/184 1415/1553/184
f 1286/1490/185 1284/1485/185 1420/1562/185 1422/1593/185
f 1306/1594/177 1304/1595/177 1364/1596/177 1380/1597/177
f 1602/1598/166 1584/1599/166 1164/1600/166 1302/1601/166
f 1308/1570/164 1302/1602/164 1164/1603/164 1199/1571/164
f 1257/1417/186 1265/1416/186 1413/1604/186 1411/1605/186
f 1289/1606/185 1291/1607/185 1360/1608/185 1356/1609/185
f 1304/1595/176 1303/1583/176 1362/1586/176 1364/1596/176
f 1600/1610/165 1585/1611/165 1162/1612/165 1288/1613/165
f 1294/1587/162 1287/1614/162 1161/1615/162 1200/1588/162
f 1282/1616/162 1292/1617/162 1182/1618/162 1163/1619/162
f 1297/1620/164 1306/1594/164 1181/1621/164 1162/1622/164
f 1269/1623/164 1278/1624/164 1180/1625/164 1160/1626/164
f 1254/1627/162 1264/1628/162 1179/1629/162 1157/1630/162
f 1226/1631/162 1236/1632/162 1178/1633/162 1155/1634/162
f 1241/1635/164 1250/1636/164 1177/1637/164 1154/1638/164
f 1216/1639/164 1222/1640/164 1176/1529/164 1149/1641/164
f 1201/1642/162 1211/1512/162 1175/1449/162 1146/1643/162
f 1273/1644/162 1279/1496/162 1174/1499/162 1141/1645/162
f 1288/1646/164 1293/1488/164 1173/1489/164 1137/1647/164
f 1232/1648/164 1237/1464/164 1172/1467/164 1132/1649/164
f 1217/1650/162 1223/1448/162 1171/1453/162 1126/1651/162
f 1245/1652/162 1251/1420/162 1170/1423/162 1116/1653/162
f 1260/1654/164 1265/1416/164 1169/1419/164 1118/1655/164
f 1207/1656/164 1212/1398/164 1168/1399/164 1096/1657/164
f 1605/1369/170 1586/1396/170 1167/1397/170 1100/1370/170
f 1301/1658/162 1307/1394/162 1166/1395/162 1102/1659/162
f 1530/1660/169 1528/1392/169 1165/1393/169 1098/1661/169
f 1244/1409/187 1242/1408/187 1405/1662/187 1407/1663/187
f 1256/1412/188 1257/1417/188 1411/1605/188 1410/1591/188
f 1292/1617/182 1290/1664/182 1358/1665/182 1379/1666/182
f 1135/1667/189 1133/1668/189 1311/1669/189 1315/1670/189
f 1243/1421/190 1251/1420/190 1408/1671/190 1406/1672/190
f 1290/1664/179 1289/1606/179 1356/1609/179 1358/1665/179
f 1230/1461/191 1228/1460/191 1400/1673/191 1402/1674/191
f 1210/1509/162 1213/1519/162 1193/1522/162 1152/1510/162
f 1272/1493/162 1281/1504/162 1192/1507/162 1140/1494/162
f 1286/1490/164 1295/1476/164 1191/1479/164 1145/1491/164
f 1230/1461/164 1239/1472/164 1190/1475/164 1130/1462/164
f 1176/1529/173 1222/1640/173 1385/1675/173 1372/1530/173
f 1244/1409/162 1253/1436/162 1188/1439/162 1125/1410/162
f 1258/1413/164 1267/1432/164 1187/1435/164 1124/1414/164
f 1205/1400/164 1214/1364/164 1183/1367/164 1112/1401/164
f 1571/1402/163 1587/1360/163 1186/1363/163 1115/1403/163
f 1300/1404/162 1309/1356/162 1185/1359/162 1114/1405/162
f 1527/1406/161 1529/1352/161 1184/1355/161 1113/1407/161
f 1242/1408/192 1243/1421/192 1406/1672/192 1405/1662/192
f 1113/1407/162 1184/1355/162 1213/1519/162 1210/1509/162
f 1149/1641/164 1176/1529/164 1212/1398/164 1207/1656/164
f 1098/1661/162 1165/1393/162 1211/1512/162 1201/1642/162
f 1184/1355/162 1099/1354/162 1206/1520/162 1213/1519/162
f 1567/1676/165 1588/1515/165 1207/1518/165 1096/1677/165
f 1108/1391/162 1105/1390/162 1208/1508/162 1209/1513/162
f 1165/1393/162 1108/1391/162 1209/1513/162 1211/1512/162
f 1105/1390/162 1113/1407/162 1210/1509/162 1208/1508/162
f 1229/1465/193 1237/1464/193 1403/1678/193 1401/1679/193
f 1177/1637/173 1250/1636/173 1384/1680/173 1373/1681/173
f 1133/1668/194 1134/1452/194 1313/1455/194 1311/1669/194
f 1579/1533/166 1589/1372/166 1202/1375/166 1147/1534/166
f 1194/1539/164 1147/1538/164 1202/1365/164 1214/1364/164
f 1276/1682/184 1275/1683/184 1342/1684/184 1344/1685/184
f 1130/1462/164 1190/1475/164 1224/1536/164 1221/1686/164
f 1146/1643/162 1175/1449/162 1223/1448/162 1217/1650/162
f 1132/1649/164 1172/1467/164 1222/1640/164 1216/1639/164
f 1190/1475/164 1127/1474/164 1218/1537/164 1224/1536/164
f 1575/1469/166 1590/1532/166 1218/1535/166 1127/1470/166
f 1129/1466/164 1128/1463/164 1219/1687/164 1220/1688/164
f 1172/1467/164 1129/1466/164 1220/1688/164 1222/1640/164
f 1128/1463/164 1130/1462/164 1221/1686/164 1219/1687/164
f 1228/1460/195 1229/1465/195 1401/1679/195 1400/1673/195
f 1178/1633/173 1236/1632/173 1383/1689/173 1374/1690/173
f 1278/1624/181 1276/1682/181 1344/1685/181 1381/1691/181
f 1578/1516/165 1591/1444/165 1216/1447/165 1149/1517/165
f 1193/1522/162 1148/1521/162 1215/1441/162 1225/1440/162
f 1179/1629/173 1264/1628/173 1382/1692/173 1375/1693/173
f 1135/1667/162 1189/1443/162 1238/1456/162 1235/1694/162
f 1154/1638/164 1177/1637/164 1237/1464/164 1232/1648/164
f 1126/1651/162 1171/1453/162 1236/1632/162 1226/1631/162
f 1133/1668/162 1135/1667/162 1235/1694/162 1233/1695/162
f 1171/1453/162 1134/1452/162 1234/1696/162 1236/1632/162
f 1134/1452/162 1133/1668/162 1233/1695/162 1234/1696/162
f 1574/1445/165 1592/1557/165 1232/1560/165 1132/1446/165
f 1189/1443/162 1131/1442/162 1231/1555/162 1238/1456/162
f 1195/1543/164 1156/1542/164 1227/1473/164 1239/1472/164
f 1580/1545/166 1593/1468/166 1227/1471/166 1156/1546/166
f 1189/1443/196 1135/1667/196 1315/1670/196 1316/1697/196
f 1305/1584/197 1308/1570/197 1388/1573/197 1366/1585/197
f 1262/1698/188 1261/1699/188 1348/1700/188 1350/1701/188
f 1275/1683/178 1277/1702/178 1346/1703/178 1342/1684/178
f 1124/1414/164 1187/1435/164 1252/1540/164 1249/1704/164
f 1155/1634/162 1178/1633/162 1251/1420/162 1245/1652/162
f 1118/1655/164 1169/1419/164 1250/1636/164 1241/1635/164
f 1120/1415/164 1124/1414/164 1249/1704/164 1247/1705/164
f 1169/1419/164 1123/1418/164 1248/1706/164 1250/1636/164
f 1123/1418/164 1120/1415/164 1247/1705/164 1248/1706/164
f 1572/1425/166 1594/1544/166 1246/1547/166 1119/1426/166
f 1187/1435/164 1119/1434/164 1246/1541/164 1252/1540/164
f 1196/1457/162 1153/1556/162 1240/1437/162 1253/1436/162
f 1581/1558/165 1595/1428/165 1241/1431/165 1154/1559/165
f 1180/1625/173 1278/1624/173 1381/1691/173 1376/1707/173
f 1309/1356/197 1300/1404/197 1427/1563/197 1429/1708/197
f 1264/1628/186 1262/1698/186 1350/1701/186 1382/1692/186
f 1291/1607/198 1294/1587/198 1387/1590/198 1360/1608/198
f 1125/1410/162 1188/1439/162 1266/1525/162 1263/1709/162
f 1160/1626/164 1180/1625/164 1265/1416/164 1260/1654/164
f 1116/1653/162 1170/1423/162 1264/1628/162 1254/1627/162
f 1121/1411/162 1125/1410/162 1263/1709/162 1261/1699/162
f 1170/1423/162 1122/1422/162 1262/1698/162 1264/1628/162
f 1122/1422/162 1121/1411/162 1261/1699/162 1262/1698/162
f 1573/1429/165 1596/1566/165 1260/1569/165 1118/1430/165
f 1188/1439/162 1117/1438/162 1259/1564/162 1266/1525/162
f 1198/1550/164 1158/1578/164 1255/1433/164 1267/1432/164
f 1583/1580/166 1597/1424/166 1255/1427/166 1158/1581/166
f 1181/1621/173 1306/1594/173 1380/1597/173 1377/1710/173
f 1200/1588/175 1309/1356/175 1429/1708/175 1369/1589/175
f 1248/1706/192 1247/1705/192 1334/1711/192 1336/1712/192
f 1261/1699/183 1263/1709/183 1352/1713/183 1348/1700/183
f 1145/1491/164 1191/1479/164 1280/1549/164 1277/1702/164
f 1157/1630/162 1179/1629/162 1279/1496/162 1273/1644/162
f 1137/1647/164 1173/1489/164 1278/1624/164 1269/1623/164
f 1143/1486/164 1145/1491/164 1277/1702/164 1275/1683/164
f 1173/1489/164 1144/1487/164 1276/1682/164 1278/1624/164
f 1144/1487/164 1143/1486/164 1275/1683/164 1276/1682/164
f 1576/1481/166 1598/1579/166 1274/1582/166 1142/1482/166
f 1191/1479/164 1142/1478/164 1274/1577/164 1280/1549/164
f 1197/1526/162 1159/1565/162 1268/1505/162 1281/1504/162
f 1582/1567/165 1599/1500/165 1269/1503/165 1160/1568/165
f 1203/1377/199 1204/1376/199 1396/1714/199 1395/1715/199
f 1295/1476/198 1286/1490/198 1422/1593/198 1424/1716/198
f 1182/1618/173 1292/1617/173 1379/1666/173 1378/1717/173
f 1250/1636/190 1248/1706/190 1336/1712/190 1384/1680/190
f 1140/1494/162 1192/1507/162 1294/1587/162 1291/1607/162
f 1162/1622/164 1181/1621/164 1293/1488/164 1288/1646/164
f 1141/1645/162 1174/1499/162 1292/1617/162 1282/1616/162
f 1192/1507/162 1136/1506/162 1287/1614/162 1294/1587/162
f 1577/1501/165 1600/1610/165 1288/1613/165 1137/1502/165
f 1139/1498/162 1138/1495/162 1289/1606/162 1290/1664/162
f 1174/1499/162 1139/1498/162 1290/1664/162 1292/1617/162
f 1138/1495/162 1140/1494/162 1291/1607/162 1289/1606/162
f 1204/1376/200 1212/1398/200 1398/1531/200 1396/1714/200
f 1277/1702/201 1280/1549/201 1389/1552/201 1346/1703/201
f 1219/1687/202 1221/1686/202 1321/1718/202 1317/1719/202
f 1584/1599/166 1601/1480/166 1283/1483/166 1164/1600/166
f 1199/1571/164 1164/1603/164 1283/1477/164 1295/1476/164
f 1199/1571/175 1295/1476/175 1424/1716/175 1368/1572/175
f 1115/1403/164 1186/1363/164 1308/1570/164 1305/1584/164
f 1163/1619/162 1182/1618/162 1307/1394/162 1301/1658/162
f 1100/1370/164 1167/1397/164 1306/1594/164 1297/1620/164
f 1186/1363/164 1101/1362/164 1302/1602/164 1308/1570/164
f 1568/1361/166 1602/1598/166 1302/1601/166 1101/1362/166
f 1110/1383/164 1107/1382/164 1303/1583/164 1304/1595/164
f 1167/1397/164 1110/1383/164 1304/1595/164 1306/1594/164
f 1107/1382/164 1115/1403/164 1305/1584/164 1303/1583/164
f 1234/1696/195 1233/1695/195 1328/1720/195 1330/1721/195
f 1307/1394/173 1182/1618/173 1378/1717/173 1428/1548/173
f 1247/1705/187 1249/1704/187 1338/1722/187 1334/1711/187
f 1585/1611/165 1603/1368/165 1297/1371/165 1162/1612/165
f 1200/1588/162 1161/1615/162 1296/1357/162 1309/1356/162
f 1312/1723/162 1310/1724/162 1311/1669/162 1313/1455/162
f 1386/1451/162 1312/1723/162 1313/1455/162 1370/1454/162
f 1310/1724/162 1314/1725/162 1315/1670/162 1311/1669/162
f 1317/1719/164 1321/1718/164 1322/1726/164 1318/1727/164
f 1385/1675/164 1319/1728/164 1320/1729/164 1372/1530/164
f 1319/1728/164 1317/1719/164 1318/1727/164 1320/1729/164
f 1336/1712/164 1334/1711/164 1335/1730/164 1337/1731/164
f 1384/1680/164 1336/1712/164 1337/1731/164 1373/1681/164
f 1334/1711/164 1338/1722/164 1339/1732/164 1335/1730/164
f 1330/1721/162 1328/1720/162 1329/1733/162 1331/1734/162
f 1383/1689/162 1330/1721/162 1331/1734/162 1374/1690/162
f 1328/1720/162 1332/1735/162 1333/1736/162 1329/1733/162
f 1350/1701/162 1348/1700/162 1349/1737/162 1351/1738/162
f 1382/1692/162 1350/1701/162 1351/1738/162 1375/1693/162
f 1348/1700/162 1352/1713/162 1353/1739/162 1349/1737/162
f 1344/1685/164 1342/1684/164 1343/1740/164 1345/1741/164
f 1381/1691/164 1344/1685/164 1345/1741/164 1376/1707/164
f 1342/1684/164 1346/1703/164 1347/1742/164 1343/1740/164
f 1362/1586/164 1366/1585/164 1367/1743/164 1363/1744/164
f 1380/1597/164 1364/1596/164 1365/1745/164 1377/1710/164
f 1364/1596/164 1362/1586/164 1363/1744/164 1365/1745/164
f 1356/1609/162 1360/1608/162 1361/1746/162 1357/1747/162
f 1379/1666/162 1358/1665/162 1359/1748/162 1378/1717/162
f 1358/1665/162 1356/1609/162 1357/1747/162 1359/1748/162
f 1360/1608/162 1387/1590/162 1369/1589/162 1361/1746/162
f 1366/1585/164 1388/1573/164 1368/1572/164 1367/1743/164
f 1346/1703/164 1389/1552/164 1355/1551/164 1347/1742/164
f 1352/1713/162 1390/1528/162 1354/1527/162 1353/1739/162
f 1332/1735/162 1391/1459/162 1341/1458/162 1333/1736/162
f 1338/1722/164 1392/1749/164 1340/1750/164 1339/1732/164
f 1321/1718/164 1393/1751/164 1327/1752/164 1322/1726/164
f 1314/1725/162 1394/1753/162 1316/1697/162 1315/1670/162
f 1322/1726/164 1327/1752/164 1399/1754/164 1397/1755/164
f 1318/1727/164 1322/1726/164 1397/1755/164 1395/1715/164
f 1372/1530/164 1320/1729/164 1396/1714/164 1398/1531/164
f 1320/1729/164 1318/1727/164 1395/1715/164 1396/1714/164
f 1323/1756/162 1326/1757/162 1394/1753/162 1314/1725/162
f 1324/1758/162 1323/1756/162 1314/1725/162 1310/1724/162
f 1371/1450/162 1325/1759/162 1312/1723/162 1386/1451/162
f 1325/1759/162 1324/1758/162 1310/1724/162 1312/1723/162
f 1339/1732/164 1340/1750/164 1404/1760/164 1402/1674/164
f 1337/1731/164 1335/1730/164 1400/1673/164 1401/1679/164
f 1373/1681/164 1337/1731/164 1401/1679/164 1403/1678/164
f 1335/1730/164 1339/1732/164 1402/1674/164 1400/1673/164
f 1333/1736/162 1341/1458/162 1409/1761/162 1407/1663/162
f 1331/1734/162 1329/1733/162 1405/1662/162 1406/1672/162
f 1374/1690/162 1331/1734/162 1406/1672/162 1408/1671/162
f 1329/1733/162 1333/1736/162 1407/1663/162 1405/1662/162
f 1347/1742/164 1355/1551/164 1414/1762/164 1412/1592/164
f 1345/1741/164 1343/1740/164 1410/1591/164 1411/1605/164
f 1376/1707/164 1345/1741/164 1411/1605/164 1413/1604/164
f 1343/1740/164 1347/1742/164 1412/1592/164 1410/1591/164
f 1353/1739/162 1354/1527/162 1419/1763/162 1417/1554/162
f 1351/1738/162 1349/1737/162 1415/1553/162 1416/1575/162
f 1375/1693/162 1351/1738/162 1416/1575/162 1418/1574/162
f 1349/1737/162 1353/1739/162 1417/1554/162 1415/1553/162
f 1367/1743/164 1368/1572/164 1424/1716/164 1422/1593/164
f 1363/1744/164 1367/1743/164 1422/1593/164 1420/1562/164
f 1377/1710/164 1365/1745/164 1421/1561/164 1423/1576/164
f 1365/1745/164 1363/1744/164 1420/1562/164 1421/1561/164
f 1361/1746/162 1369/1589/162 1429/1708/162 1427/1563/162
f 1357/1747/162 1361/1746/162 1427/1563/162 1425/1524/162
f 1378/1717/162 1359/1748/162 1426/1523/162 1428/1548/162
f 1359/1748/162 1357/1747/162 1425/1524/162 1426/1523/162
f 1194/1539/175 1214/1364/175 1399/1754/175 1327/1752/175
f 1252/1540/175 1195/1543/175 1340/1750/175 1392/1749/175
f 1214/1364/203 1205/1400/203 1397/1755/203 1399/1754/203
f 1224/1536/175 1194/1539/175 1327/1752/175 1393/1751/175
f 1237/1464/173 1177/1637/173 1373/1681/173 1403/1678/173
f 1193/1522/175 1225/1440/175 1394/1753/175 1326/1757/175
f 1150/1511/204 1152/1510/204 1323/1756/204 1324/1758/204
f 1251/1420/173 1178/1633/173 1374/1690/173 1408/1671/173
f 1175/1449/205 1151/1514/205 1325/1759/205 1371/1450/205
f 1195/1543/175 1239/1472/175 1404/1760/175 1340/1750/175
f 1221/1686/206 1224/1536/206 1393/1751/206 1321/1718/206
f 1151/1514/207 1150/1511/207 1324/1758/207 1325/1759/207
f 1239/1472/208 1230/1461/208 1402/1674/208 1404/1760/208
f 1265/1416/173 1180/1625/173 1376/1707/173 1413/1604/173
f 1196/1457/175 1253/1436/175 1409/1761/175 1341/1458/175
f 1235/1694/208 1238/1456/208 1391/1459/208 1332/1735/208
f 1152/1510/209 1193/1522/209 1326/1757/209 1323/1756/209
f 1225/1440/175 1189/1443/175 1316/1697/175 1394/1753/175
f 1253/1436/210 1244/1409/210 1407/1663/210 1409/1761/210
f 1279/1496/173 1179/1629/173 1375/1693/173 1418/1574/173
f 1198/1550/175 1267/1432/175 1414/1762/175 1355/1551/175
f 1249/1704/210 1252/1540/210 1392/1749/210 1338/1722/210
f 1267/1432/211 1258/1413/211 1412/1592/211 1414/1762/211
f 1233/1695/191 1235/1694/191 1332/1735/191 1328/1720/191
f 1293/1488/173 1181/1621/173 1377/1710/173 1423/1576/173
f 1220/1688/212 1219/1687/212 1317/1719/212 1319/1728/212
f 1197/1526/175 1281/1504/175 1419/1763/175 1354/1527/175
f 1263/1709/211 1266/1525/211 1390/1528/211 1352/1713/211
f 1236/1632/193 1234/1696/193 1330/1721/193 1383/1689/193
f 1222/1640/213 1220/1688/213 1319/1728/213 1385/1675/213
f 1281/1504/201 1272/1493/201 1417/1554/201 1419/1763/201
f 1205/1400/214 1203/1377/214 1395/1715/214 1397/1755/214
f 1510/1764/165 1522/1765/165 1460/1766/165 1446/1767/165
f 1500/1768/166 1521/1769/166 1459/1770/166 1433/1771/166
f 1506/1772/165 1520/1773/165 1458/1774/165 1442/1775/165
f 1509/1776/165 1519/1777/165 1457/1778/165 1445/1779/165
f 1504/1780/165 1518/1781/165 1456/1782/165 1440/1783/165
f 1508/1784/165 1517/1785/165 1455/1786/165 1444/1787/165
f 1505/1788/165 1516/1789/165 1454/1790/165 1441/1791/165
f 1507/1792/165 1515/1793/165 1453/1794/165 1443/1795/165
f 1499/1796/165 1513/1797/165 1451/1798/165 1430/1799/165
f 1489/1800/161 1491/1801/161 1450/1802/161 1439/1803/161
f 1503/1804/163 1512/1805/163 1449/1806/163 1438/1807/163
f 1461/1808/169 1490/1809/169 1448/1810/169 1430/1811/169
f 1493/1812/170 1511/1813/170 1447/1814/170 1432/1815/170
f 1520/1773/165 1510/1764/165 1446/1767/165 1458/1774/165
f 1518/1781/165 1509/1776/165 1445/1779/165 1456/1782/165
f 1516/1789/165 1508/1784/165 1444/1787/165 1454/1790/165
f 1513/1797/165 1507/1792/165 1443/1795/165 1451/1798/165
f 1519/1777/165 1506/1772/165 1442/1775/165 1457/1778/165
f 1515/1793/165 1505/1788/165 1441/1791/165 1453/1794/165
f 1517/1785/165 1504/1780/165 1440/1783/165 1455/1786/165
f 1487/1816/172 1489/1800/172 1439/1803/172 1435/1817/172
f 1501/1818/171 1503/1804/171 1438/1807/171 1434/1819/171
f 1511/1813/170 1502/1820/170 1437/1821/170 1447/1814/170
f 1490/1809/169 1488/1822/169 1436/1823/169 1448/1810/169
f 1488/1822/168 1487/1816/168 1435/1817/168 1436/1823/168
f 1502/1820/167 1501/1818/167 1434/1819/167 1437/1821/167
f 1514/1824/166 1492/1825/166 1431/1826/166 1452/1827/166
f 1522/1765/165 1493/1812/165 1432/1815/165 1460/1766/165
f 1512/1805/163 1500/1768/163 1433/1771/163 1449/1806/163
f 1491/1801/161 1485/1828/161 1431/1829/161 1450/1802/161
f 1610/1830/161 1604/1831/161 1485/1828/161 1491/1801/161
f 1607/1832/168 1606/1833/168 1487/1816/168 1488/1822/168
f 1609/1834/169 1607/1832/169 1488/1822/169 1490/1809/169
f 1606/1833/172 1608/1835/172 1489/1800/172 1487/1816/172
f 1567/1836/169 1609/1834/169 1490/1809/169 1461/1808/169
f 1608/1835/161 1610/1830/161 1491/1801/161 1489/1800/161
f 1446/1767/165 1460/1766/165 1484/1837/165 1472/1838/165
f 1433/1771/166 1459/1770/166 1483/1839/166 1462/1840/166
f 1442/1775/165 1458/1774/165 1482/1841/165 1468/1842/165
f 1445/1779/165 1457/1778/165 1481/1843/165 1471/1844/165
f 1440/1783/165 1456/1782/165 1480/1845/165 1466/1846/165
f 1444/1787/165 1455/1786/165 1479/1847/165 1470/1848/165
f 1441/1791/165 1454/1790/165 1478/1849/165 1467/1850/165
f 1443/1795/165 1453/1794/165 1477/1851/165 1469/1852/165
f 1579/1533/215 1590/1532/215 1679/1853/215 1674/1854/215
f 1430/1799/165 1451/1798/165 1475/1855/165 1461/1856/165
f 1438/1807/163 1449/1806/163 1474/1857/163 1465/1858/163
f 1432/1815/170 1447/1814/170 1473/1859/170 1486/1860/170
f 1458/1774/165 1446/1767/165 1472/1838/165 1482/1841/165
f 1553/1861/216 1542/1862/216 1659/1863/216 1664/1864/216
f 1593/1468/217 1580/1545/217 1675/1865/217 1680/1866/217
f 1456/1782/165 1445/1779/165 1471/1844/165 1480/1845/165
f 1454/1790/165 1444/1787/165 1470/1848/165 1478/1849/165
f 1543/1867/218 1556/1868/218 1665/1869/218 1660/1870/218
f 1580/1545/219 1594/1544/219 1681/1871/219 1675/1865/219
f 1451/1798/165 1443/1795/165 1469/1852/165 1475/1855/165
f 1457/1778/165 1442/1775/165 1468/1842/165 1481/1843/165
f 1557/1872/220 1543/1867/220 1660/1870/220 1666/1873/220
f 1594/1544/221 1572/1425/221 1671/1874/221 1681/1871/221
f 1453/1794/165 1441/1791/165 1467/1850/165 1477/1851/165
f 1455/1786/165 1440/1783/165 1466/1846/165 1479/1847/165
f 1535/1875/222 1557/1872/222 1666/1873/222 1656/1876/222
f 1434/1819/171 1438/1807/171 1465/1858/171 1463/1877/171
f 1447/1814/170 1437/1821/170 1464/1878/170 1473/1859/170
f 1437/1821/167 1434/1819/167 1463/1877/167 1464/1878/167
f 1452/1827/166 1431/1826/166 1485/1879/166 1476/1880/166
f 1460/1766/165 1432/1815/165 1486/1860/165 1484/1837/165
f 1449/1806/163 1433/1771/163 1462/1840/163 1474/1857/163
f 1550/1881/163 1531/1882/163 1500/1768/163 1512/1805/163
f 1566/1883/165 1524/1884/165 1493/1812/165 1522/1765/165
f 1552/1885/166 1523/1886/166 1492/1825/166 1514/1824/166
f 1533/1887/167 1532/1888/167 1501/1818/167 1502/1820/167
f 1549/1889/170 1533/1887/170 1502/1820/170 1511/1813/170
f 1532/1888/171 1534/1890/171 1503/1804/171 1501/1818/171
f 1583/1580/223 1598/1579/223 1683/1891/223 1676/1892/223
f 1558/1893/165 1536/1894/165 1504/1780/165 1517/1785/165
f 1554/1895/165 1537/1896/165 1505/1788/165 1515/1793/165
f 1561/1897/224 1546/1898/224 1661/1899/224 1668/1900/224
f 1597/1424/225 1583/1580/225 1676/1892/225 1682/1901/225
f 1562/1902/165 1540/1903/165 1506/1772/165 1519/1777/165
f 1551/1904/165 1541/1905/165 1507/1792/165 1513/1797/165
f 1546/1898/226 1560/1906/226 1667/1907/226 1661/1899/226
f 1584/1599/227 1602/1598/227 1685/1908/227 1677/1909/227
f 1555/1910/165 1544/1911/165 1508/1784/165 1516/1789/165
f 1559/1912/165 1545/1913/165 1509/1776/165 1518/1781/165
f 1565/1914/228 1547/1915/228 1662/1916/228 1670/1917/228
f 1598/1579/229 1576/1481/229 1673/1918/229 1683/1891/229
f 1563/1919/165 1548/1920/165 1510/1764/165 1520/1773/165
f 1524/1884/170 1549/1889/170 1511/1813/170 1493/1812/170
f 1534/1890/163 1550/1881/163 1512/1805/163 1503/1804/163
f 1530/1921/165 1551/1904/165 1513/1797/165 1499/1796/165
f 1539/1922/230 1561/1897/230 1668/1900/230 1658/1923/230
f 1572/1425/231 1597/1424/231 1682/1901/231 1671/1874/231
f 1541/1905/165 1554/1895/165 1515/1793/165 1507/1792/165
f 1537/1896/165 1555/1910/165 1516/1789/165 1505/1788/165
f 1552/1885/232 1514/1824/232 1625/1924/232 1663/1925/232
f 1560/1906/233 1535/1875/233 1656/1876/233 1667/1907/233
f 1544/1911/165 1558/1893/165 1517/1785/165 1508/1784/165
f 1536/1894/165 1559/1912/165 1518/1781/165 1504/1780/165
f 1521/1769/234 1565/1914/234 1670/1917/234 1639/1926/234
f 1452/1827/235 1476/1880/235 1648/1927/235 1626/1928/235
f 1545/1913/165 1562/1902/165 1519/1777/165 1509/1776/165
f 1540/1903/165 1563/1919/165 1520/1773/165 1506/1772/165
f 1483/1839/236 1459/1770/236 1640/1929/236 1655/1930/236
f 1531/1882/166 1565/1914/166 1521/1769/166 1500/1768/166
f 1548/1920/165 1566/1883/165 1522/1765/165 1510/1764/165
f 1439/1803/161 1450/1802/161 1498/1931/161 1496/1932/161
f 1430/1811/169 1448/1810/169 1497/1933/169 1499/1934/169
f 1435/1817/172 1439/1803/172 1496/1932/172 1494/1935/172
f 1448/1810/169 1436/1823/169 1495/1936/169 1497/1933/169
f 1436/1823/168 1435/1817/168 1494/1935/168 1495/1936/168
f 1450/1802/161 1431/1829/161 1492/1937/161 1498/1931/161
f 1163/1938/165 1301/1939/165 1566/1883/165 1548/1920/165
f 1103/1358/166 1296/1940/166 1565/1914/166 1531/1882/166
f 1161/1941/166 1287/1942/166 1564/1943/166 1547/1915/166
f 1141/1944/165 1282/1945/165 1563/1919/165 1540/1903/165
f 1157/1946/165 1273/1947/165 1562/1902/165 1545/1913/165
f 1136/1948/166 1268/1949/166 1561/1897/166 1539/1922/166
f 1159/1950/166 1259/1951/166 1560/1906/166 1546/1898/166
f 1116/1952/165 1254/1953/165 1559/1912/165 1536/1894/165
f 1155/1954/165 1245/1955/165 1558/1893/165 1544/1911/165
f 1117/1956/166 1240/1957/166 1557/1872/166 1535/1875/166
f 1153/1958/166 1231/1959/166 1556/1868/166 1543/1867/166
f 1126/1960/165 1226/1961/165 1555/1910/165 1537/1896/165
f 1146/1962/165 1217/1963/165 1554/1895/165 1541/1905/165
f 1131/1964/166 1215/1965/166 1553/1861/166 1538/1966/166
f 1148/1967/166 1206/1968/166 1552/1885/166 1542/1862/166
f 1098/1969/165 1201/1970/165 1551/1904/165 1530/1921/165
f 1114/1405/163 1185/1359/163 1550/1881/163 1534/1890/163
f 1102/1659/170 1166/1395/170 1549/1889/170 1524/1884/170
f 1282/1945/165 1163/1938/165 1548/1920/165 1563/1919/165
f 1296/1940/166 1161/1941/166 1547/1915/166 1565/1914/166
f 1268/1949/166 1159/1950/166 1546/1898/166 1561/1897/166
f 1254/1953/165 1157/1946/165 1545/1913/165 1559/1912/165
f 1226/1961/165 1155/1954/165 1544/1911/165 1555/1910/165
f 1240/1957/166 1153/1958/166 1543/1867/166 1557/1872/166
f 1215/1965/166 1148/1967/166 1542/1862/166 1553/1861/166
f 1201/1970/165 1146/1962/165 1541/1905/165 1551/1904/165
f 1273/1947/165 1141/1944/165 1540/1903/165 1562/1902/165
f 1287/1942/166 1136/1948/166 1539/1922/166 1564/1943/166
f 1231/1959/166 1131/1964/166 1538/1966/166 1556/1868/166
f 1217/1963/165 1126/1960/165 1537/1896/165 1554/1895/165
f 1245/1955/165 1116/1952/165 1536/1894/165 1558/1893/165
f 1259/1951/166 1117/1956/166 1535/1875/166 1560/1906/166
f 1106/1386/171 1114/1405/171 1534/1890/171 1532/1888/171
f 1166/1395/170 1109/1387/170 1533/1887/170 1549/1889/170
f 1109/1387/167 1106/1386/167 1532/1888/167 1533/1887/167
f 1206/1968/166 1099/1971/166 1523/1886/166 1552/1885/166
f 1301/1939/165 1102/1659/165 1524/1884/165 1566/1883/165
f 1185/1359/163 1103/1358/163 1531/1882/163 1550/1881/163
f 1496/1932/161 1498/1931/161 1529/1352/161 1527/1406/161
f 1499/1934/169 1497/1933/169 1528/1392/169 1530/1660/169
f 1494/1935/172 1496/1932/172 1527/1406/172 1525/1389/172
f 1497/1933/169 1495/1936/169 1526/1388/169 1528/1392/169
f 1495/1936/168 1494/1935/168 1525/1389/168 1526/1388/168
f 1498/1931/161 1492/1937/161 1523/1353/161 1529/1352/161
f 1112/1972/161 1183/1973/161 1610/1830/161 1608/1835/161
f 1096/1974/169 1168/1975/169 1609/1834/169 1567/1836/169
f 1104/1976/172 1112/1972/172 1608/1835/172 1606/1833/172
f 1168/1975/169 1111/1977/169 1607/1832/169 1609/1834/169
f 1111/1977/168 1104/1976/168 1606/1833/168 1607/1832/168
f 1183/1973/161 1097/1978/161 1604/1831/161 1610/1830/161
f 1472/1838/165 1484/1837/165 1603/1368/165 1585/1611/165
f 1462/1840/166 1483/1839/166 1602/1598/166 1568/1361/166
f 1514/1824/237 1452/1827/237 1626/1928/237 1625/1924/237
f 1468/1842/165 1482/1841/165 1600/1610/165 1577/1501/165
f 1471/1844/165 1481/1843/165 1599/1500/165 1582/1567/165
f 1601/1480/238 1584/1599/238 1677/1909/238 1684/1979/238
f 1459/1770/239 1521/1769/239 1639/1926/239 1640/1929/239
f 1466/1846/165 1480/1845/165 1596/1566/165 1573/1429/165
f 1470/1848/165 1479/1847/165 1595/1428/165 1581/1558/165
f 1547/1915/240 1564/1943/240 1669/1980/240 1662/1916/240
f 1575/1469/241 1593/1468/241 1680/1866/241 1672/1981/241
f 1467/1850/165 1478/1849/165 1592/1557/165 1574/1445/165
f 1469/1852/165 1477/1851/165 1591/1444/165 1578/1516/165
f 1556/1868/242 1538/1966/242 1657/1982/242 1665/1869/242
f 1589/1372/243 1579/1533/243 1674/1854/243 1678/1983/243
f 1461/1856/165 1475/1855/165 1588/1515/165 1567/1676/165
f 1465/1858/163 1474/1857/163 1587/1360/163 1571/1402/163
f 1486/1860/170 1473/1859/170 1586/1396/170 1605/1369/170
f 1482/1841/165 1472/1838/165 1585/1611/165 1600/1610/165
f 1542/1862/244 1552/1885/244 1663/1925/244 1659/1863/244
f 1576/1481/245 1601/1480/245 1684/1979/245 1673/1918/245
f 1480/1845/165 1471/1844/165 1582/1567/165 1596/1566/165
f 1478/1849/165 1470/1848/165 1581/1558/165 1592/1557/165
f 1564/1943/246 1539/1922/246 1658/1923/246 1669/1980/246
f 1590/1532/247 1575/1469/247 1672/1981/247 1679/1853/247
f 1475/1855/165 1469/1852/165 1578/1516/165 1588/1515/165
f 1481/1843/165 1468/1842/165 1577/1501/165 1599/1500/165
f 1538/1966/248 1553/1861/248 1664/1864/248 1657/1982/248
f 1476/1880/249 1589/1372/249 1678/1983/249 1648/1927/249
f 1477/1851/165 1467/1850/165 1574/1445/165 1591/1444/165
f 1479/1847/165 1466/1846/165 1573/1429/165 1595/1428/165
f 1602/1598/250 1483/1839/250 1655/1930/250 1685/1908/250
f 1463/1877/171 1465/1858/171 1571/1402/171 1569/1381/171
f 1473/1859/170 1464/1878/170 1570/1380/170 1586/1396/170
f 1464/1878/167 1463/1877/167 1569/1381/167 1570/1380/167
f 1476/1880/166 1485/1879/166 1604/1373/166 1589/1372/166
f 1484/1837/165 1486/1860/165 1605/1369/165 1603/1368/165
f 1474/1857/163 1462/1840/163 1568/1361/163 1587/1360/163
f 1623/1984/251 1637/1985/251 1638/1986/251 1624/1987/251
f 1615/1988/251 1635/1989/251 1636/1990/251 1616/1991/251
f 1621/1992/251 1633/1993/251 1634/1994/251 1622/1995/251
f 1611/1996/251 1631/1997/251 1632/1998/251 1612/1999/251
f 1619/2000/251 1629/2001/251 1630/2002/251 1620/2003/251
f 1613/2004/251 1627/2005/251 1628/2006/251 1614/2007/251
f 1617/2008/251 1625/1924/251 1626/1928/251 1618/2009/251
f 1639/1926/251 1623/1984/251 1624/1987/251 1640/1929/251
f 1635/1989/251 1621/1992/251 1622/1995/251 1636/1990/251
f 1631/1997/251 1619/2000/251 1620/2003/251 1632/1998/251
f 1627/2005/251 1617/2008/251 1618/2009/251 1628/2006/251
f 1637/1985/251 1615/1988/251 1616/1991/251 1638/1986/251
f 1629/2001/251 1613/2004/251 1614/2007/251 1630/2002/251
f 1633/1993/251 1611/1996/251 1612/1999/251 1634/1994/251
f 1624/1987/251 1638/1986/251 1654/2010/251 1647/2011/251
f 1616/1991/251 1636/1990/251 1653/2012/251 1643/2013/251
f 1622/1995/251 1634/1994/251 1652/2014/251 1646/2015/251
f 1612/1999/251 1632/1998/251 1651/2016/251 1641/2017/251
f 1620/2003/251 1630/2002/251 1650/2018/251 1645/2019/251
f 1614/2007/251 1628/2006/251 1649/2020/251 1642/2021/251
f 1618/2009/251 1626/1928/251 1648/1927/251 1644/2022/251
f 1640/1929/251 1624/1987/251 1647/2011/251 1655/1930/251
f 1636/1990/251 1622/1995/251 1646/2015/251 1653/2012/251
f 1632/1998/251 1620/2003/251 1645/2019/251 1651/2016/251
f 1628/2006/251 1618/2009/251 1644/2022/251 1649/2020/251
f 1638/1986/251 1616/1991/251 1643/2013/251 1654/2010/251
f 1630/2002/251 1614/2007/251 1642/2021/251 1650/2018/251
f 1634/1994/251 1612/1999/251 1641/2017/251 1652/2014/251
f 1667/1907/251 1656/1876/251 1611/1996/251 1633/1993/251
f 1665/1869/251 1657/1982/251 1613/2004/251 1629/2001/251
f 1669/1980/251 1658/1923/251 1615/1988/251 1637/1985/251
f 1664/1864/252 1659/1863/252 1617/2008/252 1627/2005/252
f 1666/1873/251 1660/1870/251 1619/2000/251 1631/1997/251
f 1668/1900/251 1661/1899/251 1621/1992/251 1635/1989/251
f 1670/1917/251 1662/1916/251 1623/1984/251 1639/1926/251
f 1659/1863/251 1663/1925/251 1625/1924/251 1617/2008/251
f 1657/1982/251 1664/1864/251 1627/2005/251 1613/2004/251
f 1660/1870/251 1665/1869/251 1629/2001/251 1619/2000/251
f 1656/1876/251 1666/1873/251 1631/1997/251 1611/1996/251
f 1661/1899/251 1667/1907/251 1633/1993/251 1621/1992/251
f 1658/1923/251 1668/1900/251 1635/1989/251 1615/1988/251
f 1662/1916/251 1669/1980/251 1637/1985/251 1623/1984/251
f 1647/2011/251 1654/2010/251 1684/1979/251 1677/1909/251
f 1643/2013/251 1653/2012/251 1683/1891/251 1673/1918/251
f 1646/2015/251 1652/2014/251 1682/1901/251 1676/1892/251
f 1641/2017/251 1651/2016/251 1681/1871/251 1671/1874/251
f 1645/2019/251 1650/2018/251 1680/1866/251 1675/1865/251
f 1642/2021/251 1649/2020/251 1679/1853/251 1672/1981/251
f 1644/2022/251 1648/1927/251 1678/1983/251 1674/1854/251
f 1655/1930/251 1647/2011/251 1677/1909/251 1685/1908/251
f 1653/2012/251 1646/2015/251 1676/1892/251 1683/1891/251
f 1651/2016/251 1645/2019/251 1675/1865/251 1681/1871/251
f 1649/2020/251 1644/2022/251 1674/1854/251 1679/1853/251
f 1654/2010/251 1643/2013/251 1673/1918/251 1684/1979/251
f 1650/2018/251 1642/2021/251 1672/1981/251 1680/1866/251
f 1652/2014/251 1641/2017/251 1671/1874/251 1682/1901/251
